sample,Day,sample_id,Crop,Treatment,Addition,CO2_flux_ug_g_d,cum_CO2_flux_ug_g
1,5,4,Corn,0N,Control,27.6819591995569,138.409795997785
2,5,4,Corn,0N,Carbon,33.1976842763904,165.988421381952
3,5,4,Corn,0N,Nitrogen,33.9314429614407,169.657214807204
4,5,4,Corn,112N,Control,26.3609547418452,131.804773709226
5,5,4,Corn,112N,Carbon,26.8768250172336,134.384125086168
6,5,4,Corn,112N,Nitrogen,23.1130712375432,115.565356187716
7,5,4,Corn,0N,Control,16.1603029450309,80.8015147251547
8,5,4,Corn,0N,Carbon,20.3472206269804,101.736103134902
9,5,4,Corn,0N,Nitrogen,13.5187106762623,67.5935533813113
10,5,4,Corn,112N,Control,25.5154933844871,127.577466922435
11,5,4,Corn,112N,Carbon,29.5005748643835,147.502874321917
12,5,4,Corn,112N,Nitrogen,24.3219377767116,121.609688883558
13,5,4,Corn,336N,Control,13.492725794752,67.4636289737598
14,5,4,Corn,336N,Carbon,23.2196457097231,116.098228548616
15,5,4,Corn,336N,Nitrogen,13.2651393760073,66.3256968800365
16,5,4,Corn,336N,Control,13.4242438544373,67.1212192721864
17,5,4,Corn,336N,Carbon,24.1235523453158,120.617761726579
18,5,4,Corn,336N,Nitrogen,12.0289246393766,60.1446231968831
19,5,4,Corn,112N,Control,15.9179865039646,79.5899325198232
20,5,4,Corn,112N,Carbon,22.2607910809114,111.303955404557
21,5,4,Corn,112N,Nitrogen,10.8918017855033,54.4590089275165
22,5,4,Corn,336N,Control,22.7688726579655,113.844363289828
23,5,4,Corn,336N,Carbon,29.6382958027074,148.191479013537
24,5,4,Corn,336N,Nitrogen,21.6302910741356,108.151455370678
25,5,4,Corn,336N,Control,24.8762466406891,124.381233203446
26,5,4,Corn,336N,Carbon,31.2557096753911,156.278548376955
27,5,4,Corn,336N,Nitrogen,23.6101294274372,118.050647137186
28,5,4,Corn,0N,Control,26.9727571072868,134.863785536434
29,5,4,Corn,0N,Carbon,21.560254671306,107.80127335653
30,5,4,Corn,0N,Nitrogen,23.4509620166079,117.25481008304
31,5,4,Corn,112N,Control,18.7476765875283,93.7383829376415
32,5,4,Corn,112N,Carbon,26.032336600314,130.16168300157
33,5,4,Corn,112N,Nitrogen,15.8713142327823,79.3565711639117
34,5,4,Corn,0N,Control,26.3226235921768,131.613117960884
35,5,4,Corn,0N,Carbon,27.8751188861077,139.375594430538
36,5,4,Corn,0N,Nitrogen,21.3222150365786,106.611075182893
37,5,4,Miscanthus,336N,Control,31.9483836601262,159.741918300631
38,5,4,Miscanthus,336N,Carbon,39.6638838303062,198.319419151531
39,5,4,Miscanthus,336N,Nitrogen,27.0782128413192,135.391064206596
40,5,4,Miscanthus,112N,Control,15.3158948283783,76.5794741418916
41,5,4,Miscanthus,112N,Carbon,34.3454045141208,171.727022570604
42,5,4,Miscanthus,112N,Nitrogen,25.7059084585387,128.529542292694
43,5,4,Miscanthus,336N,Control,10.0432312169891,50.2161560849456
44,5,4,Miscanthus,336N,Carbon,19.504105370452,97.5205268522602
45,5,4,Miscanthus,336N,Nitrogen,7.83729838420303,39.1864919210151
46,5,4,Miscanthus,112N,Control,8.24500913268625,41.2250456634313
47,5,4,Miscanthus,112N,Carbon,18.1676450818888,90.8382254094442
48,5,4,Miscanthus,112N,Nitrogen,7.26796514526848,36.3398257263424
49,5,4,Miscanthus,0N,Control,30.5682679606562,152.841339803281
50,5,4,Miscanthus,0N,Carbon,34.9449562785253,174.724781392626
51,5,4,Miscanthus,0N,Nitrogen,27.275272800298,136.37636400149
52,5,4,Miscanthus,0N,Control,18.7399258343444,93.6996291717219
53,5,4,Miscanthus,0N,Carbon,25.5835880293801,127.917940146901
54,5,4,Miscanthus,0N,Nitrogen,18.1940014438531,90.9700072192657
55,5,4,Miscanthus,336N,Control,27.4710921452418,137.355460726209
56,5,4,Miscanthus,336N,Carbon,37.048844255868,185.24422127934
57,5,4,Miscanthus,336N,Nitrogen,25.3366760276774,126.683380138387
58,5,4,Miscanthus,112N,Control,15.3506427320109,76.7532136600547
59,5,4,Miscanthus,112N,Carbon,22.3405631914772,111.702815957386
60,5,4,Miscanthus,112N,Nitrogen,11.9873711786773,59.9368558933866
61,5,4,Miscanthus,0N,Control,29.0887844767859,145.44392238393
62,5,4,Miscanthus,0N,Carbon,34.9527418913702,174.763709456851
63,5,4,Miscanthus,0N,Nitrogen,27.9756003054561,139.87800152728
64,5,4,Miscanthus,336N,Control,14.0973400407715,70.4867002038577
65,5,4,Miscanthus,336N,Carbon,23.3947769298911,116.973884649456
66,5,4,Miscanthus,336N,Nitrogen,12.4622331796544,62.311165898272
67,5,4,Miscanthus,0N,Control,27.7257661906405,138.628830953202
68,5,4,Miscanthus,0N,Carbon,33.6112538885597,168.056269442799
69,5,4,Miscanthus,0N,Nitrogen,30.6993892974444,153.496946487222
70,5,4,Miscanthus,112N,Control,27.9280158106998,139.640079053499
71,5,4,Miscanthus,112N,Carbon,36.9433872252379,184.71693612619
72,5,4,Miscanthus,112N,Nitrogen,24.6347781353538,123.173890676769
1,10,6,Corn,0N,Control,25.9555225655093,268.187408825331
2,10,6,Corn,0N,Carbon,28.4243140200475,308.10999148219
3,10,6,Corn,0N,Nitrogen,26.6954447474361,303.134438544384
4,10,6,Corn,112N,Control,19.6661844107133,230.135695762793
5,10,6,Corn,112N,Carbon,21.2994116739569,240.881183455953
6,10,6,Corn,112N,Nitrogen,18.7669586832436,209.400149603934
7,10,6,Corn,0N,Control,16.8618650551776,165.110840001043
8,10,6,Corn,0N,Carbon,21.0697077174865,207.084641722335
9,10,6,Corn,0N,Nitrogen,14.5338854506065,140.262980634344
10,10,6,Corn,112N,Control,20.4429060653481,229.791997249176
11,10,6,Corn,112N,Carbon,22.2869292781878,258.937520712856
12,10,6,Corn,112N,Nitrogen,19.8303030298764,220.76120403294
13,10,6,Corn,336N,Control,14.9731261595367,142.329259771443
14,10,6,Corn,336N,Carbon,19.5254835446545,213.725646271888
15,10,6,Corn,336N,Nitrogen,14.428040693014,138.465900345106
16,10,6,Corn,336N,Control,13.7032000786989,135.637219665681
17,10,6,Corn,336N,Carbon,19.6076705067015,218.656114260086
18,10,6,Corn,336N,Nitrogen,9.25246278224437,106.406937108105
19,10,6,Corn,112N,Control,16.5823695332416,162.501780186031
20,10,6,Corn,112N,Carbon,18.5359571363198,203.983741086156
21,10,6,Corn,112N,Nitrogen,11.4438151568244,111.678084711639
22,10,6,Corn,336N,Control,18.5945579674842,206.817153127249
23,10,6,Corn,336N,Carbon,23.0231849797884,263.307403912479
24,10,6,Corn,336N,Nitrogen,18.2681513284699,199.492212013028
25,10,6,Corn,336N,Control,25.014520312184,249.453834764366
26,10,6,Corn,336N,Carbon,28.897183048392,300.764463618916
27,10,6,Corn,336N,Nitrogen,23.1092844934832,233.597069604602
28,10,6,Corn,0N,Control,26.0210279574735,264.968925323801
29,10,6,Corn,0N,Carbon,21.1620527796961,213.61153725501
30,10,6,Corn,0N,Nitrogen,21.9845162592276,227.177391379177
31,10,6,Corn,112N,Control,20.1426260675834,194.451513275559
32,10,6,Corn,112N,Carbon,22.0331169365392,240.327267684266
33,10,6,Corn,112N,Nitrogen,17.1131742136305,164.922442232064
34,10,6,Corn,0N,Control,25.8037742391769,260.631989156769
35,10,6,Corn,0N,Carbon,28.9482175948191,284.116682404634
36,10,6,Corn,0N,Nitrogen,22.4946515559387,219.084332962587
37,10,6,Miscanthus,336N,Control,32.5464305191029,322.474070896146
38,10,6,Miscanthus,336N,Carbon,34.4989749698303,370.814294000683
39,10,6,Miscanthus,336N,Nitrogen,28.5312522968239,278.047325690715
40,10,6,Miscanthus,112N,Control,26.0243142251312,206.701045267548
41,10,6,Miscanthus,112N,Carbon,31.1558557642197,327.506301391703
42,10,6,Miscanthus,112N,Nitrogen,25.6616298398366,256.837691491877
43,10,6,Miscanthus,336N,Control,10.6901477511578,103.666894840734
44,10,6,Miscanthus,336N,Carbon,16.1613150648946,178.327102176733
45,10,6,Miscanthus,336N,Nitrogen,8.50714265545745,81.7222051983024
46,10,6,Miscanthus,112N,Control,9.14789099672013,86.9645006470319
47,10,6,Miscanthus,112N,Carbon,17.0388003777979,176.032227298433
48,10,6,Miscanthus,112N,Nitrogen,8.21408265333784,77.4102389930316
49,10,6,Miscanthus,0N,Control,33.9006150821983,322.344415214272
50,10,6,Miscanthus,0N,Carbon,37.2870187976661,361.159875380957
51,10,6,Miscanthus,0N,Nitrogen,28.2197302326423,277.475015164701
52,10,6,Miscanthus,0N,Control,18.6934984365217,187.16712135433
53,10,6,Miscanthus,0N,Carbon,17.9113353203676,217.474616748739
54,10,6,Miscanthus,0N,Nitrogen,18.7859289089005,184.899651763768
55,10,6,Miscanthus,336N,Control,28.2679175261511,278.695048356964
56,10,6,Miscanthus,336N,Carbon,33.0883994747691,350.686218653186
57,10,6,Miscanthus,336N,Nitrogen,25.6409237847419,254.887999062096
58,10,6,Miscanthus,112N,Control,16.5366240799133,159.436334059621
59,10,6,Miscanthus,112N,Carbon,20.0130399786198,211.768015850485
60,10,6,Miscanthus,112N,Nitrogen,13.0464110060636,125.168910923705
61,10,6,Miscanthus,0N,Control,29.47220459152,292.80494534153
62,10,6,Miscanthus,0N,Carbon,31.6321774729869,332.924596821786
63,10,6,Miscanthus,0N,Nitrogen,27.3877286733492,276.816644894026
64,10,6,Miscanthus,336N,Control,14.4543775938963,142.758588173339
65,10,6,Miscanthus,336N,Carbon,20.4981161227934,219.464465263423
66,10,6,Miscanthus,336N,Nitrogen,12.987256955601,127.247450676277
67,10,6,Miscanthus,0N,Control,31.2092429358784,294.675045632594
68,10,6,Miscanthus,0N,Carbon,32.6087028053948,331.099783469773
69,10,6,Miscanthus,0N,Nitrogen,32.8715268311947,317.854580643196
70,10,6,Miscanthus,112N,Control,28.9026903390228,284.153530748613
71,10,6,Miscanthus,112N,Carbon,34.1688842706616,355.561357479498
72,10,6,Miscanthus,112N,Nitrogen,25.8481957504402,252.41486942897
1,16,8,Corn,0N,Control,28.8952083558885,441.558658960662
2,16,8,Corn,0N,Carbon,37.9971496591041,536.092889436814
3,16,8,Corn,0N,Nitrogen,29.1618469573605,478.105520288547
4,16,8,Corn,112N,Control,22.3399775192602,364.175560878354
5,16,8,Corn,112N,Carbon,26.8024412333416,401.695830856002
6,16,8,Corn,112N,Nitrogen,21.2320590931329,336.792504162731
7,16,8,Corn,0N,Control,16.0986448544122,261.702709127516
8,16,8,Corn,0N,Carbon,25.5397954323966,360.323414316715
9,16,8,Corn,0N,Nitrogen,13.752537119241,222.77820334979
10,16,8,Corn,112N,Control,23.581068614521,371.278408936302
11,16,8,Corn,112N,Carbon,27.1865942729838,422.057086350759
12,16,8,Corn,112N,Nitrogen,22.7885177102036,357.492310294162
13,16,8,Corn,336N,Control,13.5717534461798,223.759780448522
14,16,8,Corn,336N,Carbon,17.2773314381736,317.38963490093
15,16,8,Corn,336N,Nitrogen,12.6241548766277,214.210829604873
16,16,8,Corn,336N,Control,11.9832115766564,207.536489125619
17,16,8,Corn,336N,Carbon,16.2588845319635,316.209421451867
18,16,8,Corn,336N,Nitrogen,11.3725670229614,174.642339245873
19,16,8,Corn,112N,Control,15.0031603373813,252.520742210319
20,16,8,Corn,112N,Carbon,15.7246181912099,298.331450233415
21,16,8,Corn,112N,Nitrogen,11.9960410145395,183.654330798876
22,16,8,Corn,336N,Control,21.4942655460477,335.782746403535
23,16,8,Corn,336N,Carbon,26.5738412546957,422.750451440653
24,16,8,Corn,336N,Nitrogen,20.4212922391421,322.01996544788
25,16,8,Corn,336N,Control,21.2210525121131,376.780149837044
26,16,8,Corn,336N,Carbon,25.01646050955,450.863226676216
27,16,8,Corn,336N,Nitrogen,21.3444350045496,361.6636796319
28,16,8,Corn,0N,Control,22.4250796716635,399.519403353782
29,16,8,Corn,0N,Carbon,24.5243421315098,360.757590044069
30,16,8,Corn,0N,Nitrogen,19.9416102125994,346.827052654774
31,16,8,Corn,112N,Control,18.5455849333508,305.725022875663
32,16,8,Corn,112N,Carbon,19.7223145724801,358.661155119146
33,16,8,Corn,112N,Nitrogen,17.367091892873,269.124993589303
34,16,8,Corn,0N,Control,25.9418377296048,416.283015534397
35,16,8,Corn,0N,Carbon,30.5659287714342,467.512255033239
36,16,8,Corn,0N,Nitrogen,22.6098628612622,354.74351013016
37,16,8,Miscanthus,336N,Control,26.5306263056695,481.657828730163
38,16,8,Miscanthus,336N,Carbon,25.719601218294,525.131901310446
39,16,8,Miscanthus,336N,Nitrogen,26.2524842359996,435.562231106713
40,16,8,Miscanthus,112N,Control,22.1038540659497,339.324169663246
41,16,8,Miscanthus,112N,Carbon,26.1626084973915,484.481952376052
42,16,8,Miscanthus,112N,Nitrogen,24.566722419165,404.238026006867
43,16,8,Miscanthus,336N,Control,9.75760468655596,162.21252296007
44,16,8,Miscanthus,336N,Carbon,11.181633074801,245.416900625539
45,16,8,Miscanthus,336N,Nitrogen,6.72338330932825,122.062505054272
46,16,8,Miscanthus,112N,Control,7.92267728172193,134.500564337363
47,16,8,Miscanthus,112N,Carbon,14.533476877549,263.233088563727
48,16,8,Miscanthus,112N,Nitrogen,6.88937089189108,118.746464344378
49,16,8,Miscanthus,0N,Control,27.5152600799253,487.435975693824
50,16,8,Miscanthus,0N,Carbon,40.9052009191722,606.59108089599
51,16,8,Miscanthus,0N,Nitrogen,26.2028186492102,434.691927059963
52,16,8,Miscanthus,0N,Control,14.3553544573372,273.299248098353
53,16,8,Miscanthus,0N,Carbon,12.8036969983018,294.296798738549
54,16,8,Miscanthus,0N,Nitrogen,16.8583259731519,286.049607602679
55,16,8,Miscanthus,336N,Control,27.5168583947762,443.796198725621
56,16,8,Miscanthus,336N,Carbon,30.0573360347598,531.030234861745
57,16,8,Miscanthus,336N,Nitrogen,24.3348077774387,400.896845726728
58,16,8,Miscanthus,112N,Control,15.7648382060342,254.025363295827
59,16,8,Miscanthus,112N,Carbon,20.5246377002379,334.915842051912
60,16,8,Miscanthus,112N,Nitrogen,12.6573583438903,201.113060987046
61,16,8,Miscanthus,0N,Control,24.0161522200879,436.901858662057
62,16,8,Miscanthus,0N,Carbon,27.7765585072881,499.583947865515
63,16,8,Miscanthus,0N,Nitrogen,23.6155190002451,418.509758895497
64,16,8,Miscanthus,336N,Control,12.9446869556865,220.426709907458
65,16,8,Miscanthus,336N,Carbon,17.1699945086931,322.484432315581
66,16,8,Miscanthus,336N,Nitrogen,11.8614182431732,198.415960135316
67,16,8,Miscanthus,0N,Control,31.8476695008839,485.761062637898
68,16,8,Miscanthus,0N,Carbon,25.6578047905395,485.046612213009
69,16,8,Miscanthus,0N,Nitrogen,30.9801526509829,503.735496549093
70,16,8,Miscanthus,112N,Control,27.5959309444326,449.729116415209
71,16,8,Miscanthus,112N,Carbon,30.2744369265478,537.207979038785
72,16,8,Miscanthus,112N,Nitrogen,24.2488609380582,397.908035057319
1,24,10,Corn,0N,Control,34.2075675820718,715.219199617236
2,24,10,Corn,0N,Carbon,38.671487429132,845.46478886987
3,24,10,Corn,0N,Nitrogen,32.0316227759584,734.358502496214
4,24,10,Corn,112N,Control,23.0262614805459,548.385652722721
5,24,10,Corn,112N,Carbon,27.3377247427561,620.397628798051
6,24,10,Corn,112N,Nitrogen,19.044591407373,489.149235421715
7,24,10,Corn,0N,Control,15.7602896945163,387.785026683647
8,24,10,Corn,0N,Carbon,22.7644952880361,542.439376621003
9,24,10,Corn,0N,Nitrogen,14.0768533121023,335.393029846608
10,24,10,Corn,112N,Control,24.4562287410343,566.928238864576
11,24,10,Corn,112N,Carbon,27.6494755507989,643.252890757151
12,24,10,Corn,112N,Nitrogen,24.9081700132079,556.757670399825
13,24,10,Corn,336N,Control,10.6258504192372,308.76658380242
14,24,10,Corn,336N,Carbon,12.8047559519907,419.827682516856
15,24,10,Corn,336N,Nitrogen,10.9681571033138,301.956086431383
16,24,10,Corn,336N,Control,12.5712825283093,308.106749352094
17,24,10,Corn,336N,Carbon,16.0089566505758,444.281074656473
18,24,10,Corn,336N,Nitrogen,10.9343393420914,262.117053982604
19,24,10,Corn,112N,Control,12.2365488775708,350.413133230885
20,24,10,Corn,112N,Carbon,13.8682195243321,409.277206428072
21,24,10,Corn,112N,Nitrogen,4.76518743921844,221.775830312623
22,24,10,Corn,336N,Control,28.2363515079788,561.673558467366
23,24,10,Corn,336N,Carbon,35.6238711411857,707.741420570139
24,24,10,Corn,336N,Nitrogen,29.9892164488251,561.933697038481
25,24,10,Corn,336N,Control,32.6958060319069,638.346598092299
26,24,10,Corn,336N,Carbon,35.5914789720977,735.595058452997
27,24,10,Corn,336N,Nitrogen,29.2596205575092,595.740644091973
28,24,10,Corn,0N,Control,31.3585449667871,650.387763088079
29,24,10,Corn,0N,Carbon,33.6144817459791,629.673444011902
30,24,10,Corn,0N,Nitrogen,25.7619837187921,552.922922405111
31,24,10,Corn,112N,Control,17.7349874261776,447.604922285084
32,24,10,Corn,112N,Carbon,17.9140492506221,501.973549124123
33,24,10,Corn,112N,Nitrogen,15.0243571997125,389.319851187003
34,24,10,Corn,0N,Control,29.3020263669744,650.699226470193
35,24,10,Corn,0N,Carbon,32.827571058437,730.132823500735
36,24,10,Corn,0N,Nitrogen,24.6040852956246,551.576192495157
37,24,10,Miscanthus,336N,Control,37.9879298631954,785.561267635726
38,24,10,Miscanthus,336N,Carbon,33.0239957762763,789.323867520657
39,24,10,Miscanthus,336N,Nitrogen,34.4655256444908,711.28643626264
40,24,10,Miscanthus,112N,Control,30.5434007050187,583.671375303395
41,24,10,Miscanthus,112N,Carbon,35.0131654280785,764.58727580068
42,24,10,Miscanthus,112N,Nitrogen,29.2836115087772,638.506918077085
43,24,10,Miscanthus,336N,Control,9.54479413703809,238.570876056375
44,24,10,Miscanthus,336N,Carbon,9.95973238098467,325.094759673417
45,24,10,Miscanthus,336N,Nitrogen,6.27130806231279,172.232969552774
46,24,10,Miscanthus,112N,Control,8.0745958687242,199.097331287157
47,24,10,Miscanthus,112N,Carbon,14.7289212457495,381.064458529723
48,24,10,Miscanthus,112N,Nitrogen,7.85491934833407,181.585819131051
49,24,10,Miscanthus,0N,Control,35.7801495451341,773.677172054897
50,24,10,Miscanthus,0N,Carbon,40.4755329635938,930.395344604741
51,24,10,Miscanthus,0N,Nitrogen,31.7467902316125,688.666248912863
52,24,10,Miscanthus,0N,Control,14.5419785148615,389.635076217246
53,24,10,Miscanthus,0N,Carbon,15.0283379292191,414.523502172302
54,24,10,Miscanthus,0N,Nitrogen,14.320031442234,400.609859140551
55,24,10,Miscanthus,336N,Control,37.1496709326796,740.993566187058
56,24,10,Miscanthus,336N,Carbon,40.3022830717085,853.448499435413
57,24,10,Miscanthus,336N,Nitrogen,33.5802622593988,669.538943801919
58,24,10,Miscanthus,112N,Control,17.6695358677793,395.381650238061
59,24,10,Miscanthus,112N,Carbon,22.8647364043555,517.833733286756
60,24,10,Miscanthus,112N,Nitrogen,12.8698744727298,304.072056768885
61,24,10,Miscanthus,0N,Control,34.4142456735039,712.215824050088
62,24,10,Miscanthus,0N,Carbon,38.7098910948924,809.263076624654
63,24,10,Miscanthus,0N,Nitrogen,28.2660069076275,644.637814156516
64,24,10,Miscanthus,336N,Control,13.7937605895727,330.77679462404
65,24,10,Miscanthus,336N,Carbon,16.1262229345243,451.494215791775
66,24,10,Miscanthus,336N,Nitrogen,11.9338663600737,293.886891015906
67,24,10,Miscanthus,0N,Control,43.2161614248433,831.490354036644
68,24,10,Miscanthus,0N,Carbon,44.4526629542706,840.667915847174
69,24,10,Miscanthus,0N,Nitrogen,44.2089782567447,857.40732260305
70,24,10,Miscanthus,112N,Control,38.4432919127897,757.275451717526
71,24,10,Miscanthus,112N,Carbon,45.1417905834904,898.342303706708
72,24,10,Miscanthus,112N,Nitrogen,36.4539801545726,689.5398762939
1,31,12,Corn,0N,Control,41.3781325219954,1004.8661272712
2,31,12,Corn,0N,Carbon,44.7716195026553,1158.86612538846
3,31,12,Corn,0N,Nitrogen,38.1594018039584,1001.47431512392
4,31,12,Corn,112N,Control,30.0338485713609,758.622592722247
5,31,12,Corn,112N,Carbon,36.5769791299102,876.436482707423
6,31,12,Corn,112N,Nitrogen,17.6947351437733,613.012381428128
7,31,12,Corn,0N,Control,15.9968215788772,499.762777735787
8,31,12,Corn,0N,Carbon,22.9467933559114,703.066930112383
9,31,12,Corn,0N,Nitrogen,13.2921187239993,428.437860914603
10,31,12,Corn,112N,Control,30.4096376579849,779.795702470471
11,31,12,Corn,112N,Carbon,35.9756313761717,895.082310390353
12,31,12,Corn,112N,Nitrogen,30.9545507803087,773.439525861986
13,31,12,Corn,336N,Control,10.4361749358356,381.819808353269
14,31,12,Corn,336N,Carbon,13.7911063615576,516.365427047759
15,31,12,Corn,336N,Nitrogen,10.8118246347551,377.638858874669
16,31,12,Corn,336N,Control,13.1630144358391,400.247850402968
17,31,12,Corn,336N,Carbon,16.6170741084061,560.600593415316
18,31,12,Corn,336N,Nitrogen,10.6887837276563,336.938540076199
19,31,12,Corn,112N,Control,12.3602457066218,436.934853177238
20,31,12,Corn,112N,Carbon,14.9757247025118,514.107279345655
21,31,12,Corn,112N,Nitrogen,4.74035723052344,254.958330926287
22,31,12,Corn,336N,Control,27.6580786241421,755.28010883636
23,31,12,Corn,336N,Carbon,35.7230830032986,957.803001593229
24,31,12,Corn,336N,Nitrogen,31.684410053798,783.724567415067
25,31,12,Corn,336N,Control,30.3637615567058,850.89292898924
26,31,12,Corn,336N,Carbon,34.2600893080304,975.41568360921
27,31,12,Corn,336N,Nitrogen,27.7629494337074,790.081290127925
28,31,12,Corn,0N,Control,32.4595591942052,877.604677447515
29,31,12,Corn,0N,Carbon,34.1106442938588,868.447954068914
30,31,12,Corn,0N,Nitrogen,26.6108886799165,739.199143164526
31,31,12,Corn,112N,Control,17.3681849980689,569.182217271566
32,31,12,Corn,112N,Carbon,19.3693147653937,637.558752481879
33,31,12,Corn,112N,Nitrogen,14.6918628340391,492.162891025276
34,31,12,Corn,0N,Control,28.3233820381939,848.96290073755
35,31,12,Corn,0N,Carbon,29.5889413297436,937.25541280894
36,31,12,Corn,0N,Nitrogen,26.0731132689979,734.087985378142
37,31,12,Miscanthus,336N,Control,39.770867418981,1063.95733956859
38,31,12,Miscanthus,336N,Carbon,20.9896316208701,936.251288866748
39,31,12,Miscanthus,336N,Nitrogen,36.981698029464,970.158322468888
40,31,12,Miscanthus,112N,Control,31.8957072881044,806.941326320126
41,31,12,Miscanthus,112N,Carbon,32.0566533299258,988.98384911016
42,31,12,Miscanthus,112N,Nitrogen,29.7004034935817,846.409742532157
43,31,12,Miscanthus,336N,Control,7.98225949713932,294.44669253635
44,31,12,Miscanthus,336N,Carbon,9.22321178681016,389.657242181088
45,31,12,Miscanthus,336N,Nitrogen,5.99937654785786,214.228605387779
46,31,12,Miscanthus,112N,Control,8.10155010904498,255.808182050472
47,31,12,Miscanthus,112N,Carbon,15.0977051512744,486.748394588644
48,31,12,Miscanthus,112N,Nitrogen,8.23998495044577,239.265713784171
49,31,12,Miscanthus,0N,Control,30.4919833725059,987.121055662438
50,31,12,Miscanthus,0N,Carbon,35.2636588362289,1177.24095645834
51,31,12,Miscanthus,0N,Nitrogen,29.8853455013844,897.863667422554
52,31,12,Miscanthus,0N,Control,16.0430846959927,501.936669089194
53,31,12,Miscanthus,0N,Carbon,17.1539282071244,534.600999622173
54,31,12,Miscanthus,0N,Nitrogen,13.0850293347734,492.205064483965
55,31,12,Miscanthus,336N,Control,37.7124752465694,1004.98089291304
56,31,12,Miscanthus,336N,Carbon,41.5408144763022,1144.23420076953
57,31,12,Miscanthus,336N,Nitrogen,30.9243028189736,886.009063534734
58,31,12,Miscanthus,112N,Control,18.8878498220611,527.596598992488
59,31,12,Miscanthus,112N,Carbon,22.4055141412172,674.672332275276
60,31,12,Miscanthus,112N,Nitrogen,13.5665868613479,399.03816479832
61,31,12,Miscanthus,0N,Control,33.5374394733781,946.977900363735
62,31,12,Miscanthus,0N,Carbon,37.5932782870267,1072.41602463384
63,31,12,Miscanthus,0N,Nitrogen,30.7043505115915,859.568267737657
64,31,12,Miscanthus,336N,Control,13.1484789567906,422.816147321574
65,31,12,Miscanthus,336N,Carbon,15.3868226714541,559.201974491954
66,31,12,Miscanthus,336N,Nitrogen,11.0168098758037,371.004560146532
67,31,12,Miscanthus,0N,Control,45.6419379198938,1150.9839194759
68,31,12,Miscanthus,0N,Carbon,46.5654098144219,1166.62578454813
69,31,12,Miscanthus,0N,Nitrogen,45.2162181747273,1173.92084982614
70,31,12,Miscanthus,112N,Control,37.9400371067284,1022.85571146463
71,31,12,Miscanthus,112N,Carbon,46.5735561629278,1224.3571968472
72,31,12,Miscanthus,112N,Nitrogen,39.1692306174963,963.724490616374
1,38,14,Corn,0N,Control,27.4408854504746,1196.95232542453
2,38,14,Corn,0N,Carbon,38.6606423653876,1429.49062194617
3,38,14,Corn,0N,Nitrogen,28.3012824253646,1199.58329210148
4,38,14,Corn,112N,Control,21.6422751999055,910.118519121586
5,38,14,Corn,112N,Carbon,28.2199811005522,1073.97635041129
6,38,14,Corn,112N,Nitrogen,17.3597138980194,734.530378714264
7,38,14,Corn,0N,Control,13.4766666250931,594.099444111439
8,38,14,Corn,0N,Carbon,17.5802855853595,826.128929209899
9,38,14,Corn,0N,Nitrogen,12.6499418847337,516.987454107738
10,38,14,Corn,112N,Control,22.4554120725941,936.98358697863
11,38,14,Corn,112N,Carbon,32.9188684482783,1125.5143895283
12,38,14,Corn,112N,Nitrogen,24.6943343666657,946.299866428645
13,38,14,Corn,336N,Control,10.7380308803953,456.986024516036
14,38,14,Corn,336N,Carbon,11.5794850365627,597.421822303698
15,38,14,Corn,336N,Nitrogen,10.6761020766346,452.371573411112
16,38,14,Corn,336N,Control,11.5977891977848,481.432374787461
17,38,14,Corn,336N,Carbon,14.8493862157837,664.546296925802
18,38,14,Corn,336N,Nitrogen,8.69630129909746,397.812649169881
19,38,14,Corn,112N,Control,11.0613281774188,514.364150419169
20,38,14,Corn,112N,Carbon,15.6135447815621,623.40209281659
21,38,14,Corn,112N,Nitrogen,4.24576531580847,284.678688136947
22,38,14,Corn,336N,Control,21.9283046477342,908.7782413705
23,38,14,Corn,336N,Carbon,27.1773142332169,1148.04420122575
24,38,14,Corn,336N,Nitrogen,23.4970135822229,948.203662490627
25,38,14,Corn,336N,Control,21.7496250683415,1003.14030446763
26,38,14,Corn,336N,Carbon,28.4049679558487,1174.25045930015
27,38,14,Corn,336N,Nitrogen,24.0959050460502,958.752625450277
28,38,14,Corn,0N,Control,26.9139311180285,1066.00219527371
29,38,14,Corn,0N,Carbon,35.1144475717809,1114.24908707138
30,38,14,Corn,0N,Nitrogen,25.523370122519,917.86273402216
31,38,14,Corn,112N,Control,15.0923196726939,674.828454980424
32,38,14,Corn,112N,Carbon,17.4237722962774,759.525158555821
33,38,14,Corn,112N,Nitrogen,13.3015270234211,585.273580189224
34,38,14,Corn,0N,Control,23.1372364330437,1010.92355576886
35,38,14,Corn,0N,Carbon,23.825686642454,1104.03521930612
36,38,14,Corn,0N,Nitrogen,22.7082616135173,893.045816672763
37,38,14,Miscanthus,336N,Control,32.6319356678704,1292.38088924369
38,38,14,Miscanthus,336N,Carbon,22.8606564743514,1096.27588418721
39,38,14,Miscanthus,336N,Nitrogen,23.7734450185201,1136.57243759853
40,38,14,Miscanthus,112N,Control,22.6592741795303,965.556245576838
41,38,14,Miscanthus,112N,Carbon,26.1515352703397,1172.04459600254
42,38,14,Miscanthus,112N,Nitrogen,23.7320883057748,1012.53436067258
43,38,14,Miscanthus,336N,Control,6.28571562394608,338.446701903973
44,38,14,Miscanthus,336N,Carbon,8.60449315856888,449.88869429107
45,38,14,Miscanthus,336N,Nitrogen,5.55958383561812,253.145692237106
46,38,14,Miscanthus,112N,Control,6.63219971984209,302.233580089367
47,38,14,Miscanthus,112N,Carbon,12.1072733706931,571.499308183496
48,38,14,Miscanthus,112N,Nitrogen,7.18476058475251,289.559037877439
49,38,14,Miscanthus,0N,Control,23.2038927087071,1149.54830462339
50,38,14,Miscanthus,0N,Carbon,26.8052652540179,1364.87781323647
51,38,14,Miscanthus,0N,Nitrogen,25.2464378603763,1074.58873244519
52,38,14,Miscanthus,0N,Control,16.9857976789405,620.837252841778
53,38,14,Miscanthus,0N,Carbon,19.4890542607454,671.024379447391
54,38,14,Miscanthus,0N,Nitrogen,10.9524222651074,568.872020339717
55,38,14,Miscanthus,336N,Control,26.8990103947386,1193.27396567621
56,38,14,Miscanthus,336N,Carbon,28.7023425153501,1345.15059837698
57,38,14,Miscanthus,336N,Nitrogen,23.3748335007631,1049.63289804008
58,38,14,Miscanthus,112N,Control,17.1851274868855,647.892491400687
59,38,14,Miscanthus,112N,Carbon,18.7816100236002,806.143602440478
60,38,14,Miscanthus,112N,Nitrogen,12.5354906354822,486.786599246696
61,38,14,Miscanthus,0N,Control,24.9446525206028,1121.59046800795
62,38,14,Miscanthus,0N,Carbon,33.0810944460955,1303.98368575651
63,38,14,Miscanthus,0N,Nitrogen,22.7270854984402,1018.65786622674
64,38,14,Miscanthus,336N,Control,11.9185321835883,506.245872606692
65,38,14,Miscanthus,336N,Carbon,13.500077819741,653.702519230141
66,38,14,Miscanthus,336N,Nitrogen,9.8372085492413,439.865019991221
67,38,14,Miscanthus,0N,Control,36.5613621338315,1406.91345441272
68,38,14,Miscanthus,0N,Carbon,36.3013528316453,1420.73525436964
69,38,14,Miscanthus,0N,Nitrogen,35.3855381083688,1421.61961658472
70,38,14,Miscanthus,112N,Control,28.7443724806879,1224.06631882944
71,38,14,Miscanthus,112N,Carbon,35.5991439201274,1473.55120428809
72,38,14,Miscanthus,112N,Nitrogen,31.8148603309746,1186.4285129332
1,47,16,Corn,0N,Control,22.8011026448854,1402.16224922849
2,47,16,Corn,0N,Carbon,39.5124654559958,1785.10281105013
3,47,16,Corn,0N,Nitrogen,35.5844172547649,1519.84304739436
4,47,16,Corn,112N,Control,24.5546042955152,1131.10995778122
5,47,16,Corn,112N,Carbon,32.2405798352319,1364.14156892837
6,47,16,Corn,112N,Nitrogen,17.308932948452,890.310775250332
7,47,16,Corn,0N,Control,13.7938266104398,718.243883605397
8,47,16,Corn,0N,Carbon,14.6296521996571,957.795799006813
9,47,16,Corn,0N,Nitrogen,11.5498702874436,620.936286694731
10,47,16,Corn,112N,Control,26.3895573376979,1174.48960301791
11,47,16,Corn,112N,Carbon,28.5479319221836,1382.44577682795
12,47,16,Corn,112N,Nitrogen,27.9182714112903,1197.56430913026
13,47,16,Corn,336N,Control,10.2053973829606,548.834600962681
14,47,16,Corn,336N,Carbon,10.3829868385229,690.868703850404
15,47,16,Corn,336N,Nitrogen,11.3011093493219,554.081557555009
16,47,16,Corn,336N,Control,8.44271373643481,557.416798415374
17,47,16,Corn,336N,Carbon,14.4744591225267,794.816429028542
18,47,16,Corn,336N,Nitrogen,8.91712628503797,478.066785735222
19,47,16,Corn,112N,Control,10.5958825805327,609.727093643964
20,47,16,Corn,112N,Carbon,20.155724088258,804.803609610912
21,47,16,Corn,112N,Nitrogen,1.97733614910656,302.474713478906
22,47,16,Corn,336N,Control,15.6973990192143,1050.05483254343
23,47,16,Corn,336N,Carbon,32.169528671523,1437.56995926945
24,47,16,Corn,336N,Nitrogen,26.17111322548,1183.74368151995
25,47,16,Corn,336N,Control,27.0934610119561,1246.98145357524
26,47,16,Corn,336N,Carbon,33.1367034979223,1472.48079078145
27,47,16,Corn,336N,Nitrogen,27.1696869426154,1203.27980793381
28,47,16,Corn,0N,Control,27.0475109824401,1309.42979411568
29,47,16,Corn,0N,Carbon,22.1487668982668,1313.58798915578
30,47,16,Corn,0N,Nitrogen,30.902656225139,1195.98664004841
31,47,16,Corn,112N,Control,13.8389270477335,799.378798410025
32,47,16,Corn,112N,Carbon,17.5907694370513,917.842083489282
33,47,16,Corn,112N,Nitrogen,13.1976701775376,704.052611787062
34,47,16,Corn,0N,Control,20.5138648219522,1195.54833916643
35,47,16,Corn,0N,Carbon,23.0094881003794,1311.12061220953
36,47,16,Corn,0N,Nitrogen,21.5211624585814,1086.7362788
37,47,16,Miscanthus,336N,Control,39.1471065333551,1644.70484804388
38,47,16,Miscanthus,336N,Carbon,39.5710620866474,1452.41544296703
39,47,16,Miscanthus,336N,Nitrogen,34.2291600029929,1444.63487762546
40,47,16,Miscanthus,112N,Control,29.6642711380521,1232.53468581931
41,47,16,Miscanthus,112N,Carbon,27.836417501279,1422.57235351405
42,47,16,Miscanthus,112N,Nitrogen,27.5598108030063,1260.57265789964
43,47,16,Miscanthus,336N,Control,6.54876466665383,397.385583903857
44,47,16,Miscanthus,336N,Carbon,9.04783717309677,531.319228848941
45,47,16,Miscanthus,336N,Nitrogen,5.7263864518688,304.683170303925
46,47,16,Miscanthus,112N,Control,6.45246123970261,360.30573124669
47,47,16,Miscanthus,112N,Carbon,10.7719518427217,668.446874767991
48,47,16,Miscanthus,112N,Nitrogen,6.93364574737944,351.961849603854
49,47,16,Miscanthus,0N,Control,21.5097677014282,1343.13621393624
50,47,16,Miscanthus,0N,Carbon,25.4161085776125,1593.62279043498
51,47,16,Miscanthus,0N,Nitrogen,26.309008346665,1311.36980756517
52,47,16,Miscanthus,0N,Control,16.6552040482321,770.734089275867
53,47,16,Miscanthus,0N,Carbon,17.0390335023423,824.375680968472
54,47,16,Miscanthus,0N,Nitrogen,11.0671497080374,668.476367712054
55,47,16,Miscanthus,336N,Control,30.7017509857304,1469.58972454779
56,47,16,Miscanthus,336N,Carbon,33.025522860492,1642.38030412141
57,47,16,Miscanthus,336N,Nitrogen,26.5595619908926,1288.66895595811
58,47,16,Miscanthus,112N,Control,17.9637491210609,809.566233490235
59,47,16,Miscanthus,112N,Carbon,17.5151521591472,963.779971872803
60,47,16,Miscanthus,112N,Nitrogen,12.8340204003242,602.292782849614
61,47,16,Miscanthus,0N,Control,30.7669489878947,1398.49300889901
62,47,16,Miscanthus,0N,Carbon,39.7977068857899,1662.16304772862
63,47,16,Miscanthus,0N,Nitrogen,26.6805973833753,1258.78324267712
64,47,16,Miscanthus,336N,Control,10.2319928571155,598.333808320732
65,47,16,Miscanthus,336N,Carbon,13.0710366279699,771.34184888187
66,47,16,Miscanthus,336N,Nitrogen,9.25802590445835,523.187253131346
67,47,16,Miscanthus,0N,Control,36.4807322412609,1735.24004458407
68,47,16,Miscanthus,0N,Carbon,39.7555160727181,1778.53489902411
69,47,16,Miscanthus,0N,Nitrogen,38.3290996015133,1766.58151299834
70,47,16,Miscanthus,112N,Control,30.0998279918403,1494.964770756
71,47,16,Miscanthus,112N,Carbon,37.0789070703341,1807.2613679211
72,47,16,Miscanthus,112N,Nitrogen,34.5825406154824,1497.67137847254
1,54,18,Corn,0N,Control,27.3689487945397,1593.74489079027
2,54,18,Corn,0N,Carbon,45.2665722181031,2101.96881657685
3,54,18,Corn,0N,Nitrogen,43.1785212398063,1822.092696073
4,54,18,Corn,112N,Control,31.9840571839099,1354.99835806859
5,54,18,Corn,112N,Carbon,34.391273673932,1604.8804846459
6,54,18,Corn,112N,Nitrogen,29.607594913008,1097.56393964139
7,54,18,Corn,0N,Control,13.7754750588916,814.672209017639
8,54,18,Corn,0N,Carbon,13.8449889083894,1054.71072136554
9,54,18,Corn,0N,Nitrogen,11.1687999204099,699.117886137601
10,54,18,Corn,112N,Control,32.7565427398525,1403.78540219688
11,54,18,Corn,112N,Carbon,34.0074179061404,1620.49770217094
12,54,18,Corn,112N,Nitrogen,28.7906630183723,1399.09895025886
13,54,18,Corn,336N,Control,9.57259398151778,615.842758833305
14,54,18,Corn,336N,Carbon,11.2135218896122,769.363357077689
15,54,18,Corn,336N,Nitrogen,9.91370896123533,623.477520283656
16,54,18,Corn,336N,Control,11.3058723322265,636.557904740959
17,54,18,Corn,336N,Carbon,12.8150560683579,884.521821507048
18,54,18,Corn,336N,Nitrogen,9.36866181891398,543.64741846762
19,54,18,Corn,112N,Control,10.2671095525062,681.596860511508
20,54,18,Corn,112N,Carbon,20.9564391758582,951.49868384192
21,54,18,Corn,112N,Nitrogen,0.147373440363954,303.506327561453
22,54,18,Corn,336N,Control,26.3382441655078,1234.42254170198
23,54,18,Corn,336N,Carbon,33.6932953057002,1673.42302640936
24,54,18,Corn,336N,Nitrogen,29.9317273379156,1393.26577288536
25,54,18,Corn,336N,Control,32.0427571441726,1471.28075358444
26,54,18,Corn,336N,Carbon,41.9095790016927,1765.8478437933
27,54,18,Corn,336N,Nitrogen,35.498351108044,1451.76826569012
28,54,18,Corn,0N,Control,26.652647153979,1495.99832419353
29,54,18,Corn,0N,Carbon,24.9882233732456,1488.5055527685
30,54,18,Corn,0N,Nitrogen,27.2758675555586,1386.91771293732
31,54,18,Corn,112N,Control,14.4139648361407,900.27655226301
32,54,18,Corn,112N,Carbon,17.3309953754575,1039.15905111748
33,54,18,Corn,112N,Nitrogen,13.4918185907115,798.495341922042
34,54,18,Corn,0N,Control,20.2924470670256,1337.59546863561
35,54,18,Corn,0N,Carbon,22.5372205722302,1468.88115621514
36,54,18,Corn,0N,Nitrogen,18.7259685224168,1217.81805845691
37,54,18,Miscanthus,336N,Control,50.180893188533,1995.97110036361
38,54,18,Miscanthus,336N,Carbon,46.6540368745018,1778.99370108855
39,54,18,Miscanthus,336N,Nitrogen,38.2850294530569,1712.63008379686
40,54,18,Miscanthus,112N,Control,37.1770260622815,1492.77386825528
41,54,18,Miscanthus,112N,Carbon,32.5983281870644,1650.7606508235
42,54,18,Miscanthus,112N,Nitrogen,34.3724843290349,1501.18004820288
43,54,18,Miscanthus,336N,Control,6.89200100063891,445.62959090833
44,54,18,Miscanthus,336N,Carbon,9.36912671265106,596.903115837498
45,54,18,Miscanthus,336N,Nitrogen,6.04665092658439,347.009726790016
46,54,18,Miscanthus,112N,Control,6.32363399021022,404.571169178162
47,54,18,Miscanthus,112N,Carbon,11.3428810427042,747.847042066921
48,54,18,Miscanthus,112N,Nitrogen,6.7397996584706,399.140447213148
49,54,18,Miscanthus,0N,Control,23.0679175985662,1504.61163712621
50,54,18,Miscanthus,0N,Carbon,25.5588003198772,1772.53439267412
51,54,18,Miscanthus,0N,Nitrogen,24.8926496100121,1485.61835483526
52,54,18,Miscanthus,0N,Control,15.8421089987991,881.628852267461
53,54,18,Miscanthus,0N,Carbon,14.6364347848939,926.830724462729
54,54,18,Miscanthus,0N,Nitrogen,12.0241774217575,752.645609664356
55,54,18,Miscanthus,336N,Control,37.0114752131778,1728.67005104003
56,54,18,Miscanthus,336N,Carbon,39.8802862417211,1921.54230781345
57,54,18,Miscanthus,336N,Nitrogen,33.3031869190764,1521.79126439164
58,54,18,Miscanthus,112N,Control,16.3553181697441,924.053460678444
59,54,18,Miscanthus,112N,Carbon,16.805412847641,1081.41786180629
60,54,18,Miscanthus,112N,Nitrogen,14.2620511974453,702.127141231731
61,54,18,Miscanthus,0N,Control,40.5089588030906,1682.05572052064
62,54,18,Miscanthus,0N,Carbon,47.9882700438797,1998.08093803578
63,54,18,Miscanthus,0N,Nitrogen,38.0291340921984,1524.9871813225
64,54,18,Miscanthus,336N,Control,10.5402198708662,672.115347416795
65,54,18,Miscanthus,336N,Carbon,13.4773627315992,865.683388003064
66,54,18,Miscanthus,336N,Nitrogen,9.34457747181464,588.599295434049
67,54,18,Miscanthus,0N,Control,39.5815546777756,2012.3109273285
68,54,18,Miscanthus,0N,Carbon,50.7294002896991,2133.640701052
69,54,18,Miscanthus,0N,Nitrogen,48.7378496296314,2107.74646040576
70,54,18,Miscanthus,112N,Control,35.3888153445672,1742.68647816797
71,54,18,Miscanthus,112N,Carbon,41.2733668455058,2096.17493583964
72,54,18,Miscanthus,112N,Nitrogen,37.310812901325,1758.84706878181
1,60,20,Corn,0N,Control,13.0395976328798,1671.98247658755
2,60,20,Corn,0N,Carbon,32.7447765156015,2298.43747567046
3,60,20,Corn,0N,Nitrogen,35.7470131295683,2036.57477485041
4,60,20,Corn,112N,Control,26.8977204339801,1516.38468067247
5,60,20,Corn,112N,Carbon,26.8200491581319,1765.80077959469
6,60,20,Corn,112N,Nitrogen,27.5164582515503,1262.66268915069
7,60,20,Corn,0N,Control,11.8578425157147,885.819264111927
8,60,20,Corn,0N,Carbon,11.2101278589689,1121.97148851935
9,60,20,Corn,0N,Nitrogen,9.47300159904485,755.95589573187
10,60,20,Corn,112N,Control,28.2008398779899,1572.99044146482
11,60,20,Corn,112N,Carbon,27.3113974674896,1784.36608697587
12,60,20,Corn,112N,Nitrogen,24.1534157520285,1544.01944477104
13,60,20,Corn,336N,Control,8.17430604373886,664.888595095739
14,60,20,Corn,336N,Carbon,10.4066209757295,831.803082932066
15,60,20,Corn,336N,Nitrogen,8.45148213725736,674.1864131072
16,60,20,Corn,336N,Control,9.94887237926797,696.251139016567
17,60,20,Corn,336N,Carbon,10.9714588558384,950.350574642078
18,60,20,Corn,336N,Nitrogen,8.89145855868876,596.996169819753
19,60,20,Corn,112N,Control,9.72655478690836,739.956189232958
20,60,20,Corn,112N,Carbon,16.623899974802,1051.24208369073
21,60,20,Corn,112N,Nitrogen,5.03192901688331,333.697901662753
22,60,20,Corn,336N,Control,23.7194705718286,1376.73936513296
23,60,20,Corn,336N,Carbon,29.823703001544,1852.36524441862
24,60,20,Corn,336N,Nitrogen,23.3147728150351,1533.15440977557
25,60,20,Corn,336N,Control,28.9021793856185,1644.69382989815
26,60,20,Corn,336N,Carbon,32.821861071852,1962.77901022441
27,60,20,Corn,336N,Nitrogen,29.8275895565688,1630.73380302954
28,60,20,Corn,0N,Control,18.6464710951433,1607.87715076439
29,60,20,Corn,0N,Carbon,20.8462217316167,1613.5828831582
30,60,20,Corn,0N,Nitrogen,20.0575115988332,1507.26278253032
31,60,20,Corn,112N,Control,13.0244635653284,978.42333365498
32,60,20,Corn,112N,Carbon,15.3484468046234,1131.24973194522
33,60,20,Corn,112N,Nitrogen,12.2931750041713,872.25439194707
34,60,20,Corn,0N,Control,17.0267298229374,1439.75584757323
35,60,20,Corn,0N,Carbon,18.9619332718863,1582.65275584646
36,60,20,Corn,0N,Nitrogen,15.3452458913766,1309.88953380517
37,60,20,Miscanthus,336N,Control,35.5928091108436,2209.52795502868
38,60,20,Miscanthus,336N,Carbon,32.4315107337448,1973.58276549102
39,60,20,Miscanthus,336N,Nitrogen,32.8484350166634,1909.72069389684
40,60,20,Miscanthus,112N,Control,29.4674740015498,1669.57871226458
41,60,20,Miscanthus,112N,Carbon,30.9005034872276,1836.16367174687
42,60,20,Miscanthus,112N,Nitrogen,27.5639901316852,1666.56398899299
43,60,20,Miscanthus,336N,Control,6.77330478685295,486.269419629447
44,60,20,Miscanthus,336N,Carbon,8.70371812569095,649.125424591644
45,60,20,Miscanthus,336N,Nitrogen,5.75571436088284,381.544012955313
46,60,20,Miscanthus,112N,Control,7.00691379562645,446.61265195192
47,60,20,Miscanthus,112N,Carbon,9.20541498599946,803.079531982917
48,60,20,Miscanthus,112N,Nitrogen,6.24559961085602,436.614044878284
49,60,20,Miscanthus,0N,Control,19.796468017848,1623.39044523329
50,60,20,Miscanthus,0N,Carbon,22.0095704495774,1904.59181537159
51,60,20,Miscanthus,0N,Nitrogen,21.0369549687191,1611.84008464757
52,60,20,Miscanthus,0N,Control,12.1214018481661,954.357263356457
53,60,20,Miscanthus,0N,Carbon,11.9834513378027,998.731432489545
54,60,20,Miscanthus,0N,Nitrogen,10.6396631997128,816.483588862633
55,60,20,Miscanthus,336N,Control,30.5869696353837,1912.19186885233
56,60,20,Miscanthus,336N,Carbon,32.0338622491387,2113.74548130829
57,60,20,Miscanthus,336N,Nitrogen,28.4174713064879,1692.29609223057
58,60,20,Miscanthus,112N,Control,14.5041090797501,1011.07811515694
59,60,20,Miscanthus,112N,Carbon,14.818731952869,1170.3302535235
60,60,20,Miscanthus,112N,Nitrogen,13.4718499390823,782.958240866225
61,60,20,Miscanthus,0N,Control,34.5877618199741,1889.58229144048
62,60,20,Miscanthus,0N,Carbon,33.7499580358535,2200.5806862509
63,60,20,Miscanthus,0N,Nitrogen,32.2404220459004,1718.42971359791
64,60,20,Miscanthus,336N,Control,9.31790046876877,728.022750229408
65,60,20,Miscanthus,336N,Carbon,12.6861083440038,941.800038067087
66,60,20,Miscanthus,336N,Nitrogen,9.62328783096401,646.339022419833
67,60,20,Miscanthus,0N,Control,34.8800097588862,2221.59098588182
68,60,20,Miscanthus,0N,Carbon,41.2733948644474,2381.28107023869
69,60,20,Miscanthus,0N,Nitrogen,36.005784679002,2323.78116847977
70,60,20,Miscanthus,112N,Control,32.3936683271417,1937.04848813082
71,60,20,Miscanthus,112N,Carbon,32.8925231173843,2293.53007454395
72,60,20,Miscanthus,112N,Nitrogen,27.9537191198163,1926.56938350071
1,67,22,Corn,0N,Control,17.24128747748,1792.67148892991
2,67,22,Corn,0N,Carbon,24.0490596306464,2466.78089308499
3,67,22,Corn,0N,Nitrogen,28.0826125681368,2233.15306282737
4,67,22,Corn,112N,Control,20.6050382050178,1660.6199481076
5,67,22,Corn,112N,Carbon,23.1615049050602,1927.93131393011
6,67,22,Corn,112N,Nitrogen,14.0859503480208,1361.26434158684
7,67,22,Corn,0N,Control,9.75290837019088,954.089622703263
8,67,22,Corn,0N,Carbon,8.32977209514826,1180.27989318539
9,67,22,Corn,0N,Nitrogen,7.65932472525272,809.571168808639
10,67,22,Corn,112N,Control,21.3827440240827,1722.6696496334
11,67,22,Corn,112N,Carbon,22.2002351910766,1939.76773331341
12,67,22,Corn,112N,Nitrogen,18.9100790311713,1676.38999798923
13,67,22,Corn,336N,Control,8.15955551066584,722.005483670399
14,67,22,Corn,336N,Carbon,9.63837456723995,899.271704902745
15,67,22,Corn,336N,Nitrogen,7.01071376705695,723.261409476599
16,67,22,Corn,336N,Control,8.26145557396483,754.081328034321
17,67,22,Corn,336N,Carbon,9.12570080770898,1014.23048029604
18,67,22,Corn,336N,Nitrogen,8.53057980151618,656.710228430366
19,67,22,Corn,112N,Control,9.26107020225471,804.783680648741
20,67,22,Corn,112N,Carbon,12.1830321019389,1136.5233084043
21,67,22,Corn,112N,Nitrogen,7.64673556102959,387.22505058996
22,67,22,Corn,336N,Control,21.0827105949889,1524.31833929788
23,67,22,Corn,336N,Carbon,24.2221883837416,2021.92056310481
24,67,22,Corn,336N,Nitrogen,19.301050735152,1668.26176492163
25,67,22,Corn,336N,Control,23.0801851061401,1806.25512564114
26,67,22,Corn,336N,Carbon,22.9553978775051,2123.46679536695
27,67,22,Corn,336N,Nitrogen,24.6326520139242,1803.162367127
28,67,22,Corn,0N,Control,14.5934165961627,1710.03106693753
29,67,22,Corn,0N,Carbon,16.6867995701264,1730.39048014909
30,67,22,Corn,0N,Nitrogen,14.3416059631785,1607.65402427257
31,67,22,Corn,112N,Control,11.1765912144453,1056.6594721561
32,67,22,Corn,112N,Carbon,13.1470001109976,1223.27873272221
33,67,22,Corn,112N,Nitrogen,10.1544877676203,943.335806320412
34,67,22,Corn,0N,Control,13.1118672178092,1531.53891809789
35,67,22,Corn,0N,Carbon,15.1302219146359,1688.56430924891
36,67,22,Corn,0N,Nitrogen,12.3143385377605,1396.0899035695
37,67,22,Miscanthus,336N,Control,31.8298124325331,2432.33664205641
38,67,22,Miscanthus,336N,Carbon,12.7577839165057,2062.88725290656
39,67,22,Miscanthus,336N,Nitrogen,27.4631632403095,2101.96283657901
40,67,22,Miscanthus,112N,Control,23.4366671733723,1833.63538247818
41,67,22,Miscanthus,112N,Carbon,28.2331161433548,2033.79548475035
42,67,22,Miscanthus,112N,Nitrogen,24.2931525253202,1836.61605667023
43,67,22,Miscanthus,336N,Control,6.86669506499277,534.336285084397
44,67,22,Miscanthus,336N,Carbon,7.70571537455799,703.06543221355
45,67,22,Miscanthus,336N,Nitrogen,4.51309588203258,413.135684129541
46,67,22,Miscanthus,112N,Control,7.62076583528582,499.958012798921
47,67,22,Miscanthus,112N,Carbon,8.82928950679117,864.884558530456
48,67,22,Miscanthus,112N,Nitrogen,6.62630851471655,482.9982044813
49,67,22,Miscanthus,0N,Control,16.0753770140478,1735.91808433163
50,67,22,Miscanthus,0N,Carbon,18.6494367981968,2035.13787295896
51,67,22,Miscanthus,0N,Nitrogen,17.9025830914126,1737.15816628746
52,67,22,Miscanthus,0N,Control,10.6723555489837,1029.06375219934
53,67,22,Miscanthus,0N,Carbon,10.6543897238618,1073.31216055658
54,67,22,Miscanthus,0N,Nitrogen,10.3200717546434,888.724091145137
55,67,22,Miscanthus,336N,Control,24.9639267571667,2086.9393561525
56,67,22,Miscanthus,336N,Carbon,27.7987819879145,2308.33695522369
57,67,22,Miscanthus,336N,Nitrogen,22.9868877474387,1853.20430646264
58,67,22,Miscanthus,112N,Control,12.9543067345636,1101.75826229889
59,67,22,Miscanthus,112N,Carbon,12.7617996616521,1259.66285115507
60,67,22,Miscanthus,112N,Nitrogen,12.0381696145166,867.225428167842
61,67,22,Miscanthus,0N,Control,24.9372849146968,2064.14328584336
62,67,22,Miscanthus,0N,Carbon,26.1047277181021,2383.31378027761
63,67,22,Miscanthus,0N,Nitrogen,25.6426165330248,1897.92802932908
64,67,22,Miscanthus,336N,Control,7.81649629166579,782.738224271069
65,67,22,Miscanthus,336N,Carbon,10.9687860337932,1018.58154030364
66,67,22,Miscanthus,336N,Nitrogen,9.38148984358081,712.009451324898
67,67,22,Miscanthus,0N,Control,28.4482300072941,2420.72859593287
68,67,22,Miscanthus,0N,Carbon,34.2178584926301,2620.8060796871
69,67,22,Miscanthus,0N,Nitrogen,30.9781606951823,2540.62829334605
70,67,22,Miscanthus,112N,Control,27.2151574700216,2127.55459042097
71,67,22,Miscanthus,112N,Carbon,25.7528506883679,2473.80002936252
72,67,22,Miscanthus,112N,Nitrogen,23.3575769231038,2090.07242196244
1,76,24,Corn,0N,Control,23.9123209173031,2007.88237718564
2,76,24,Corn,0N,Carbon,27.7645992553462,2716.6622863831
3,76,24,Corn,0N,Nitrogen,28.3822521347859,2488.59333204044
4,76,24,Corn,112N,Control,20.9371828161026,1849.05459345252
5,76,24,Corn,112N,Carbon,22.073274589986,2126.59078523999
6,76,24,Corn,112N,Nitrogen,15.0046527769913,1496.30621657976
7,76,24,Corn,0N,Control,10.5632597873278,1049.15896078921
8,76,24,Corn,0N,Carbon,8.29789330137971,1254.96093289781
9,76,24,Corn,0N,Nitrogen,7.62948491067282,878.236533004694
10,76,24,Corn,112N,Control,24.6572723118499,1944.58510044005
11,76,24,Corn,112N,Carbon,24.6052435883924,2161.21492560894
12,76,24,Corn,112N,Nitrogen,19.874555090684,1855.26099380539
13,76,24,Corn,336N,Control,8.61277214868552,799.520433008569
14,76,24,Corn,336N,Carbon,10.5259679253944,994.005416231295
15,76,24,Corn,336N,Nitrogen,7.05193586843128,786.72883229248
16,76,24,Corn,336N,Control,8.13234742267277,827.272454838376
17,76,24,Corn,336N,Carbon,9.01168703165141,1095.3356635809
18,76,24,Corn,336N,Nitrogen,8.2574220367939,731.027026761511
19,76,24,Corn,112N,Control,10.419926112928,898.563015665093
20,76,24,Corn,112N,Carbon,10.7741606645382,1233.49075438515
21,76,24,Corn,112N,Nitrogen,8.31120686629274,462.025912386595
22,76,24,Corn,336N,Control,19.461816350436,1699.4746864518
23,76,24,Corn,336N,Carbon,25.4868616224256,2251.30231770664
24,76,24,Corn,336N,Nitrogen,20.1089029046499,1849.24189106348
25,76,24,Corn,336N,Control,26.5169600262577,2044.90776587745
26,76,24,Corn,336N,Carbon,26.1248178696789,2358.59015619406
27,76,24,Corn,336N,Nitrogen,24.602960698256,2024.58901341131
28,76,24,Corn,0N,Control,15.1798943555625,1846.65011613759
29,76,24,Corn,0N,Carbon,15.206894736893,1867.25253278112
30,76,24,Corn,0N,Nitrogen,15.4886777043759,1747.05212361195
31,76,24,Corn,112N,Control,10.2296850060603,1148.72663721064
32,76,24,Corn,112N,Carbon,11.9548011545518,1330.87194311317
33,76,24,Corn,112N,Nitrogen,9.30985252749407,1027.12447906786
34,76,24,Corn,0N,Control,12.7945244713129,1646.68963833971
35,76,24,Corn,0N,Carbon,14.0200511920319,1814.7447699772
36,76,24,Corn,0N,Nitrogen,12.0909760538322,1504.90868805399
37,76,24,Miscanthus,336N,Control,30.3684700206201,2705.65287224199
38,76,24,Miscanthus,336N,Carbon,14.8444803828809,2196.48757635248
39,76,24,Miscanthus,336N,Nitrogen,28.0321241620934,2354.25195403785
40,76,24,Miscanthus,112N,Control,24.96757957996,2058.34359869782
41,76,24,Miscanthus,112N,Carbon,27.1581356621919,2278.21870571008
42,76,24,Miscanthus,112N,Nitrogen,23.775726696751,2050.59759694099
43,76,24,Miscanthus,336N,Control,7.36709234578861,600.640116196494
44,76,24,Miscanthus,336N,Carbon,7.63469195633523,771.777659820567
45,76,24,Miscanthus,336N,Nitrogen,5.24806418300497,460.368261776586
46,76,24,Miscanthus,112N,Control,7.64125657111344,568.729321938942
47,76,24,Miscanthus,112N,Carbon,8.28545180507726,939.453624776151
48,76,24,Miscanthus,112N,Nitrogen,6.70073776641693,543.304844379052
49,76,24,Miscanthus,0N,Control,17.0855905125966,1889.688398945
50,76,24,Miscanthus,0N,Carbon,18.6427523493453,2202.92264410307
51,76,24,Miscanthus,0N,Nitrogen,17.3929161736533,1893.69441185034
52,76,24,Miscanthus,0N,Control,8.99463843192921,1110.01549808671
53,76,24,Miscanthus,0N,Carbon,8.80624007064254,1152.56832119236
54,76,24,Miscanthus,0N,Nitrogen,10.6565601928777,984.633132881036
55,76,24,Miscanthus,336N,Control,25.7165179507181,2318.38801770896
56,76,24,Miscanthus,336N,Carbon,29.0106636321341,2569.43292791289
57,76,24,Miscanthus,336N,Nitrogen,24.4107206733096,2072.90079252243
58,76,24,Miscanthus,112N,Control,12.0250719320141,1209.98390968702
59,76,24,Miscanthus,112N,Carbon,11.9566105681737,1367.27234626863
60,76,24,Miscanthus,112N,Nitrogen,11.89935965904,974.319665099202
61,76,24,Miscanthus,0N,Control,29.3138434891139,2327.96787724539
62,76,24,Miscanthus,0N,Carbon,28.2100490412782,2637.20422164912
63,76,24,Miscanthus,0N,Nitrogen,26.3330203243087,2134.92521224786
64,76,24,Miscanthus,336N,Control,8.32795091117016,857.6897824716
65,76,24,Miscanthus,336N,Carbon,11.5882545569651,1122.87583131633
66,76,24,Miscanthus,336N,Nitrogen,9.59328694529518,798.349033832555
67,76,24,Miscanthus,0N,Control,30.4089968254455,2694.40956736188
68,76,24,Miscanthus,0N,Carbon,36.2846316718687,2947.36776473391
69,76,24,Miscanthus,0N,Nitrogen,30.9662981821072,2819.32497698501
70,76,24,Miscanthus,112N,Control,26.5996689928762,2366.95161135686
71,76,24,Miscanthus,112N,Carbon,26.8255663200561,2715.23012624303
72,76,24,Miscanthus,112N,Nitrogen,23.4968918558133,2301.54444866476
1,87,28,Corn,0N,Control,13.0280574270691,2151.1910088834
2,87,28,Corn,0N,Carbon,22.0513126437408,2959.22672546425
3,87,28,Corn,0N,Nitrogen,22.7127770889014,2738.43388001836
4,87,28,Corn,112N,Control,17.1350371358842,2037.54000194725
5,87,28,Corn,112N,Carbon,18.5573922166879,2330.72209962355
6,87,28,Corn,112N,Nitrogen,13.163882001397,1641.10891859512
7,87,28,Corn,0N,Control,7.39010347919835,1130.4500990604
8,87,28,Corn,0N,Carbon,7.51761386138365,1337.65468537303
9,87,28,Corn,0N,Nitrogen,6.76757863580883,952.679897998591
10,87,28,Corn,112N,Control,19.0794740294102,2154.45931476356
11,87,28,Corn,112N,Carbon,18.6833850654217,2366.73216132858
12,87,28,Corn,112N,Nitrogen,15.2126860646474,2022.60054051651
13,87,28,Corn,336N,Control,8.60305260953565,894.154011713461
14,87,28,Corn,336N,Carbon,10.4905765173031,1109.40175792163
15,87,28,Corn,336N,Nitrogen,6.75869243570658,861.074449085253
16,87,28,Corn,336N,Control,6.48698594688891,898.629300254154
17,87,28,Corn,336N,Carbon,7.41969894158188,1176.9523519383
18,87,28,Corn,336N,Nitrogen,6.72952883235986,805.05184391747
19,87,28,Corn,112N,Control,10.9174107786546,1018.65453423029
20,87,28,Corn,112N,Carbon,9.0857449853961,1333.4339492245
21,87,28,Corn,112N,Nitrogen,7.67296285262856,546.428503765509
22,87,28,Corn,336N,Control,16.1663561397594,1877.30460398916
23,87,28,Corn,336N,Carbon,18.9991420327638,2460.29288006704
24,87,28,Corn,336N,Nitrogen,14.8876922154368,2013.00650543328
25,87,28,Corn,336N,Control,20.1567563034841,2266.63208521578
26,87,28,Corn,336N,Carbon,20.5953069933563,2585.13853312098
27,87,28,Corn,336N,Nitrogen,17.7635507571158,2219.98807173958
28,87,28,Corn,0N,Control,12.6277182475991,1985.55501686118
29,87,28,Corn,0N,Carbon,13.250842137714,2013.01179629598
30,87,28,Corn,0N,Nitrogen,11.7473057296537,1876.27248663814
31,87,28,Corn,112N,Control,8.69547345864354,1244.37684525572
32,87,28,Corn,112N,Carbon,9.83511051628461,1439.05815879231
33,87,28,Corn,112N,Nitrogen,8.23206581192414,1117.67720299902
34,87,28,Corn,0N,Control,10.6726976256025,1764.08931222134
35,87,28,Corn,0N,Carbon,11.932451923859,1946.00174113965
36,87,28,Corn,0N,Nitrogen,10.3375032133532,1618.62122340087
37,87,28,Miscanthus,336N,Control,25.3653606480995,2984.67183937108
38,87,28,Miscanthus,336N,Carbon,18.811812669279,2403.41751571455
39,87,28,Miscanthus,336N,Nitrogen,23.5870251083438,2613.70923022963
40,87,28,Miscanthus,112N,Control,22.4767126623971,2305.58743798419
41,87,28,Miscanthus,112N,Carbon,23.473803591514,2536.43054521673
42,87,28,Miscanthus,112N,Nitrogen,20.5398427255639,2276.5358669222
43,87,28,Miscanthus,336N,Control,5.87772334677134,665.295073010979
44,87,28,Miscanthus,336N,Carbon,7.44470726252694,853.669439708363
45,87,28,Miscanthus,336N,Nitrogen,5.07619748793073,516.206434143824
46,87,28,Miscanthus,112N,Control,7.65060976058027,652.886029305325
47,87,28,Miscanthus,112N,Carbon,8.39684403867658,1031.81890920159
48,87,28,Miscanthus,112N,Nitrogen,6.22516485147369,611.781657745263
49,87,28,Miscanthus,0N,Control,15.0741053783748,2055.50355810712
50,87,28,Miscanthus,0N,Carbon,16.1441129688247,2380.50788676014
51,87,28,Miscanthus,0N,Nitrogen,14.7954450981723,2056.44430793024
52,87,28,Miscanthus,0N,Control,8.27149988226553,1201.00199679163
53,87,28,Miscanthus,0N,Carbon,8.31952575569102,1244.08310450496
54,87,28,Miscanthus,0N,Nitrogen,10.1909511839044,1096.73359590398
55,87,28,Miscanthus,336N,Control,21.5819331678531,2555.78928255535
56,87,28,Miscanthus,336N,Carbon,22.2867924002169,2814.58764431528
57,87,28,Miscanthus,336N,Nitrogen,20.0532964962772,2293.48705398148
58,87,28,Miscanthus,112N,Control,10.6459440121447,1327.08929382061
59,87,28,Miscanthus,112N,Carbon,10.0774406843505,1478.12419379649
60,87,28,Miscanthus,112N,Nitrogen,9.7368693076867,1081.42522748376
61,87,28,Miscanthus,0N,Control,22.5211984941454,2575.70106068099
62,87,28,Miscanthus,0N,Carbon,21.4264691520389,2872.89538232154
63,87,28,Miscanthus,0N,Nitrogen,21.632924247703,2372.88737897259
64,87,28,Miscanthus,336N,Control,8.60328443339961,952.325911238996
65,87,28,Miscanthus,336N,Carbon,10.8335684347966,1242.04508409909
66,87,28,Miscanthus,336N,Nitrogen,9.47182537892256,902.539113000703
67,87,28,Miscanthus,0N,Control,26.0687613552622,2981.16594226977
68,87,28,Miscanthus,0N,Carbon,29.0892868458305,3267.34992003805
69,87,28,Miscanthus,0N,Nitrogen,26.4550687723493,3110.33073348086
70,87,28,Miscanthus,112N,Control,22.2582061335109,2611.79187882548
71,87,28,Miscanthus,112N,Carbon,21.7180553153788,2954.1287347122
72,87,28,Miscanthus,112N,Nitrogen,19.7783799147396,2519.10662772689
1,100,30,Corn,0N,Control,20.4016065397538,2416.4118939002
2,100,30,Corn,0N,Carbon,20.9974136097277,3232.19310239071
3,100,30,Corn,0N,Nitrogen,19.7762461653465,2995.52508016786
4,100,30,Corn,112N,Control,14.8686661019711,2230.83266127287
5,100,30,Corn,112N,Carbon,16.2979775285555,2542.59580749477
6,100,30,Corn,112N,Nitrogen,13.0891252200666,1811.26754645599
7,100,30,Corn,0N,Control,7.11598719600341,1222.95793260844
8,100,30,Corn,0N,Carbon,7.31233650566787,1432.71505994671
9,100,30,Corn,0N,Nitrogen,6.73067876002982,1040.17872187898
10,100,30,Corn,112N,Control,16.1162273971496,2363.9702709265
11,100,30,Corn,112N,Carbon,19.0582898803562,2614.48992977321
12,100,30,Corn,112N,Nitrogen,14.9079324995336,2216.40366301045
13,100,30,Corn,336N,Control,8.9556806617745,1010.57786031653
14,100,30,Corn,336N,Carbon,10.9211983499447,1251.37733647091
15,100,30,Corn,336N,Nitrogen,7.21342495982928,954.848973563033
16,100,30,Corn,336N,Control,6.70268823395347,985.764247295549
17,100,30,Corn,336N,Carbon,7.66145910285696,1276.55132027545
18,100,30,Corn,336N,Nitrogen,7.02935116372704,896.433409045921
19,100,30,Corn,112N,Control,13.0307594595723,1188.05440720473
20,100,30,Corn,112N,Carbon,9.20637564785325,1453.1168326466
21,100,30,Corn,112N,Nitrogen,7.36424120473623,642.16363942708
22,100,30,Corn,336N,Control,18.1771136891977,2113.60708194872
23,100,30,Corn,336N,Carbon,22.5204701524145,2753.05899204843
24,100,30,Corn,336N,Nitrogen,17.7796533221225,2244.14199862088
25,100,30,Corn,336N,Control,23.5593476200364,2572.90360427625
26,100,30,Corn,336N,Carbon,24.352183729769,2901.71692160797
27,100,30,Corn,336N,Nitrogen,20.5087564378216,2486.60190543126
28,100,30,Corn,0N,Control,14.6419354986052,2175.90017834305
29,100,30,Corn,0N,Carbon,14.9709925101057,2207.63469892735
30,100,30,Corn,0N,Nitrogen,14.128677746139,2059.94529733795
31,100,30,Corn,112N,Control,9.14492801426459,1363.26090944116
32,100,30,Corn,112N,Carbon,9.59927070161203,1563.84867791326
33,100,30,Corn,112N,Nitrogen,8.87186216853556,1233.01141118999
34,100,30,Corn,0N,Control,11.2333494546641,1910.12285513197
35,100,30,Corn,0N,Carbon,11.0789226256893,2090.02773527361
36,100,30,Corn,0N,Nitrogen,10.3764761327143,1753.51541312616
37,100,30,Miscanthus,336N,Control,29.7661241869391,3371.63145380129
38,100,30,Miscanthus,336N,Carbon,14.1696565484365,2587.62305084423
39,100,30,Miscanthus,336N,Nitrogen,27.4372743715116,2970.39379705928
40,100,30,Miscanthus,112N,Control,23.3704163876036,2609.40285102304
41,100,30,Miscanthus,112N,Carbon,26.2002615715789,2877.03394564726
42,100,30,Miscanthus,112N,Nitrogen,21.2916199929533,2553.32692683059
43,100,30,Miscanthus,336N,Control,6.13455318149125,745.044264370365
44,100,30,Miscanthus,336N,Carbon,7.96925983184652,957.269817522368
45,100,30,Miscanthus,336N,Nitrogen,5.71560751254495,590.509331806908
46,100,30,Miscanthus,112N,Control,12.8689495436222,820.182373372413
47,100,30,Miscanthus,112N,Carbon,9.21169076571825,1151.57088915593
48,100,30,Miscanthus,112N,Nitrogen,7.02716247099122,703.134769868149
49,100,30,Miscanthus,0N,Control,15.7542191823909,2260.3084074782
50,100,30,Miscanthus,0N,Carbon,16.9830325468693,2601.28730986944
51,100,30,Miscanthus,0N,Nitrogen,15.1503461805331,2253.39880827717
52,100,30,Miscanthus,0N,Control,8.98169426934464,1317.76402229311
53,100,30,Miscanthus,0N,Carbon,8.81914972241741,1358.73205089639
54,100,30,Miscanthus,0N,Nitrogen,10.7376963383122,1236.32364830204
55,100,30,Miscanthus,336N,Control,22.9545909723528,2854.19896519593
56,100,30,Miscanthus,336N,Carbon,25.6309381302107,3147.78984000802
57,100,30,Miscanthus,336N,Nitrogen,23.0363617740291,2592.95975704386
58,100,30,Miscanthus,112N,Control,10.9976007192218,1470.05810317049
59,100,30,Miscanthus,112N,Carbon,10.52647400563,1614.96835586968
60,100,30,Miscanthus,112N,Nitrogen,9.52431191119559,1205.2412823293
61,100,30,Miscanthus,0N,Control,26.394968862339,2918.83565589139
62,100,30,Miscanthus,0N,Carbon,23.0850054448678,3173.00045310482
63,100,30,Miscanthus,0N,Nitrogen,24.4837468882734,2691.17608852015
64,100,30,Miscanthus,336N,Control,8.59604845388899,1064.07454113955
65,100,30,Miscanthus,336N,Carbon,10.8945826230646,1383.67465819893
66,100,30,Miscanthus,336N,Nitrogen,9.21910084880261,1022.38742403514
67,100,30,Miscanthus,0N,Control,28.2999397954446,3349.06515961055
68,100,30,Miscanthus,0N,Carbon,34.6084399451584,3717.25963932511
69,100,30,Miscanthus,0N,Nitrogen,28.9223222737646,3486.3209230398
70,100,30,Miscanthus,112N,Control,23.8019566838749,2921.21731571585
71,100,30,Miscanthus,112N,Carbon,23.5637623626103,3260.45764542613
72,100,30,Miscanthus,112N,Nitrogen,21.807734958532,2802.60718218781
1,114,32,Corn,0N,Control,20.028617798644,2696.81254308122
2,114,32,Corn,0N,Carbon,18.4900907513565,3491.0543729097
3,114,32,Corn,0N,Nitrogen,18.6886922892525,3257.1667722174
4,114,32,Corn,112N,Control,14.6292156076939,2435.64167978059
5,114,32,Corn,112N,Carbon,13.5475966871546,2732.26216111494
6,114,32,Corn,112N,Nitrogen,6.82764848146273,1906.85462519647
7,114,32,Corn,0N,Control,6.28811874020589,1310.99159497132
8,114,32,Corn,0N,Carbon,7.09680855706138,1532.07037974557
9,114,32,Corn,0N,Nitrogen,5.99241662240621,1124.07255459267
10,114,32,Corn,112N,Control,15.2801374586062,2577.89219534699
11,114,32,Corn,112N,Carbon,18.6486690211669,2875.57129606955
12,114,32,Corn,112N,Nitrogen,14.1249231302132,2414.15258683343
13,114,32,Corn,336N,Control,8.37572375146982,1127.83799283711
14,114,32,Corn,336N,Carbon,9.97469142192934,1391.02301637792
15,114,32,Corn,336N,Nitrogen,6.62669238956429,1047.62266701693
16,114,32,Corn,336N,Control,5.77471626762373,1066.61027504228
17,114,32,Corn,336N,Carbon,6.84290050876483,1372.35192739815
18,114,32,Corn,336N,Nitrogen,5.54889787622816,974.117979313115
19,114,32,Corn,112N,Control,10.7817577169144,1338.99901524154
20,114,32,Corn,112N,Carbon,8.59932828288026,1573.50742860692
21,114,32,Corn,112N,Nitrogen,5.47577096969823,718.824433002855
22,114,32,Corn,336N,Control,15.2463553847292,2327.05605733493
23,114,32,Corn,336N,Carbon,19.2492702722086,3022.54877585935
24,114,32,Corn,336N,Nitrogen,6.68972899609441,2337.7982045662
25,114,32,Corn,336N,Control,17.7968353764136,2822.05929954604
26,114,32,Corn,336N,Carbon,18.8164331368728,3165.14698552419
27,114,32,Corn,336N,Nitrogen,15.7140145389866,2706.59810897708
28,114,32,Corn,0N,Control,11.5868084022703,2338.11549597483
29,114,32,Corn,0N,Carbon,8.59145658667835,2327.91509114085
30,114,32,Corn,0N,Nitrogen,11.487128826707,2220.76510091185
31,114,32,Corn,112N,Control,8.55839943118743,1483.07850147778
32,114,32,Corn,112N,Carbon,8.97788538118936,1689.53907324991
33,114,32,Corn,112N,Nitrogen,8.14019647108369,1346.97416178516
34,114,32,Corn,0N,Control,9.77195151490927,2046.9301763407
35,114,32,Corn,0N,Carbon,9.91285279116133,2228.80767434987
36,114,32,Corn,0N,Nitrogen,8.83942799758634,1877.26740509237
37,114,32,Miscanthus,336N,Control,24.7147315979057,3717.63769617197
38,114,32,Miscanthus,336N,Carbon,11.3284833571911,2746.2218178449
39,114,32,Miscanthus,336N,Nitrogen,22.0787805611627,3279.49672491556
40,114,32,Miscanthus,112N,Control,20.012734007234,2889.58112712431
41,114,32,Miscanthus,112N,Carbon,20.8146621150643,3168.43921525816
42,114,32,Miscanthus,112N,Nitrogen,18.3328816507798,2809.98726994151
43,114,32,Miscanthus,336N,Control,6.13636594412201,830.953387588073
44,114,32,Miscanthus,336N,Carbon,7.52991666246602,1062.68865079689
45,114,32,Miscanthus,336N,Nitrogen,5.33803692521444,665.24184875991
46,114,32,Miscanthus,112N,Control,11.4258044506337,980.143635681284
47,114,32,Miscanthus,112N,Carbon,2.50484512413474,1186.63872089382
48,114,32,Miscanthus,112N,Nitrogen,7.03028509317144,801.558761172549
49,114,32,Miscanthus,0N,Control,10.3145948826695,2404.71273583558
50,114,32,Miscanthus,0N,Carbon,14.3149173441699,2801.69615268782
51,114,32,Miscanthus,0N,Nitrogen,12.4520094206983,2427.72694016694
52,114,32,Miscanthus,0N,Control,7.60182616140304,1424.18958855275
53,114,32,Miscanthus,0N,Carbon,7.43147975794377,1462.7727675076
54,114,32,Miscanthus,0N,Nitrogen,10.4835156486495,1383.09286738314
55,114,32,Miscanthus,336N,Control,19.5255027731977,3127.5560040207
56,114,32,Miscanthus,336N,Carbon,19.3751755994086,3419.04229839974
57,114,32,Miscanthus,336N,Nitrogen,17.7916366675393,2842.04267038941
58,114,32,Miscanthus,112N,Control,9.37313922726371,1601.28205235218
59,114,32,Miscanthus,112N,Carbon,8.38663934353194,1732.38130667913
60,114,32,Miscanthus,112N,Nitrogen,8.19817239715266,1320.01569588943
61,114,32,Miscanthus,0N,Control,21.1227856193176,3214.55465456184
62,114,32,Miscanthus,0N,Carbon,20.7001270322562,3462.80223155641
63,114,32,Miscanthus,0N,Nitrogen,21.9685678284182,2998.736038118
64,114,32,Miscanthus,336N,Control,9.01996704420251,1190.35407975839
65,114,32,Miscanthus,336N,Carbon,9.11173218681786,1511.23890881438
66,114,32,Miscanthus,336N,Nitrogen,8.58170083392202,1142.53123571005
67,114,32,Miscanthus,0N,Control,24.6612183013769,3694.32221582983
68,114,32,Miscanthus,0N,Carbon,25.7130760851407,4077.24270451708
69,114,32,Miscanthus,0N,Nitrogen,24.1698941928659,3824.69944173992
70,114,32,Miscanthus,112N,Control,19.8175600057178,3198.6631557959
71,114,32,Miscanthus,112N,Carbon,18.5817932995821,3520.60275162028
72,114,32,Miscanthus,112N,Nitrogen,17.5007113703252,3047.61714137236
1,132,36,Corn,0N,Control,20.1492209959447,3059.49852100822
2,132,36,Corn,0N,Carbon,20.3827367019894,3857.94363354551
3,132,36,Corn,0N,Nitrogen,19.7800487952102,3613.20765053118
4,132,36,Corn,112N,Control,15.1487458181061,2708.3191045065
5,132,36,Corn,112N,Carbon,14.6777859657722,2996.46230849884
6,132,36,Corn,112N,Nitrogen,10.5785733807884,2097.26894605066
7,132,36,Corn,0N,Control,5.92807640188502,1417.69697020525
8,132,36,Corn,0N,Carbon,7.29907112595384,1663.45366001274
9,132,36,Corn,0N,Nitrogen,5.68835798700343,1226.46299835873
10,132,36,Corn,112N,Control,13.6760327671902,2824.06078515641
11,132,36,Corn,112N,Carbon,18.3256097532971,3205.4322716289
12,132,36,Corn,112N,Nitrogen,14.8554406464103,2681.55051846882
13,132,36,Corn,336N,Control,7.76917389329706,1267.68312291645
14,132,36,Corn,336N,Carbon,9.02782632448599,1553.52389021867
15,132,36,Corn,336N,Nitrogen,6.70633823022101,1168.33675516091
16,132,36,Corn,336N,Control,5.7816252164642,1170.67952893864
17,132,36,Corn,336N,Carbon,6.11580077736917,1482.4363413908
18,132,36,Corn,336N,Nitrogen,5.61750655994526,1075.23309739213
19,132,36,Corn,112N,Control,8.94090001746285,1499.93521555587
20,132,36,Corn,112N,Carbon,8.38372382786081,1724.41445750842
21,132,36,Corn,112N,Nitrogen,5.8809288482551,824.681152271447
22,132,36,Corn,336N,Control,12.9516679136671,2560.18607978094
23,132,36,Corn,336N,Carbon,18.4985045635324,3355.52185800293
24,132,36,Corn,336N,Nitrogen,12.354196298113,2560.17373793223
25,132,36,Corn,336N,Control,18.0437144606931,3146.84615983852
26,132,36,Corn,336N,Carbon,19.1014154289817,3508.97246324586
27,132,36,Corn,336N,Nitrogen,13.9863757648286,2958.35287274399
28,132,36,Corn,0N,Control,12.0847840756921,2555.64160933729
29,132,36,Corn,0N,Carbon,12.5417010131833,2553.66570937815
30,132,36,Corn,0N,Nitrogen,11.8348535088278,2433.79246407075
31,132,36,Corn,112N,Control,8.27440563778406,1632.0178029579
32,132,36,Corn,112N,Carbon,9.02824459460415,1852.04747595279
33,132,36,Corn,112N,Nitrogen,7.55969831458182,1483.04873144763
34,132,36,Corn,0N,Control,8.72713196339308,2204.01855168178
35,132,36,Corn,0N,Carbon,9.30440098181486,2396.28689202254
36,132,36,Corn,0N,Nitrogen,8.09907226468476,2023.05070585669
37,132,36,Miscanthus,336N,Control,24.7473188530328,4163.08943552656
38,132,36,Miscanthus,336N,Carbon,22.0833898781109,3143.7228356509
39,132,36,Miscanthus,336N,Nitrogen,21.9813202385749,3675.16048920991
40,132,36,Miscanthus,112N,Control,20.4953912113245,3258.49816892815
41,132,36,Miscanthus,112N,Carbon,20.0327339185282,3529.02842579167
42,132,36,Miscanthus,112N,Nitrogen,16.3901737477123,3105.01039740033
43,132,36,Miscanthus,336N,Control,6.02672049765316,939.43435654583
44,132,36,Miscanthus,336N,Carbon,8.0858229160372,1208.23346328556
45,132,36,Miscanthus,336N,Nitrogen,5.3329074289166,761.234182480409
46,132,36,Miscanthus,112N,Control,9.18685135982273,1145.50696015809
47,132,36,Miscanthus,112N,Carbon,9.68513713432628,1360.97118931169
48,132,36,Miscanthus,112N,Nitrogen,7.59398838499878,938.250552102527
49,132,36,Miscanthus,0N,Control,12.650610978347,2632.42373344582
50,132,36,Miscanthus,0N,Carbon,15.0294070736255,3072.22548001308
51,132,36,Miscanthus,0N,Nitrogen,12.3547762269564,2650.11291225216
52,132,36,Miscanthus,0N,Control,7.72487133155213,1563.23727252069
53,132,36,Miscanthus,0N,Carbon,7.61520001409587,1599.84636776133
54,132,36,Miscanthus,0N,Nitrogen,12.7196238668327,1612.04609698612
55,132,36,Miscanthus,336N,Control,20.0470285873084,3488.40251859225
56,132,36,Miscanthus,336N,Carbon,21.7599582624879,3810.72154712452
57,132,36,Miscanthus,336N,Nitrogen,19.6281032046156,3195.34852807249
58,132,36,Miscanthus,112N,Control,9.46904258322471,1771.72481885023
59,132,36,Miscanthus,112N,Carbon,8.68372091445587,1888.68828313933
60,132,36,Miscanthus,112N,Nitrogen,8.18627786552918,1467.36869746896
61,132,36,Miscanthus,0N,Control,23.1663301570499,3631.54859738874
62,132,36,Miscanthus,0N,Carbon,20.1637248429106,3825.7492787288
63,132,36,Miscanthus,0N,Nitrogen,18.887499447326,3338.71102816987
64,132,36,Miscanthus,336N,Control,8.77248698896575,1348.25884555977
65,132,36,Miscanthus,336N,Carbon,10.0180565896474,1691.56392742803
66,132,36,Miscanthus,336N,Nitrogen,8.57280742596295,1296.84176937738
67,132,36,Miscanthus,0N,Control,24.8059525517717,4140.82936176172
68,132,36,Miscanthus,0N,Carbon,26.158951188464,4548.10382590943
69,132,36,Miscanthus,0N,Nitrogen,26.5274312056122,4302.19320344094
70,132,36,Miscanthus,112N,Control,20.5277336226937,3568.16236100439
71,132,36,Miscanthus,112N,Carbon,21.0929071723254,3900.27508072214
72,132,36,Miscanthus,112N,Nitrogen,16.9021468249748,3351.85578422191
1,146,38,Corn,0N,Control,18.8331923604191,3323.16321405409
2,146,38,Corn,0N,Carbon,19.4704682926528,4130.53018964265
3,146,38,Corn,0N,Nitrogen,18.4219324717438,3871.1147051356
4,146,38,Corn,112N,Control,13.7530189890365,2900.86137035301
5,146,38,Corn,112N,Carbon,14.7100766114767,3202.40338105951
6,146,38,Corn,112N,Nitrogen,11.531178082572,2258.70543920667
7,146,38,Corn,0N,Control,6.37556077684616,1506.9548210811
8,146,38,Corn,0N,Carbon,7.45025582202784,1767.75724152113
9,146,38,Corn,0N,Nitrogen,5.91411417007306,1309.26059673975
10,146,38,Corn,112N,Control,14.9066691998329,3032.75415395407
11,146,38,Corn,112N,Carbon,18.4052311100049,3463.10550716897
12,146,38,Corn,112N,Nitrogen,15.1433232554275,2893.5570440448
13,146,38,Corn,336N,Control,8.0801374882181,1380.80504775151
14,146,38,Corn,336N,Carbon,9.08026614014498,1680.6476161807
15,146,38,Corn,336N,Nitrogen,7.20739392994631,1269.24027018016
16,146,38,Corn,336N,Control,5.69873420733276,1250.4618078413
17,146,38,Corn,336N,Carbon,6.78935845898682,1577.48735981661
18,146,38,Corn,336N,Nitrogen,6.22093741343195,1162.32622118018
19,146,38,Corn,112N,Control,8.31288334790751,1616.31558242657
20,146,38,Corn,112N,Carbon,9.81632179860855,1861.84296268894
21,146,38,Corn,112N,Nitrogen,2.50496986070726,859.750730321349
22,146,38,Corn,336N,Control,13.3578716662049,2747.19628310781
23,146,38,Corn,336N,Carbon,18.9902956087567,3621.38599652553
24,146,38,Corn,336N,Nitrogen,13.5422807146778,2749.76566793772
25,146,38,Corn,336N,Control,18.4448707662025,3405.07435056536
26,146,38,Corn,336N,Carbon,18.4070770302141,3766.67154166886
27,146,38,Corn,336N,Nitrogen,15.109508409937,3169.88599048311
28,146,38,Corn,0N,Control,12.6850922645534,2733.23290104104
29,146,38,Corn,0N,Carbon,12.9625891806824,2735.1419579077
30,146,38,Corn,0N,Nitrogen,11.3891413234328,2593.24044259881
31,146,38,Corn,112N,Control,8.8276782506238,1755.60529846663
32,146,38,Corn,112N,Carbon,10.0279374123699,1992.43859972597
33,146,38,Corn,112N,Nitrogen,8.8799537161544,1607.36808347379
34,146,38,Corn,0N,Control,9.33305805700718,2334.68136447988
35,146,38,Corn,0N,Carbon,10.512933205757,2543.46795690313
36,146,38,Corn,0N,Nitrogen,8.58370409226216,2143.22256314836
37,146,38,Miscanthus,336N,Control,22.963547380611,4484.57909885511
38,146,38,Miscanthus,336N,Carbon,21.7608020338367,3448.37406412461
39,146,38,Miscanthus,336N,Nitrogen,22.3911907426648,3988.63715960722
40,146,38,Miscanthus,112N,Control,20.1696505150914,3540.87327613943
41,146,38,Miscanthus,112N,Carbon,17.1620320920473,3769.29687508033
42,146,38,Miscanthus,112N,Nitrogen,19.4049085206182,3376.67911668898
43,146,38,Miscanthus,336N,Control,6.48831589554656,1030.27077908348
44,146,38,Miscanthus,336N,Carbon,8.56676144856671,1328.1681235655
45,146,38,Miscanthus,336N,Nitrogen,5.53883595724864,838.77788588189
46,146,38,Miscanthus,112N,Control,8.55777814194344,1265.3158541453
47,146,38,Miscanthus,112N,Carbon,11.7546260297295,1525.5359537279
48,146,38,Miscanthus,112N,Nitrogen,9.19515189359836,1066.9826786129
49,146,38,Miscanthus,0N,Control,12.7826474458122,2811.38079768719
50,146,38,Miscanthus,0N,Carbon,14.6755127292794,3277.68265822299
51,146,38,Miscanthus,0N,Nitrogen,11.874742851112,2816.35931216773
52,146,38,Miscanthus,0N,Control,7.64145192258237,1670.21759943684
53,146,38,Miscanthus,0N,Carbon,7.75692545044622,1708.44332406757
54,146,38,Miscanthus,0N,Nitrogen,12.6438262067302,1789.05966388035
55,146,38,Miscanthus,336N,Control,17.292407425429,3730.49622254826
56,146,38,Miscanthus,336N,Carbon,21.2885439805615,4108.76116285238
57,146,38,Miscanthus,336N,Nitrogen,19.365699164572,3466.4683163765
58,146,38,Miscanthus,112N,Control,8.94744762833649,1896.98908564694
59,146,38,Miscanthus,112N,Carbon,8.34840331026544,2005.56592948305
60,146,38,Miscanthus,112N,Nitrogen,8.36301404793262,1584.45089414002
61,146,38,Miscanthus,0N,Control,21.1963223064452,3928.29710967897
62,146,38,Miscanthus,0N,Carbon,20.5407977647506,4113.32044743531
63,146,38,Miscanthus,0N,Nitrogen,20.6978113144212,3628.48038657176
64,146,38,Miscanthus,336N,Control,9.15745685817607,1476.46324157424
65,146,38,Miscanthus,336N,Carbon,10.6293003118744,1840.37413179427
66,146,38,Miscanthus,336N,Nitrogen,8.74592526291236,1419.28472305815
67,146,38,Miscanthus,0N,Control,23.8303897570434,4474.45481836032
68,146,38,Miscanthus,0N,Carbon,27.8390675338943,4937.85077138395
69,146,38,Miscanthus,0N,Nitrogen,24.0225989245143,4638.50958838414
70,146,38,Miscanthus,112N,Control,19.271852817219,3837.96830044546
71,146,38,Miscanthus,112N,Carbon,20.2832835470648,4184.24105038104
72,146,38,Miscanthus,112N,Nitrogen,17.9919024348721,3603.74241831012
