sample_name,f1r2_log,f1r2_ave,log_012,ave_012,log_025,ave_025,log_039,ave_039,log_sum,sum_012025039,bm005,bm009,bm012,bm16s,bm016,bm025,bm039,rev_name,sample,timepoint,day,k_cl_weight,k_cl_volume_l,moisture_percent,dry_soil,nh4n_mgl_1,no3n_mgl_1,nh4n_mg_kg_1,no3n_mg_kg_1,nh4n_mgl_2,no3n_mgl_2,nh4n_mg_kg_2,no3n_mg_kg_2,crop,treatment,addition,net_n_1,net_n_2,delta,net_mineralization_1,net_mineralization_2
1b,7.035100979,10800000,9.131285965,1.35e+09,7.836950955,68700000,8.501381785,3.17e+08,9.24027404,1.74e+09,0,16242783.24,19525994.99,2588758021,9890463.866,0,14270997.64,1b,1,b,4,37.744,0.0349481481481481,51.88985987,3.0665403318862,0.477635467980296,0.59497612867638,5.44342264871438,6.78070778113784,0.911914737,0.736523807,10.3927318339077,8.39387072592049,corn,0N,Control,12.2241304298522,18.7866025598282,4,0.148049404184652,2.37114572713964
2b,6.992009383,9820000,9.209540434,1.62e+09,7.792192016,6.2e+07,8.601715664,4e+08,9.31842843,2.08e+09,7651103.497,24527723.28,20106900.38,2195678782,0,10990804.75,13018230.3,2b,2,b,4,37.681,0.0348898148148148,51.88985987,3.1603551051397,0.503223082336383,0.252116249722293,5.5555023309574,2.78332306718032,0.889672914,0.050360602,9.82184665411027,0.555972990150714,corn,0N,Carbon,8.33882539813771,10.377819644261,4,-0.228344257139562,1.21455943794077
3b,5.092958633,124000,7.189938666,15500000,6.042093176,1100000,6.628291256,4250000,7.318831001,20800000,0,0,0,85543364.18,0,0,0,3b,3,b,4,35.987,0.0333212962962963,51.88985987,3.3527956656597,0.759099225897255,3.29200058249559,7.54420273310473,32.7170927654287,1.290025726,4.072913701,12.8207423691694,40.478089855071,corn,0N,Nitrogen,40.2612954985334,53.2988322242403,4,2.56364987889244,5.29255681398006
4b,6.809178219,6440000,8.513104154,3.26e+08,7.740506774,5.5e+07,8.022075389,1.05e+08,8.686768105,4.86e+08,0,0,0,1134617535,4556112.637,17923848.65,0,4b,4,b,4,37.047,0.0343027777777778,41.89255076,3.3196785750812,0.59704433497537,0.281346475131401,6.16935606352801,2.90719881359522,0.722859243,0.157376882,7.46942193842822,1.62620087713567,corn,112N,Control,9.07655487712323,9.0956228155639,4,0.350430283429464,1.02315759792883
5b,7.212897105,16300000,9.11768133,1.31e+09,8.079405818,1.2e+08,8.53662941,3.44e+08,9.249285376,1.78e+09,19045916.69,35351901.93,18754200.03,1481214853,0,10751544.7,0,5b,5,b,4,36.155,0.0334768518518518,41.89255076,3.4027722274944,0.469106263194933,0.243133232122031,4.61511962183735,2.39197179471647,0.54492466,0.037770452,5.36102944706156,0.371589910063577,corn,112N,Carbon,7.00709141655382,5.73261935712514,4,-0.0102559753070037,0.892664561902976
6b,7.323188318,2.1e+07,9.198200385,1.58e+09,8.110460869,1.29e+08,8.604798691,4.03e+08,9.324247771,2.11e+09,9120592.488,0,24122510.01,1656947222,0,16270091.46,14480705.87,6b,6,b,4,37.927,0.0351175925925926,41.89255076,3.550365148564,0.545869106263195,3.17857006957749,5.39933445729856,31.4400699814155,1.134332966,3.827405766,11.2199847895778,37.8578739798895,corn,112N,Nitrogen,36.8394044387141,49.0778587694673,4,5.42969951402919,8.17759390016983
7b,6.55542645,3590000,9.059855864,1.15e+09,7.510108875,32400000,8.480072528,3.02e+08,9.170902625,1.48e+09,0,0,14685652.06,973758466.6,0,0,0,7b,7,b,4,37.807,0.0350064814814815,37.49408555,3.846613975253,5.74868402533427,0.432853571679976,52.3164534238236,3.93922567709997,0.945277472,0.302163613,8.60258880441809,2.74986910329787,corn,0N,Control,56.2556791009236,11.352457907716,4,12.1248159526243,1.70817970683186
8b,6.703380767,5050000,9.095676427,1.25e+09,7.682336561,48100000,8.546699954,3.52e+08,9.216615333,1.65e+09,0,0,13465069.5,1780380722,0,12465578.52,8228799.333,8b,8,b,4,37.863,0.0350583333333333,37.49408555,4.1397667140235,0.486164672765658,0.166984642814237,4.117169959112,1.41413844637621,0.689496509,-0.069245828,5.83912092505279,-0.586420319711012,corn,0N,Carbon,5.53130840548821,5.25270060534178,4,0.0317267209971512,0.839563986540164
9b,6.980621687,9560000,9.380460191,2.4e+09,7.974519254,94300000,8.837528971,6.88e+08,9.502916256,3.18e+09,0,0,7087155.43,3740663530,6876092.241,9489222.476,11152043.85,9b,9,b,4,38.117,0.0352935185185185,37.49408555,3.842863620386,0.622631949331457,2.99257499916189,5.71835860043968,27.4843220016137,0.667254686,3.676323959,6.12818146654494,33.7639897077604,corn,0N,Nitrogen,33.2026806020534,39.8921711743054,4,4.33238172253833,5.96947033758388
10b,7.129821434,13500000,9.227357268,1.69e+09,7.974107626,94200000,8.777986348,6e+08,9.376928183,2.38e+09,0,21634976.97,25466701.84,3258254468,7816256.489,0,12182733.35,10b,10,b,4,38.218,0.035387037037037,44.57222876,3.2852040013948,0.520281491907108,0.624835548138065,5.60428527908308,6.73050400359653,0.589408306,0.566556775,6.34889448128756,6.10274600055191,corn,112N,Control,12.3347892826796,12.4516404818395,4,-0.459879598690859,0.0246814458845082
11b,7.08737806,12200000,9.179411978,1.51e+09,7.930427394,85200000,8.754642071,5.68e+08,9.335477001,2.17e+09,11470936.16,44244948.95,11112185.58,3524405538,6382269.619,19980912,14007340.31,11b,11,b,4,38.216,0.0353851851851852,44.57222876,4.0811467964012,0.537339901477833,0.324165013944806,4.65895319863253,2.81064113133839,0.656133774,0.151081807,5.68894388207692,1.30994006966905,corn,112N,Carbon,7.46959432997092,6.99888395174597,4,-1.33683121867489,-0.702387080497199
12b,7.062687508,11600000,9.12855671,1.34e+09,7.938071658,86700000,8.68632003,4.86e+08,9.282586781,1.92e+09,10803210.88,0,10308275.58,3153186739,10096017.32,0,9009412.433,12b,12,b,4,38.201,0.0353712962962963,44.57222876,3.0562873061736,0.648219563687544,3.12601362334213,7.50203235341569,36.17825911659,0.93415656,3.764455013,10.8112638507985,43.5671258359562,corn,112N,Nitrogen,43.6802914700057,54.3783896867547,4,5.48315236313278,8.64653524301026
13b,6.895110134,7850000,8.671411402,4.69e+08,8.099117505,1.26e+08,8.538325218,3.45e+08,8.973265038,9.4e+08,28582873.72,23194998.87,13001410.11,2445234938,0,10674909.38,0,13b,13,b,4,38.195,0.0353657407407407,39.15603401,3.8057900726745,1.60349049964814,15.3676733340369,14.9006193741383,142.805866992556,0.811826534,15.68732758,7.54399117650799,145.776290734679,corn,336N,Control,157.706486366694,153.320281911187,4,8.836794815809,11.1604320825326
14b,6.988617272,9740000,8.799538787,6.3e+08,8.150464062,1.41e+08,8.542865416,3.49e+08,9.049498882,1.12e+09,18236565.54,27446784.18,27485976.1,2101276573,11163330.28,12069649.69,7897965.012,14b,14,b,4,38.244,0.0354111111111111,39.15603401,3.8362120556695,1.1343842364532,13.0128552253732,10.4712163083818,120.118402103836,0.811826534,13.70437887,7.49376707576327,126.501683387688,corn,336N,Carbon,130.589618412218,133.995450463451,4,2.75683612741371,7.47823885204167
15b,6.871112724,7430000,8.74691829,5.58e+08,7.992054716,98200000,8.476731175,3e+08,8.980586417,9.56e+08,0,39610870.73,11509589.64,1718993754,6539455.062,24454633.57,10920235.89,15b,15,b,4,38.149,0.0353231481481482,39.15603401,3.6768008647757,2.44788177339902,18.0967878219621,23.5168815802049,173.856442257926,1.078728409,18.10463648,10.3633796890569,173.931844576636,corn,336N,Nitrogen,197.373323838131,184.295224265693,4,15.1281526128671,20.5747959051202
16b,7.373228865,23600000,8.991494553,9.81e+08,8.401872366,2.52e+08,8.724238603,5.3e+08,9.246211533,1.76e+09,11387618.31,50272198.89,20727761.16,2732749052,9500619.315,37720519.36,18617284.38,16b,16,b,4,38.172,0.0353444444444444,37.88436194,4.1418707458408,0.469106263194933,5.59177746656003,4.00309456172285,47.7171500851379,0.556045571,6.414681703,4.74498674603118,54.7393617505205,corn,336N,Control,51.7202446468607,59.4843484965517,4,0.949558552345483,2.47547390528745
17b,7.213805353,16400000,8.991559824,9.81e+08,8.230774099,1.7e+08,8.769686393,5.88e+08,9.240374332,1.74e+09,23846276.5,35760020.59,33215482.31,3990368403,0,16304720.76,23562486.69,17b,17,b,4,38.202,0.0353722222222222,37.88436194,4.1126763959526,0.426460239268121,3.26821027175389,3.66789041977129,28.109155418889,0.222418229,3.934422045,1.91297011119175,33.8390958813853,corn,336N,Carbon,31.7770458386603,35.752065992577,4,-7.08216131371973,-6.13646549666975
18b,7.069709019,11700000,8.646012778,4.43e+08,7.987388875,97100000,8.415651557,2.6e+08,8.903169061,8e+08,13531785.7,0,6801705.322,1031711883,0,11288791.01,0,18b,18,b,4,38.29,0.0354537037037037,37.88436194,3.8940293499814,0.409401829697396,6.3682470072374,3.72745294431717,57.9805446272949,1.1676957,7.396713445,10.6314394790287,67.3443529287945,corn,336N,Nitrogen,61.7079975716121,77.9757924078232,4,-5.07639555314792,-0.0765307666209125
19b,6.927614027,8460000,8.761390131,5.77e+08,8.029912955,1.07e+08,8.496147195,3.13e+08,8.999065285,9.98e+08,12438652.23,29683026.19,22702426.08,1866869769,0,11843271.69,8490744.517,19b,19,b,4,38.028,0.0352111111111111,40.52771432,4.020326511968,0.460577058409571,1.12415280480028,4.03385892429654,9.84563547210837,0.556045571,1.240129829,4.86999807728006,10.8613937378303,corn,112N,Control,13.8794943964049,15.7313918151103,4,1.00109528919965,1.82630800119298
20b,6.918303717,8290000,8.763672672,5.8e+08,8.044440591,1.11e+08,8.48575217,3.06e+08,8.998748832,9.97e+08,0,27536063.33,14075997.16,1216560504,5323639.656,0,12540605.02,20b,20,b,4,38.233,0.0354009259259259,40.52771432,4.038168197672,0.417931034482759,0.360312478336343,3.66382598981368,3.15870828835836,0.54492466,0.201442409,4.77712581040867,1.76596106211233,corn,112N,Carbon,6.82253427817203,6.543086872521,4,-0.361877989946974,0.286785379622409
21b,6.931310298,8540000,8.786314634,6.11e+08,7.997452479,99400000,8.555996307,3.6e+08,9.029605414,1.07e+09,11198079.21,30762935.32,8121894.033,1090003945,5236927.133,0,0,21b,21,b,4,38.045,0.0352268518518518,40.52771432,4.1856594661584,0.469106263194933,3.75434927527293,3.9480366164404,31.5969100662481,0.733980154,4.507273895,6.17723691002696,37.9335851467654,corn,112N,Nitrogen,35.5449466826885,44.1108220567924,4,-0.70217638137062,1.5942151845483
22b,7.380358585,2.4e+07,8.814247191,6.52e+08,8.182950083,1.52e+08,8.565588372,3.68e+08,9.068989629,1.17e+09,12070563.09,35164397.73,15410064.74,1473497558,9472221.811,0,23115108.64,22b,22,b,4,38.102,0.0352796296296296,44.89761115,3.6340025446575,0.520281491907108,0.91704908201297,5.05099765673496,8.90289744380426,0.511561926,0.963146517,4.96634635229761,9.35042063984859,corn,336N,Control,13.9538951005392,14.3167669921462,4,0.55517090518882,1.23641752543328
23b,5.372342007,236000,6.662174827,4590000,6.262699121,1830000,6.445393689,2790000,6.964425696,9210000,0,0,0,53737941.66,0,0,0,23b,23,b,4,38.12,0.0352962962962963,44.89761115,3.7541257523505,0.81027445460943,0.328678959618947,7.61820171135923,3.09024010125531,0.511561926,0.157376882,4.80970604213106,1.47965769494571,corn,336N,Carbon,10.7084418126145,6.28936373707677,4,-0.0258440182239719,-0.56097799631652
24b,7.57307426,37400000,8.845968448,7.01e+08,8.419896603,2.63e+08,8.582789464,3.83e+08,9.129370087,1.35e+09,19500496.12,59101807.27,19737298.92,1166083845,0,14281955.6,15754234.87,24b,24,b,4,38.199,0.0353694444444444,44.89761115,3.4830219992085,0.477635467980296,3.65197076384064,4.85029986984415,37.0850879132402,0.300264609,4.387667465,3.04913159005936,44.5559518944411,corn,336N,Nitrogen,41.9353877830844,47.6050834845004,4,1.6120960477612,2.72634627082263
25b,7.57934986,3.8e+07,8.907910428,8.09e+08,8.429876703,2.69e+08,8.667617524,4.65e+08,9.18841725,1.54e+09,51700000,78900000,45100000,1738537591,11610936.85,13123781.27,28833852.58,25b,25,b,4,38.127,0.0353027777777778,46.16341882,3.6840372501474,0.505673027333677,0.743807577317846,4.8456791557856,7.1276352079308,0.11005504,0.655923725,1.0546170835512,6.28547648423499,corn,336N,Control,11.9733143637164,7.34009356778619,4,-0.996591401674225,-1.58040854226925
26b,7.430805589,2.7e+07,8.846773768,7.03e+08,8.284688692,1.93e+08,8.551145416,3.56e+08,9.097281944,1.25e+09,17300000,39700000,53500000,1596312576,5626941.57,13972098.15,17532504.16,26b,26,b,4,38.232,0.0354,46.16341882,3.52629606729,0.697008767405879,0.22356882169645,6.9971749096866,2.24437657446517,0.132066048,-0.021505696,1.32579284608762,-0.215892716854336,corn,336N,Carbon,9.24155148415177,1.10990012923329,4,-0.730921521354559,-1.8432405483562
27b,7.463564965,29100000,8.836401651,6.86e+08,8.318361166,2.08e+08,8.545267275,3.51e+08,9.095250613,1.25e+09,14100000,36600000,0,1317352830,6999356.987,15834019.26,24256278.5,27b,27,b,4,38.129,0.0353046296296296,46.16341882,3.4676141938038,0.471505930892213,3.84162513882456,4.80051739552464,39.1125266889334,0.124729045,4.231245666,1.26989696421561,43.0793487283083,corn,336N,Nitrogen,43.9130440844581,44.3492456925239,4,4.85658277309418,4.33037834612805
28b,6.777735606,5990000,8.893446032,7.82e+08,7.385864705,24300000,8.590286538,3.89e+08,9.077748372,1.2e+09,0,0,23900000,1749556209,0,0,13927398.58,28b,28,b,4,37.964,0.0351518518518518,45.38233189,3.8325217712787,0.369004641567819,0.427469062620162,3.3845069296788,3.9207420224153,0.146740053,0.247315503,1.34589831751116,2.2683753520392,corn,0N,Control,7.3052489520941,3.61427366955036,4,-1.35576834127303,-1.10570521957973
29b,6.787356484,6130000,8.927795013,8.47e+08,7.31239927,20500000,8.654606215,4.51e+08,9.120180429,1.32e+09,0,0,0,1593380990,0,0,8047033.286,29b,29,b,4,38.187,0.0353583333333333,45.38233189,3.6752228871219,0.321170706549768,0.159027628144021,3.08989719749539,1.52996214320189,0.11005504,-0.107528479,1.05881001203187,-1.03450264652812,corn,0N,Carbon,4.61985934069728,0.0243073655037449,4,-2.1391984082608,-2.62007571916489
30b,6.832680341,6800000,8.815980294,6.55e+08,7.441738211,27700000,8.608332038,4.06e+08,9.036659988,1.09e+09,0,0,19100000,1671353617,0,0,0,30b,30,b,4,37.828,0.0350259259259259,45.38233189,3.8609229586959,0.34850438370294,4.04168062959143,3.16159862784796,36.6657423270976,0.146740053,4.440926201,1.33121180653666,40.287660184566,corn,0N,Nitrogen,39.8273409549455,41.6188719911027,4,4.06286390547963,4.66504788385268
31b,6.910128996,8130000,8.784117228,6.08e+08,8.082310324,1.21e+08,8.522123025,3.33e+08,9.026092084,1.06e+09,18600000,0,13600000,1464505436,0,15666174.41,10455822.84,31b,31,b,4,37.945,0.0351342592592593,37.55170771,3.884283780438,0.328004125838061,3.96449522703963,2.96687437033801,35.8597906364091,0.080707029,4.360279842,0.730014036361373,39.4397554533143,corn,112N,Control,38.8266650067471,40.1697694896757,4,-1.51625110350808,-1.93791544941182
32b,7.01165805,10300000,8.821909418,6.64e+08,8.159402415,1.44e+08,8.562134822,3.65e+08,9.069230277,1.17e+09,27400000,32600000,0,1968894941,6272192.318,19481338.03,7858361.706,32b,32,b,4,37.704,0.0349111111111111,37.55170771,4.0610124476187,0.246003094378545,2.85253316778623,2.11480301336248,24.5222351946027,0.036685013,3.161337296,0.315368293368946,27.1769168462096,corn,112N,Carbon,26.6370382079652,27.4922851395786,4,-6.85643634950387,-7.45322052702229
33b,6.959897123,9120000,8.74926638,5.61e+08,8.131829471,1.35e+08,8.527152994,3.37e+08,9.014305474,1.03e+09,0,31100000,18300000,1695285560,7220016.142,25393200.03,10399290.89,33b,33,b,4,37.65,0.0348611111111111,37.55170771,3.834325146606,0.28017019082001,9.06545558832762,2.54726549751343,82.4217671830131,0.058696021,9.145297177,0.533655449557359,83.1476749731908,corn,112N,Nitrogen,84.9690326805265,83.6813304227481,4,4.48059913775256,4.12957699526587
34b,6.956023416,9040000,9.119563018,1.32e+09,7.707834932,5.1e+07,8.847119093,7.03e+08,9.316227748,2.07e+09,0,0,2.5e+07,3112699877,0,0,6196698.657,34b,34,b,4,37.623,0.0348361111111111,44.93038326,4.0288931606984,0.833677153171738,0.622187071354795,7.20844876751487,5.37978474114097,0.146740053,0.500007429,1.26879829939998,4.32334977828143,corn,0N,Control,12.5882335086558,5.59214807768141,4,0.0219135236961039,-1.28421331380049
35b,6.919831528,8310000,9.216607212,1.65e+09,7.663665476,46100000,8.835943579,6.85e+08,9.376242501,2.38e+09,0,20900000,17400000,3231340319,0,0,0,35b,35,b,4,37.814,0.035012962962963,44.93038326,3.133461192506,0.362171222279525,0.272199634351777,4.0468628181039,3.04152983891553,0.161414058,0.043011392,1.80362356105508,0.480604731497276,corn,0N,Carbon,7.08839265701943,2.28422829255235,4,-0.427086534480467,-0.949533564492125
36b,7.093571331,12400000,9.282052835,1.91e+09,7.831569771,67900000,8.827202339,6.72e+08,9.423914612,2.65e+09,17300000,15700000,15300000,2743682931,0,0,0,36b,36,b,4,36.086,0.033412962962963,44.93038326,3.6670857787166,0.369004641567819,4.36914873861493,3.36221707532078,39.8098691419509,0.13940305,4.779640911,1.27018270846237,43.5501033715654,corn,0N,Nitrogen,43.1720862172717,44.8202860800278,4,4.83113283128182,5.84464237290056
1d,7.128771984,13500000,8.985729459,9.68e+08,7.497587358,31400000,8.823778755,6.66e+08,9.221568003,1.67e+09,0,11613009.76,50330367.62,6991326499,0,0,60996073.08,1d,1,d,30,38.124,0.0353,51.88985987,3.6140337265656,0.20106869,2.25790931163838,1.96393428894338,22.0540827040309,0.20106869,2.384681807,1.96393428894338,23.2923304418344,corn,0N,Control,24.0180169929743,25.2562647307777,15,1.18318198628706,1.37559012243718
2d,7.237106587,17300000,9.076748803,1.19e+09,7.673957792,47200000,8.884253429,7.66e+08,9.302448451,2.01e+09,0,11221876.81,33167338.56,8588055737,14340723.45,36076679.87,60628933.19,2d,2,d,30,38.226,0.0353944444444444,51.88985987,3.4586379739457,0.125667931,2.49434476613983,1.28603994859672,25.5262180995799,0.125667931,2.635229989,1.28603994859672,26.9679862843774,corn,0N,Carbon,26.8122580481766,28.2540262329741,15,1.63906599753466,1.95584236203108
3d,7.185837319,15300000,9.040963644,1.1e+09,7.62136103,41800000,8.873414769,7.47e+08,9.275977518,1.89e+09,7234470.599,0,15114518.32,7899293472,0,20337540.17,44594330.22,3d,3,d,30,38.201,0.0353712962962963,51.88985987,3.3561633754688,0.175935103,7.32909024495119,1.85421624662809,77.2427899461992,0.175935103,7.391171379,1.85421624662809,77.8970757902379,corn,0N,Nitrogen,79.0970061928273,79.751292036866,15,3.59739448299798,3.24035348375221
4d,7.345107227,22100000,9.001289504,1e+09,7.841076784,69400000,8.845771229,7.01e+08,9.248810216,1.77e+09,12500344.53,0,45914066.27,6835316707,0,13227536.32,65753062.89,4d,4,d,30,38.392,0.0355481481481481,41.89255076,3.837997022302,0.343492345,1.41206790442994,3.18148156365454,13.0788009397186,0.343492345,1.471970571,3.18148156365454,13.633629110071,corn,112N,Control,16.2602825033731,16.8151106737255,15,0.883177603716749,1.09643646740172
5d,7.27240003,18700000,8.980407003,9.56e+08,7.779717348,60200000,8.855974905,7.18e+08,9.239013416,1.73e+09,0,13110776.41,28600134.61,7567678092,14115447.06,17472516.54,68099062.65,5d,5,d,30,38.224,0.0353925925925926,41.89255076,3.945495803396,0.184312965,0.789609484451062,1.65335714567558,7.08309631615102,0.184312965,0.78296307,1.65335714567558,7.02347545971379,corn,112N,Carbon,8.7364534618266,8.67683260538937,15,0.4060199398797,0.521416854605089
6d,7.273012214,18800000,8.934458429,8.6e+08,7.746007382,55700000,8.815247369,6.54e+08,9.195662509,1.57e+09,14410807.24,0,37859284.1,6108324644,0,16904369.71,52582602.06,6d,6,d,30,38.453,0.0356046296296296,41.89255076,4.0274273068244,0.167557241,3.66435202592464,1.48129638428449,32.3948483178218,0.167557241,3.847704229,1.48129638428449,34.0157806860393,corn,112N,Nitrogen,33.8761447021062,35.4970770703238,15,1.00933823353596,0.81354289070204
7d,7.083013742,12100000,9.038917726,1.09e+09,7.597112479,39500000,8.893390093,7.82e+08,9.282310778,1.92e+09,0,0,23252936.06,4561008685,0,8372802.242,48795363.97,7d,7,d,30,38.307,0.0354694444444444,37.49408555,3.9134953037145,0.150801517,2.84385201545704,1.36676950251929,25.7748746944283,0.150801517,3.002104113,1.36676950251929,27.2091715432553,corn,0N,Control,27.1416441969476,28.5759410457746,15,1.43531577624072,1.56448606211419
8d,6.992899485,9840000,8.961820719,9.16e+08,7.464790879,29200000,8.784814255,6.09e+08,9.191528931,1.55e+09,0,0,13034838.66,5807142573,0,0,54759361.94,8d,8,d,30,38.338,0.0354981481481481,37.49408555,4.006629116245,0.175935103,1.81123211052398,1.55875928855797,16.047251673327,0.175935103,1.905955816,1.55875928855797,16.8864898539951,corn,0N,Carbon,17.606010961885,18.4452491425531,15,0.996192997740187,1.21729473953512
9d,7.24768116,17700000,9.124620935,1.33e+09,7.799906945,63100000,8.939757524,8.7e+08,9.355244126,2.27e+09,6705982.079,0,28822203.39,7459692482,0,29797598.43,76110955.7,9d,9,d,30,38.591,0.0357324074074074,37.49408555,3.951623911529,0.092156483,6.58786547316701,0.833321457080582,59.5705204499871,0.092156483,6.702163878,0.833321457080582,60.6040593845992,corn,0N,Nitrogen,60.4038419070677,61.4373808416798,15,1.62359142283693,1.27178462997377
10d,7.33949402,21900000,9.025825512,1.06e+09,7.868953751,7.4e+07,8.852108457,7.11e+08,9.266375861,1.85e+09,8771982.359,0,21031514.06,5787170881,0,12801317.36,18387534.52,10d,10,d,30,38.547,0.0356916666666667,44.57222876,3.4625728693628,0.175935103,1.73261335967449,1.8135118849924,17.8595110713426,0.175935103,1.820948397,1.8135118849924,18.7700550010043,corn,112N,Control,19.673022956335,20.5835668859967,15,0.96006232819372,1.11637064292602
11d,7.211375451,16300000,9.00229803,1.01e+09,7.679247188,47800000,8.864824075,7.33e+08,9.251787409,1.79e+09,0,13629332.42,19699704.07,6110284862,0,12459279.05,20384225.22,11d,11,d,30,38.563,0.0357064814814815,44.57222876,3.7485801689612,0.226202276,1.15980525857128,2.15465243239048,11.0475334982035,0.226202276,1.194577941,2.15465243239048,11.3787549434545,corn,112N,Carbon,13.202185930594,13.533407375845,15,0.65838185938211,0.845908466737591
12d,7.223845223,16700000,8.929175645,8.5e+08,7.700258014,50100000,8.784251319,6.08e+08,9.178447278,1.51e+09,0,22553448.75,39687861.53,4927700802,0,13013935.85,0,12d,12,d,30,38.551,0.0356953703703704,44.57222876,3.7568943346472,0.20106869,7.61672877987637,1.91041342133174,72.3688053456734,0.20106869,7.655141786,1.91041342133174,72.7337787408463,corn,112N,Nitrogen,74.2792187670051,74.6441921621781,15,3.30747595286852,2.94720520003374
13d,6.975862824,9460000,8.587339213,3.87e+08,7.89499039,78500000,8.437389815,2.74e+08,8.868622808,7.39e+08,9546460.851,14747027.73,10001810.89,2485990106,0,11210659.42,18124334.51,13d,13,d,30,38.752,0.0358814814814815,39.15603401,3.7589402188622,0.134045793,19.8772495545763,1.27955257576719,189.741022806477,0.134045793,17.56074314,1.27955257576719,167.628491833182,corn,336N,Control,191.020575382244,168.90804440895,15,-0.576385532727278,1.18042521618914
14d,6.887538133,7720000,8.525882697,3.36e+08,7.76364391,5.8e+07,8.387080865,2.44e+08,8.804481732,6.38e+08,8122146.942,7011965.115,20769385.27,2990011566,0,12778297.88,46367642.14,14d,14,d,30,38.721,0.0358527777777778,39.15603401,3.7394701497454,0.083778621,18.000528040389,0.803241144055174,172.582987929096,0.083778621,16.18272813,0.803241144055174,155.154535869897,corn,336N,Carbon,173.386229073151,155.957777013953,15,6.02117090237593,4.88496390700015
15d,6.924090345,8400000,8.472013078,2.96e+08,7.763791805,5.8e+07,8.361645888,2.3e+08,8.766782494,5.84e+08,15236917.65,0,16168156.43,2964946715,11488452.41,0,13099989.13,15d,15,d,30,38.848,0.0359703703703704,39.15603401,4.009617358741,0.125667931,19.7351942287444,1.12736992518596,177.044885390767,0.125667931,17.45783942,1.12736992518596,156.614682554405,corn,336N,Nitrogen,178.172255315953,157.742052479591,15,3.99686287519953,3.3994749865841
16d,7.248731538,17700000,8.789466832,6.16e+08,7.912748446,81800000,8.610666919,4.08e+08,9.043615285,1.11e+09,7899124.29,14821102.76,30499908.54,4600761141,18802942.84,46207223.35,38176428.81,16d,16,d,30,38.8,0.0359259259259259,37.88436194,3.6871842752416,0.125667931,7.42149809206927,1.2244402349743,72.3110565711042,0.125667931,7.476178798,1.2244402349743,72.843835744642,corn,336N,Control,73.5354968060785,74.0682759796163,15,3.35590456198301,2.94326573029296
17d,7.437051926,27400000,8.967361968,9.28e+08,8.139501049,1.38e+08,8.866126108,7.35e+08,9.255323106,1.8e+09,15205883.38,25451970.54,38382475.14,7300977248,26731772.42,41695812.31,52470181.06,17d,17,d,30,39.043,0.0361509259259259,37.88436194,3.8337771810632,0.008377862,6.38811258291891,0.0789997577521282,60.2372474676613,0.008377862,6.514252741,0.0789997577521282,61.4266967485424,corn,336N,Carbon,60.3162472254134,61.5056965062945,15,2.42266208722275,2.11990726549389
18d,7.444297567,27800000,8.878872504,7.57e+08,8.12393893,1.33e+08,8.761198091,5.77e+08,9.166331543,1.47e+09,12107231.52,18367621.18,30983059.18,5882018399,26399947.53,28990820.93,75281838.66,18d,18,d,30,39.073,0.0361787037037037,37.88436194,4.0400010994224,0.117290069,12.8663632753688,1.05034690568392,115.219855942696,0.117290069,12.18290537,1.05034690568392,109.099406852762,corn,336N,Nitrogen,116.27020284838,110.149753758446,15,1.88047656333284,0.948542902583184
19d,7.25375812,17900000,8.95212091,8.96e+08,7.976839166,94800000,8.809516186,6.45e+08,9.213612351,1.64e+09,16028130.41,15647171.52,32504874.47,7402523938,17969466.24,23882887.48,59427861.66,19d,19,d,30,39.016,0.0361259259259259,40.52771432,4.2278847889912,-0.04188931,2.50706254008509,-0.35793078233554,21.422049117944,-0.04188931,2.648652213,-0.35793078233554,22.6318876757304,corn,112N,Control,21.0641183356084,22.2739568933948,15,0.748692894531222,0.695171470885939
20d,7.238480554,17300000,8.972264111,9.38e+08,8.03332089,1.08e+08,8.838099852,6.89e+08,9.239278807,1.73e+09,9031418.404,14480873.01,29056448.4,8466050347,12787051.73,0,45580838.04,20d,20,d,30,39.126,0.0362277777777778,40.52771432,3.8888927606152,0.083778621,0.47961264413259,0.780456919474562,4.46792991234328,0.083778621,0.433985244,0.780456919474562,4.04287851228366,corn,112N,Carbon,5.24838683181784,4.82333543175822,15,0.165251400347694,0.30021449234603
21d,7.240369058,17400000,8.932383771,8.56e+08,7.992323539,98200000,8.833808009,6.82e+08,9.213811893,1.64e+09,8981331.172,16329195.22,27059302.07,7022250923,14085782.98,25675064.2,50375624.23,21d,21,d,30,39.136,0.036237037037037,40.52771432,4.2379950775568,-0.025133586,8.58183465722281,-0.214905083674758,73.3790989910236,-0.025133586,8.527586349,-0.214905083674758,72.9152480619187,corn,112N,Nitrogen,73.1641939073488,72.7003429782439,15,3.65419470981692,3.32306251167641
22d,7.366060605,23200000,8.898655629,7.92e+08,7.931609422,85400000,8.804175675,6.37e+08,9.180228022,1.51e+09,5934635.109,0,28758574.31,6415862574,11642283.52,21775378.27,43725692.25,22d,22,d,30,39.231,0.036325,44.89761115,3.600390087459,0.092156483,3.0588898451224,0.929783763330373,30.8617041278688,0.092156483,3.225807848,0.929783763330373,32.5457706615615,corn,336N,Control,31.7914878911991,33.4755544248919,15,1.51877682756195,1.58876180477487
23d,7.36574906,23200000,8.953708584,8.99e+08,7.902630858,79900000,8.84932248,7.07e+08,9.226767894,1.69e+09,0,9227496.848,25274224.28,6681389729,13987580.47,17059113.87,65581403.75,23d,23,d,30,39.493,0.0365675925925926,44.89761115,3.858269267277,0.125667931,1.32637315571554,1.19104535853332,12.5709922828139,0.125667931,1.440652048,1.19104535853332,13.6540955307996,corn,336N,Carbon,13.7620376413472,14.8451408893329,15,0.604690963558555,0.836707295914678
24d,7.325880448,21200000,8.785701916,6.11e+08,7.852622931,71200000,8.715689274,5.2e+08,9.079676915,1.2e+09,6442787.371,10216984.08,22458438.32,4696578314,23362776.56,8732677.957,29148156.13,24d,24,d,30,39.437,0.0365157407407407,44.89761115,3.9095144889075,0.318358759,7.77849623075438,2.97354209561621,72.6528965478854,0.318358759,7.80278625,2.97354209561621,72.8797707666349,corn,336N,Nitrogen,75.6264386435017,75.8533128622511,15,3.10245035580311,2.72458582755055
25d,7.460249089,28900000,8.889703543,7.76e+08,7.973404156,94100000,8.765601978,5.83e+08,9.162172311,1.45e+09,8380607.371,0,39147972.24,5442677519,13198724.06,14377543.38,25642121.3,25d,25,d,30,39.527,0.0365990740740741,46.16341882,3.71472410142,1.095969539,2.41556875353912,10.7979675598133,23.799231740522,1.095969539,2.500250942,10.7979675598133,24.6335574141433,corn,336N,Control,34.5971993003353,35.4315249739566,15,1.83257987407842,1.97895637753991
26d,7.478300094,30100000,8.908878535,8.11e+08,8.016987724,1.04e+08,8.744070941,5.55e+08,9.167151761,1.47e+09,12962389.68,11178427.96,36050610.16,5730367462,22068643.42,19594826.81,43036079.06,26d,26,d,30,39.853,0.0369009259259259,46.16341882,3.2969522314632,0,0.988818955152596,0,11.0672925952718,0,0.963211428,0,10.7806819936421,corn,336N,Carbon,11.0672925952718,10.7806819936421,15,0.502932095802803,0.607771249283156
27d,7.412073587,25800000,8.858869098,7.23e+08,7.949764014,89100000,8.71050622,5.13e+08,9.122244785,1.33e+09,10183065,9549111.776,45323833.14,5572138228,11227331.65,20666640.39,47523516.67,27d,27,d,30,39.747,0.0368027777777778,46.16341882,3.5257577014782,-0.056203566,5.23864051173954,-0.586667469789389,54.6822949660956,-0.056203566,5.441119878,-0.586667469789389,56.7958273616839,corn,336N,Nitrogen,54.0956274963062,56.2091598918945,15,1.65447669001639,1.71687683510571
28d,6.850636157,7090000,8.799789881,6.31e+08,7.173925286,14900000,8.647824069,4.44e+08,9.037437937,1.09e+09,6605924.143,0,30952432.06,4662134154,0,0,25741136.2,28d,28,d,30,39.92,0.036962962962963,45.38233189,3.9701582949159,-0.037469044,1.84783283249758,-0.348844248201183,17.2036910056761,-0.037469044,1.895682067,-0.348844248201183,17.6491768909578,corn,0N,Control,16.8548467574749,17.3003326427566,15,0.864587522303079,0.99629474991612
29d,6.923544381,8390000,8.957163771,9.06e+08,7.233834324,17100000,8.833683176,6.82e+08,9.205488119,1.61e+09,0,0,29299646.69,5233591282,0,0,46279894.05,29d,29,d,30,39.936,0.0369777777777778,45.38233189,3.9111712133571,0.018734522,1.16650518127193,0.177123667949649,11.0286067821295,0.018734522,1.1579031,0.177123667949649,10.9472792635045,corn,0N,Carbon,11.2057304500792,11.1244029314542,15,0.542210169023358,0.658452727949915
30d,6.803483382,6360000,8.859728533,7.24e+08,7.033009947,10800000,8.704207863,5.06e+08,9.093715718,1.24e+09,0,0,47447764.6,4007405676,0,0,13387128.69,30d,30,d,30,39.906,0.03695,45.38233189,4.0001980123764,0.09367261,6.5793168972149,0.86525790193166,60.773431365131,0.09367261,6.686121884,0.86525790193166,61.7599935926756,corn,0N,Nitrogen,61.6386892670626,62.6252514946072,15,2.07656191273326,2.05642315497468
31d,7.070562609,11800000,8.865982857,7.34e+08,7.854195011,71500000,8.731163938,5.38e+08,9.128541297,1.34e+09,11026413.11,0,35750038.17,5095517432,6530244.573,0,39063556.64,31d,31,d,30,40.141,0.0371675925925926,37.55170771,3.6913185572619,0.018734522,7.05747927106814,0.188636410082545,71.0611967535798,0.018734522,7.444394711,0.188636410082545,74.957017505999,corn,112N,Control,71.2498331636623,75.1456539160815,15,1.82003396895448,1.93996858369088
32d,7.008014636,10200000,8.897599542,7.9e+08,7.80349927,63600000,8.809098166,6.44e+08,9.175474398,1.5e+09,0,0,36945969.4,5713198398,0,0,49097565.03,32d,32,d,30,40.049,0.0370824074074074,37.55170771,3.8624268781365,-0.065570827,5.48847692613068,-0.629532725815062,52.6937968905001,-0.065570827,5.533342249,-0.629532725815062,53.1245401080669,corn,112N,Carbon,52.064264164685,52.4950073822518,15,1.5562509151733,1.50414775691647
33d,7.065948188,11600000,8.907706398,8.09e+08,7.833504925,68200000,8.788473351,6.14e+08,9.173517418,1.49e+09,0,0,34604322.73,4233636581,0,0,38821949.36,33d,33,d,30,40.13,0.0371574074074074,37.55170771,3.9479810385738,-0.074938088,10.780234381944,-0.705298490276955,101.460862391056,-0.074938088,10.13421386,-0.705298490276955,95.3806792562121,corn,112N,Nitrogen,100.755563900779,94.6753807659351,15,2.92614232104972,2.42353835159408
34d,6.944733957,8810000,8.91279875,8.18e+08,7.337974064,21800000,8.804745354,6.38e+08,9.16960119,1.48e+09,0,0,27536007.89,5001541516,0,0,49916423.71,34d,34,d,30,40.178,0.0372018518518518,44.93038326,3.5563958490692,0,2.59046659394539,0,27.0977018715029,0,2.602720243,0,27.2258817637648,corn,0N,Control,27.0977018715029,27.2258817637648,15,1.19317777082313,1.27364230029086
35d,7.086659874,12200000,9.004794956,1.01e+09,7.475911788,29900000,8.86396249,7.31e+08,9.248486872,1.77e+09,0,7378705.525,30450757.57,5592144733,0,0,13581485.92,35d,35,d,30,40.274,0.0372907407407407,44.93038326,3.9066386115356,-0.018734522,2.12582847886196,-0.178830005094608,20.2920532322707,-0.018734522,2.141608389,-0.178830005094608,20.4426800489239,corn,0N,Carbon,20.1132232271761,20.2638500438293,15,0.918331803909581,1.05612533935208
36d,7.120289269,13200000,8.972211738,9.38e+08,7.480111479,30200000,8.832201089,6.8e+08,9.216889919,1.65e+09,0,0,21563869.95,5121410810,0,0,16855494.07,36d,36,d,30,40.282,0.0372981481481481,44.93038326,3.8086146937384,0.056203566,6.47786290920113,0.550407195185339,63.4383653636592,0.056203566,6.568282188,0.550407195185339,64.323850488115,corn,0N,Nitrogen,63.9887725588446,64.8742576833003,15,1.17355214200145,1.08559215470447
1f,6.830248803,6760000,8.741394247,5.51e+08,7.532907568,34100000,8.881343138,7.61e+08,9.129157078,1.35e+09,0,24349608.77,25571435.87,1901897664,0,0,12910443.23,1f,1,f,86,37.66,0.0348703703703704,51.88985987,3.5149268378978,0.256740784,17.4533582883863,2.5470362941078,173.148715689,0.256740784,13.96080951,2.5470362941078,138.500350287531,corn,0N,Control,175.695751983108,141.047386581639,27,3.13667492724967,1.82926264383359
2f,6.866425485,7350000,8.750211949,5.63e+08,7.577549258,37800000,8.840416087,6.92e+08,9.111569957,1.29e+09,22195338.32,0,0,1926195476,0,0,5050799.999,2f,2,f,86,37.63,0.0348425925925926,51.88985987,3.4855796524185,0.194768871,12.253173838439,1.94695089445554,122.485321407793,0.194768871,10.96127219,1.94695089445554,109.571198852876,corn,0N,Carbon,124.432272302249,111.518149747331,27,2.4252223605051,1.89361787010604
3f,6.948913971,8890000,8.791732614,6.19e+08,7.611195872,40900000,8.863927971,7.31e+08,9.143304651,1.39e+09,14083053.39,0,37878222.61,1904395733,0,0,10702204.89,3f,3,f,86,37.68,0.0348888888888889,51.88985987,3.0415230590186,0.115090696,20.0320128427326,1.32018940082753,229.784439154113,0.115090696,15.29393721,1.32018940082753,175.434631150061,corn,0N,Nitrogen,231.104628554941,176.754820550888,27,3.50875317505553,1.64423549199297
4f,7.051025666,11200000,8.675511096,4.74e+08,7.770911137,5.9e+07,8.789511261,6.16e+08,9.060175596,1.15e+09,25445054.26,0,39080656.23,1971568555,14106734.52,11999142.93,19302414.83,4f,4,f,86,37.62,0.0348333333333333,41.89255076,3.5927835865092,0.513481568,13.0240500327446,4.97838909246555,126.272864818278,0.513481568,11.4380505,4.97838909246555,110.896027037664,corn,112N,Control,131.251253910743,115.87441613013,27,4.68617385263536,4.13210757492537
5f,6.713969256,5180000,8.075203651,1.19e+08,7.542465275,34900000,8.261632641,1.83e+08,8.52689793,3.36e+08,0,17036397.73,23891465.23,1199562457,0,0,6910868.26,5f,5,f,86,37.46,0.0346851851851852,41.89255076,3.0488978616228,0.194768871,7.19829713058653,2.21574964644723,81.8900075778498,0.194768871,7.42940957,2.21574964644723,84.5192126622699,corn,112N,Carbon,84.105757224297,86.7349623087171,27,2.20437679002493,2.26679991999104
6f,6.751727797,5650000,8.074190126,1.19e+08,7.649950625,44700000,8.286160165,1.93e+08,8.552132832,3.57e+08,21054492,30078854.33,32980052.68,1275851832,0,0,9564526.531,6f,6,f,86,37.47,0.0346944444444444,41.89255076,3.753741220904,0.327565828,17.1597962394286,3.02757003017579,158.601662254029,0.327565828,13.97006734,3.02757003017579,129.120175496822,corn,112N,Nitrogen,161.629232284205,132.147745526997,27,2.46314508111762,1.45474562493462
7f,6.748115701,5600000,8.770183092,5.89e+08,7.656214093,45300000,8.878982284,7.57e+08,9.143391463,1.39e+09,4857078.714,0,0,1593153073,8951033.749,0,12760173.47,7f,7,f,86,37.75,0.0349537037037037,37.49408555,4.2910310269925,0.256740784,10.148227713711,2.09134849786494,82.6650150957738,0.256740784,9.586484249,2.09134849786494,78.0891883307173,corn,0N,Control,84.7563635936388,80.1805368285822,27,0.737076831677886,0.527458103939733
8f,6.614810797,4120000,8.728864303,5.36e+08,7.44243516,27700000,8.815364351,6.54e+08,9.085292417,1.22e+09,0,0,0,1253534589,0,0,5331217.7,8f,8,f,86,37.6,0.0348148148148148,37.49408555,4.190396504728,0.327565828,10.033038868283,2.72149512071573,83.3568827758902,0.327565828,9.507792683,2.72149512071573,78.9930120414184,corn,0N,Carbon,86.0783778966059,81.7145071621341,27,1.31977277783526,1.11660252274643
9f,6.641304733,4380000,8.746772642,5.58e+08,7.51401441,32700000,8.818423724,6.58e+08,9.096610272,1.25e+09,14420731.53,0,0,1262776926,0,0,11889122.44,9f,9,f,86,37.86,0.0350555555555555,37.49408555,4.2335255856985,0.044265652,16.3306849517142,0.36654013102719,135.225646331044,0.044265652,13.46088662,0.36654013102719,111.462384998575,corn,0N,Nitrogen,135.592186462071,111.828925129602,27,1.05822935215645,0.284806944060792
10f,7.017433923,10400000,8.736206663,5.45e+08,7.774051746,59400000,8.808862259,6.44e+08,9.096271343,1.25e+09,0,16836636.54,18864486.04,1424751540,0,0,14127952.45,10f,10,f,86,37.82,0.0350185185185185,44.57222876,3.6848382320352,0.221328262,14.5890077507135,2.10337261867741,138.645282618825,0.221328262,12.36846254,2.10337261867741,117.542537074516,corn,112N,Control,140.748655237502,119.645909693194,27,4.02332437675641,3.19490945814778
11f,7.016570097,10400000,8.775974997,5.97e+08,7.753626363,56700000,8.873550116,7.47e+08,9.146469581,1.4e+09,0,0,30942857.35,1596703297,0,0,14376761.48,11f,11,f,86,37.82,0.0350185185185185,44.57222876,3.802345107064,0.354125219,9.79100263851974,3.26139269062859,90.1723535233269,0.354125219,9.341151721,3.26139269062859,86.0293543367271,corn,112N,Carbon,93.4337462139555,89.2907470273557,27,2.59535387391817,2.40547093007468
12f,7.127494998,13400000,8.731277808,5.39e+08,7.86754738,73700000,8.799512806,6.3e+08,9.094323556,1.24e+09,15911749.04,21067655.73,0,1645552927,0,10786121.77,10338499.33,12f,12,f,86,37.94,0.0351296296296296,44.57222876,3.9015608175836,0.309859567,20.036632796317,2.78997363743495,180.409718589354,0.309859567,15.4096601,2.78997363743495,138.74848486067,corn,112N,Nitrogen,183.199692226789,141.538458498105,27,2.69246680495547,1.22024893421752
13f,4.549334881,35400,8.171023881,1.48e+08,6.131499053,1350000,6.807112771,6410000,8.193200729,1.56e+08,0,0,0,67040591.4,0,0,0,13f,13,f,86,37.86,0.0350555555555555,39.15603401,3.8276939004309,0.150503218,24.950947547602,1.37836881870176,228.51078238525,0.150503218,17.6315396,1.37836881870176,161.476709490327,corn,336N,Control,229.889151203952,162.855078309029,27,1.91792223438036,-0.0862907950723171
14f,6.137164106,1370000,7.818894066,65900000,7.347200129,22200000,7.954495757,90100000,8.250900769,1.78e+08,0,0,0,403481894.2,0,0,0,14f,14,f,86,37.84,0.035037037037037,39.15603401,3.9274780046545,0.061971913,24.6853387853567,0.552851526721166,220.217943491815,0.061971913,17.51118779,0.552851526721166,156.21733194524,corn,336N,Carbon,220.770795018536,156.770183471961,27,1.35719839084156,-0.538183239452919
15f,6.353926976,2260000,8.318703383,2.08e+08,7.436274234,27300000,8.458366817,2.87e+08,8.718447228,5.23e+08,0,23413142.8,22696810.26,738737548.5,0,0,7317965.577,15f,15,f,86,37.81,0.0350092592592593,39.15603401,4.2122277654877,0.044265652,21.4211785135431,0.367906906612568,178.038708724165,0.044265652,15.97901672,0.367906906612568,132.807048954474,corn,336N,Nitrogen,178.406615630777,133.174955861086,27,0.254114265298286,-0.966554052864021
16f,7.174526022,14900000,8.659382128,4.56e+08,8.004482455,1.01e+08,8.771074031,5.9e+08,9.059857713,1.15e+09,13679976.05,74840798.6,44303575.86,1154252479,0,16240546,5403145.092,16f,16,f,86,37.94,0.0351296296296296,37.88436194,4.2226210753188,0.00885313,20.2171979384588,0.0736526371690793,168.194745173375,0.00885313,15.38651552,0.0736526371690793,128.006416362458,corn,336N,Control,168.268397810544,128.080068999627,27,2.38972158537811,0.972603777673035
17f,6.887286871,7710000,8.6321709,4.29e+08,7.708215307,51100000,8.779054572,6.01e+08,9.033842684,1.08e+09,21114896.9,0,0,1073780621,0,0,7040752.845,17f,17,f,86,37.94,0.0351296296296296,37.88436194,4.2505731124458,0.00885313,15.2912377095544,0.0731682927773493,126.377197404841,0.00885313,12.7711782,0.0731682927773493,105.54971017587,corn,336N,Carbon,126.450365697618,105.622878468647,27,1.33804993241569,0.60656658965087
18f,7.003132784,10100000,8.595138283,3.94e+08,7.864457746,73200000,8.691044647,4.91e+08,8.98128606,9.58e+08,0,36562719.83,30218957.86,997599984,0,0,0,18f,18,f,86,38.04,0.0352222222222222,37.88436194,3.9561449880414,0.00885313,21.6601260792173,0.0788209009439264,192.843734602671,0.00885313,16.09473961,0.0788209009439264,143.294165624824,corn,336N,Nitrogen,192.922555503615,143.372986525768,27,1.7474780479358,0.199513408784315
19f,6.662811792,4600000,8.544420578,3.5e+08,7.615592347,41300000,8.645552253,4.42e+08,8.921000701,8.34e+08,0,28917963.88,28419772.89,1322223535,0,0,5770634.293,19f,19,f,86,37.96,0.0351481481481481,40.52771432,4.1606811061728,0.044265652,2.41629570550896,0.373942548027076,20.4121193765519,0.044265652,2.911587925,0.373942548027076,24.5961949793345,corn,112N,Control,20.7860619245789,24.9701375273616,27,0.664565884516857,0.829960205037395
20f,6.543906343,3500000,8.40364232,2.53e+08,7.570837722,37200000,8.555533025,3.59e+08,8.812841284,6.5e+08,16443414.73,0,0,1221467103,0,18908060.34,0,20f,20,f,86,38,0.0351851851851852,40.52771432,4.1238082890512,1.407647747,0.371155820543144,12.0103416992498,3.16677822124814,1.407647747,0.060175903,12.0103416992498,0.513433249640198,corn,112N,Carbon,15.177119920498,12.52377494889,27,0.0587695133374082,-0.0211188006660487
21f,4.869515629,74000,6.429356244,2690000,5.918765282,829000,6.749192685,5610000,6.960466973,9130000,0,0,0,67207350.51,0,0,0,21f,21,f,86,38.03,0.035212962962963,40.52771432,4.2903306889552,0.168209479,10.2230672656566,1.38058219365107,83.9060005141724,0.168209479,9.63740232,1.38058219365107,79.0991453938428,corn,112N,Nitrogen,85.2865827078235,80.4797275874939,27,0.407422914533812,0.218356624131686
22f,7.384540332,24200000,8.774307652,5.95e+08,8.057274113,1.14e+08,8.878529226,7.56e+08,9.165785212,1.46e+09,18919827.25,56083339.97,43585412.77,1526304944,6355325.897,0,6626517.01,22f,22,f,86,37.99,0.0351759259259259,44.89761115,4.0671073210185,0.18591574,16.851466142153,1.60796305150512,145.746319920365,0.18591574,13.63678542,1.60796305150512,117.942929935161,corn,336N,Control,147.354282971871,119.550892986666,27,3.95791111719558,2.87829935567947
23f,7.51706575,32900000,8.782908141,6.07e+08,8.187048307,1.54e+08,8.913380552,8.19e+08,9.198553413,1.58e+09,35210194.02,50156123.73,32751685.51,1915024754,13772022.57,26980822.27,20174039.39,23f,23,f,86,38,0.0351851851851852,44.89761115,3.5733899169225,0.212475132,9.5118774368834,2.09212457651562,93.6581724514855,0.212475132,9.146737265,2.09212457651562,90.0628400458542,corn,336N,Carbon,95.7502970280012,92.1549646223698,27,2.02699406201353,1.84373189411128
24f,7.618492668,41500000,8.854866958,7.16e+08,8.244588405,1.76e+08,9.001208671,1e+09,9.277457206,1.89e+09,12299881.74,25431409.08,32935109.55,1997089758,8699959.592,25593967.36,25096448.49,24f,24,f,86,38.01,0.0351944444444444,44.89761115,3.695166196281,0.097384435,19.7281927672538,0.927533676512469,187.900285793696,0.097384435,15.14118299,0.927533676512469,144.211517225137,corn,336N,Nitrogen,188.827819470208,145.13905090165,27,4.04104868123594,2.41007002705353
25f,7.436247564,27300000,8.765560492,5.83e+08,8.094845797,1.24e+08,8.873480339,7.47e+08,9.162724784,1.45e+09,19654624.31,43046446.99,21661174.86,1936002564,0,0,16126570.79,25f,25,f,86,38.21,0.0353796296296296,46.16341882,3.8401633355694,0.118118535,9.50636745798765,1.08823236292755,87.5826704222458,0.118118535,8.818495769,1.08823236292755,81.2452718632643,corn,336N,Control,88.6709027851733,82.3335042261919,27,0.77631039317699,0.547850648980715
26f,7.381906559,24100000,8.798792877,6.29e+08,8.0576808,1.14e+08,8.859522272,7.24e+08,9.16644474,1.47e+09,21808224.95,28734337.27,35256650.84,2438191224,25581298.15,43343386.64,25669881,26g,26,f,113,39.06,0.0361666666666667,46.16341882,3.6899592740772,0.070104253,22.1481182373362,0.687117922405997,217.081964890787,0.070104253,11.68445292,0.687117922405997,114.523679680904,corn,336N,Carbon,217.769082813193,115.21079760331,27,4.47604986519343,0.859127959392539
27f,7.562070256,36500000,8.797959167,6.28e+08,8.236205364,1.72e+08,8.82435632,6.67e+08,9.166614121,1.47e+09,22702512.75,84528385.7,42364506.25,1806530851,15719307.78,10860608.4,13958895.87,27g,27,f,113,37.59,0.0348055555555555,46.16341882,3.5946685253886,0.110163826,27.9522470778578,1.06666668678193,270.64901303127,0.110163826,16.55462812,1.06666668678193,160.291004486967,corn,336N,Nitrogen,271.715679718052,161.357671173749,27,4.28364673691431,1.11907406146609
28f,6.702205423,5040000,8.789067801,6.15e+08,7.200285976,15900000,8.837546795,6.88e+08,9.120266633,1.32e+09,0,0,33784278.09,2374880064,0,0,0,28g,28,f,113,38.96,0.0360740740740741,45.38233189,3.44091309093,0.180268079,20.8657326150036,1.88990650539198,218.753558742172,0.180268079,10.79175278,1.88990650539198,113.139297299019,corn,0N,Control,220.643465247564,115.029203804411,27,2.98402131403088,-0.185628695005815
29f,4.508687505,32300,6.484386303,3050000,5.584055922,384000,6.757429483,5720000,6.961649078,9150000,0,0,0,0,0,0,0,29g,29,f,113,39.21,0.0363055555555555,45.38233189,3.888777969432,0.260387225,19.1442029257364,2.43097007273347,178.729906502909,0.260387225,9.660999273,2.43097007273347,90.194901479375,corn,0N,Carbon,181.160876575642,92.6258715521085,27,4.43960381024519,1.0725494019315
30f,5.578400344,379000,7.520259506,33100000,6.382651658,2410000,7.651316376,44800000,7.904987967,80400000,0,0,0,224958668.3,0,0,0,30g,30,f,113,39.36,0.0364444444444444,45.38233189,3.6255208091418,0.230342545,26.3376013187712,2.31544832490744,264.750720956169,0.230342545,15.0172001,2.31544832490744,150.955833262782,corn,0N,Nitrogen,267.066169281076,153.271281587689,27,4.62969646381444,1.17125069610863
31f,6.727629758,5340000,8.548425089,3.54e+08,7.812857829,6.5e+07,8.693533849,4.94e+08,8.960138212,9.12e+08,0,49547362.26,0,1362349187,0,15184287.13,0,31g,31,f,113,39.28,0.0363703703703704,37.55170771,4.0916121108408,0.280417011,26.9600083741949,2.49262888854985,239.64771420042,0.280417011,15.5875363,2.49262888854985,138.557725667718,corn,112N,Control,242.14034308897,141.050354556268,27,3.17143987316602,0.383790843816353
32f,6.99184237,9810000,8.759821918,5.75e+08,8.098108831,1.25e+08,8.883232309,7.64e+08,9.165776561,1.46e+09,31116619.62,28007534.08,37096757.68,2006596344,21750927.5,0,0,32g,32,f,113,39.36,0.0364444444444444,37.55170771,4.0578900330042,0.110163826,25.4374095835811,0.989395819943426,228.456723282141,0.110163826,14.42206668,0.989395819943426,129.526478938171,corn,112N,Carbon,229.446119102085,130.515874758115,27,3.00284792753467,0.161662274466401
33f,6.778516187,6010000,8.588481153,3.88e+08,7.819188817,65900000,8.723839751,5.29e+08,8.992598146,9.83e+08,0,0,19032121.74,1300594729,0,0,0,33g,33,f,113,39.26,0.0363518518518519,37.55170771,4.0928610766866,0.03004468,28.0034212907287,0.266849945754933,248.719954826728,0.03004468,16.49015533,0.266849945754933,146.461771445092,corn,112N,Nitrogen,248.986804772483,146.728621390847,27,1.31509734157753,-0.942132264339437
34f,6.69456028,4950000,8.754960345,5.69e+08,7.365551519,23200000,8.84903323,7.06e+08,9.113400474,1.3e+09,0,0,0,1784373071,0,0,0,34g,34,f,113,39.45,0.0365277777777778,44.93038326,3.7964993780556,0.120178719,23.9797912712114,1.15629191634381,230.720039564689,0.120178719,12.94911145,1.15629191634381,124.589053852955,corn,0N,Control,231.876331481033,125.745345769298,27,4.444584633831,0.837970242066956
35f,6.75068692,5630000,8.84460178,6.99e+08,7.423043954,26500000,8.901606893,7.97e+08,9.182688771,1.52e+09,0,0,0,2582854498,0,0,0,35g,35,f,113,39.52,0.0365925925925926,44.93038326,3.8168751362494,0.340506371,20.0713464244793,3.26445337204005,192.425105951323,0.340506371,9.864336527,3.26445337204005,94.5699387178368,corn,0N,Carbon,195.689559323363,97.8343920898769,27,3.75505709249875,0.266618719695743
36f,6.784457971,6090000,8.686573896,4.86e+08,7.4875252,30700000,8.804033413,6.37e+08,9.062018381,1.15e+09,0,0,0,1877908850,0,0,0,36g,36,f,113,39.44,0.0365185185185185,44.93038326,3.7904417202142,0.841251034,0.738933022945415,8.10492384041081,7.11915425014161,0.841251034,0.307485603,8.10492384041081,2.96243011136411,corn,0N,Nitrogen,15.2240780905524,11.0673539517749,27,-5.82746365412075,-4.77253743438021
37b,7.720583523,52600000,9.326440658,2.12e+09,8.226983649,1.69e+08,8.872619326,7.46e+08,9.482152304,3.03e+09,32700000,49600000,33300000,3446046483,17714960.53,22986357.36,20653067.78,37b,37,b,4,37.71,0.0349166666666667,54.70784056,3.202155672408,0.341670964414647,6.24524959398008,3.72561873769661,68.0989060594782,0.124729045,6.623754334,1.36005957656694,72.2261644413577,mxg,336N,Control,71.8245247971748,73.5862240179247,4,-2.60579233140774,-1.09149633820549
38b,7.882265129,76300000,9.400068192,2.51e+09,8.334335629,2.16e+08,8.889648736,7.76e+08,9.544544473,3.5e+09,66300000,55100000,5.2e+07,3427922734,12393980.08,46699025.05,35348386.23,38b,38,b,4,38.08,0.0352592592592593,54.70784056,3.3217269733296,0.915678184631253,4.0107703211168,9.71968339637456,42.5732733957505,0.102718037,4.295762754,1.09032498042873,45.5983932080159,mxg,336N,Carbon,52.292956792125,46.6887181884446,4,-3.5527615601585,-4.95950811193575
39b,7.811805917,64800000,9.374335598,2.37e+09,8.272006787,1.87e+08,8.90208478,7.98e+08,9.525429703,3.35e+09,44500000,70800000,64600000,3294571695,16298336.91,43432950.11,17070746.8,39b,39,b,4,37.939,0.0351287037037037,54.70784056,3.3135743846304,0.389504899432697,6.93880312295936,4.12931795549184,73.5613964471063,0.154077056,7.268925211,1.633440695603,77.0611703078103,mxg,336N,Nitrogen,77.6907144025982,78.6946110034133,4,-9.39034792881476,-7.81022847743146
40b,7.56986096,37100000,9.272775247,1.87e+09,7.958564213,90900000,8.802992324,6.35e+08,9.415014136,2.6e+09,19700000,53100000,22200000,2630077301,10508787.39,8084754.196,22885308.41,40b,40,b,4,37.987,0.0351731481481481,48.8302975,2.9739831093,NA,NA,0,0,-0.484242174,-0.252691927,-5.72710775404918,-2.98857466823476,mxg,112N,Control,0,-8.71568242228395,4,-12.3483960542428,-14.582212532595
41b,7.263921303,18400000,9.238426636,1.73e+09,7.74981169,56200000,8.780093924,6.03e+08,9.378473519,2.39e+09,0,14600000,14900000,2891430481,6373059.329,13536180.79,13603128.59,41b,41,b,4,37.913,0.0351046296296296,48.8302975,3.407390489475,0.403171738009283,1.85715307346673,4.1536755425207,19.1333136049291,0.066033024,2.021535414,0.680305018753986,20.8268621429956,mxg,112N,Carbon,23.2869891474498,21.5071671617496,4,-19.9801044335848,-20.8630181843136
42b,7.304708183,20200000,9.239970472,1.74e+09,7.784387463,60900000,8.748186028,5.6e+08,9.372644697,2.36e+09,0,24100000,17100000,2105992508,0,11148430.94,12309785.98,42b,42,b,4,36.069,0.0333972222222222,48.8302975,3.441162493125,0.423671995874162,6.54053818386079,4.1118278557931,63.4773300056987,0.183425066,6.790423477,1.78017972198829,65.9025205282935,mxg,112N,Nitrogen,67.5891578614918,67.6827002502818,4,-1.84110030170942,-1.46486370370123
43b,6.950607325,8920000,8.863392144,7.3e+08,7.820322399,66100000,8.391323752,2.46e+08,9.018057366,1.04e+09,15700000,0,21300000,1194815817,11620546.88,0,10773649.97,43b,43,b,4,37.089,0.0343416666666667,38.54459018,4.096003064503,0.410005157297576,6.33660952074568,3.43756101296669,53.1273362181136,0.058696021,6.709777117,0.492118574155962,56.2560441315492,mxg,336N,Control,56.5648972310803,56.7481627057052,4,0.384316380124281,0.83199429842683
44b,7.01940317,10500000,8.899128565,7.93e+08,7.90404153,80200000,8.385229134,2.43e+08,9.047547634,1.12e+09,0,23600000,24200000,1684997918,0,13675869.33,6357613.114,44b,44,b,4,40.874,0.0378462962962963,38.54459018,3.3204357925746,0.46467251160392,0.207401392238199,5.29633296756815,2.36395914068406,0.293480106,-0.043011392,3.34508351993525,-0.49024344617306,mxg,336N,Carbon,7.66029210825221,2.85484007376219,4,-9.7826936395951,-10.9048339393492
45b,6.716731704,5210000,8.833072299,6.81e+08,7.713848945,51700000,8.38971828,2.45e+08,8.990310919,9.78e+08,0,0,0,951409278,7085351.946,0,6395728.948,45b,45,b,4,37.712,0.0349185185185185,38.54459018,4.3055660119892,1.44185146982981,10.4600497975378,11.6935420592807,84.8319225725218,1.034517373,10.2259584,8.39002675751339,82.9334207780567,mxg,336N,Nitrogen,96.5254646318025,91.3234475355701,4,7.2402787707154,6.86947354856411
46b,6.889339607,7750000,9.036341348,1.09e+09,7.852310886,71200000,8.52372603,3.34e+08,9.173895843,1.49e+09,0,0,0,2616458834,5342965.576,13853545.57,10893240.69,46b,46,b,4,38.011,0.0351953703703704,39.06003785,4.184137801219,0.287003610108303,5.78240924596629,2.41416483760459,48.6394198072411,-0.051359019,6.1452526,-0.43201246742812,51.6915196276446,mxg,112N,Control,51.0535846448457,51.2595071602164,4,2.12267068075728,1.90290737788185
47b,7.14208875,13900000,9.034743433,1.08e+09,7.962521123,91700000,8.545314548,3.51e+08,9.183561596,1.53e+09,22800000,21300000,16100000,2033611618,7618105.964,0,12286238.1,47b,47,b,4,38.027,0.0352101851851852,39.06003785,4.187794198948,0.218669417225374,3.08135562988908,1.83853129095409,25.9074580066666,-0.022011008,3.414029222,-0.185064411232835,28.7045149363956,mxg,112N,Carbon,27.7459892976207,28.5194505251628,4,-6.47402614662654,-6.43188685824287
48b,7.23162346,1.7e+07,9.037021256,1.09e+09,7.993678154,98600000,8.546871514,3.52e+08,9.187465701,1.54e+09,17500000,0,2.1e+07,1981003560,5247007.103,0,12226820.46,48b,48,b,4,38.111,0.035287962962963,39.06003785,4.370614085398,0.369004641567819,11.1013251994074,2.97931180158654,89.6311467501306,0.058696021,10.62919019,0.473906635234916,85.8191692110591,mxg,112N,Nitrogen,92.6104585517171,86.293075846294,4,5.52053095153754,5.63174629210304
49b,6.817218883,6560000,8.799680569,6.3e+08,7.256064506,1.8e+07,8.36718565,2.33e+08,8.945190271,8.81e+08,0,0,0,869658358.9,0,0,0,49b,49,b,4,37.917,0.0351083333333333,51.50953066,3.4699779859704,0.369004641567819,0.465581467195496,3.73349283773257,4.71063200118564,0.086596597,0.359220088,0.876161810046211,3.63449527360803,mxg,0N,Control,8.44412483891821,4.51065708365424,4,-1.62921381868412,-2.32742952167547
50b,6.703551549,5050000,8.783190648,6.07e+08,7.244054387,17500000,8.337403443,2.17e+08,8.925320232,8.42e+08,0,0,31600000,857877575.7,0,0,0,50b,50,b,4,37.949,0.035137962962963,51.50953066,3.498587362881,0.365232089455207,0.205197106185091,3.66819813285857,2.06089131680321,0.078724179,0.072814883,0.790664059254409,0.731314212459616,mxg,0N,Carbon,5.72908944966178,1.52197827171402,4,-1.81119365405974,-1.90867755614979
51b,6.753741606,5670000,8.73498124,5.43e+08,7.196207623,15700000,8.272378325,1.87e+08,8.872837346,7.46e+08,0,0,13600000,535533379.7,0,0,0,51b,51,b,4,37.782,0.0349833333333333,51.50953066,3.5611400683296,0.344558574957743,4.50219854618511,3.38481701065441,44.2279465148701,0.14957594,4.849471189,1.46937915029024,47.6394255322735,mxg,0N,Nitrogen,47.6127635255245,49.1088046825637,4,4.64664170288223,3.98659988531791
52b,6.336970059,2170000,8.527593983,3.37e+08,7.070761166,11800000,8.086610914,1.22e+08,8.672847771,4.71e+08,0,0,0,603910678,0,0,0,52b,52,b,4,38.107,0.0352842592592593,44.67019051,4.20506552124,0.351449746456898,0.30264909884986,2.94897758618738,2.53949652257753,0.047234508,0.150484091,0.396339752100722,1.2626960636923,mxg,0N,Control,5.48847410876491,1.65903581579302,4,-0.857187642048683,-1.11371930371926
53b,6.398142298,2500000,8.561864629,3.65e+08,7.153368679,14200000,8.143136006,1.39e+08,8.714258016,5.18e+08,0,0,14200000,616295956.5,0,0,0,53b,53,b,4,38.27,0.0354351851851852,44.67019051,4.1696544431664,0.344558574957743,0.182822191844302,2.92817955952708,1.55368707701464,0.102341433,-0.004854326,0.869733374768173,-0.0412537640957684,mxg,0N,Carbon,4.48186663654172,0.828479610672405,4,-1.0276062196006,-1.03236646236998
54b,6.424628871,2660000,8.474477757,2.98e+08,7.157779747,14400000,8.041446107,1.1e+08,8.625902469,4.23e+08,0,0,2e+07,535800566.8,0,0,0,54b,54,b,4,38.209,0.0353787037037037,44.67019051,4.1264971917642,0.399687946950982,3.43144386619837,3.42674205070159,29.4196336932975,0.007872418,3.762102274,0.0674945191795053,32.2545479784932,mxg,0N,Nitrogen,32.8463757439991,32.3220424976727,4,3.51591239096309,3.16704991792898
55b,7.460447616,28900000,8.664808488,4.62e+08,8.082150059,1.21e+08,8.217352905,1.65e+08,8.873872865,7.48e+08,19500000,20500000,64500000,652852325,15224013.37,32147126.81,8423735.421,55b,55,b,4,38.302,0.0354648148148148,53.54534388,3.5937321974432,0.45481731894422,6.77894738527718,4.48837339699469,66.898171719438,0.267662209,6.985374416,2.6414296206776,68.9353008139669,mxg,336N,Control,71.3865451164326,71.5767304346445,4,2.13943168759213,1.39077111560522
56b,7.604610423,40200000,8.852557354,7.12e+08,8.12961384,1.35e+08,8.382115896,2.41e+08,9.036612169,1.09e+09,27900000,40300000,33200000,648082521.5,25719965.73,21844547.08,11169464.74,56b,56,b,4,38.257,0.0354231481481481,53.54534388,3.5370575169768,0.45481731894422,3.57607603992856,4.55493335688675,35.813913328643,0.314896717,3.912586365,3.15364763058492,39.1840182933413,mxg,336N,Carbon,40.3688466855297,42.3376659239263,4,-5.38782930399124,-6.01677393754112
57b,7.631756837,42800000,8.84428631,6.99e+08,8.156729874,1.43e+08,8.379331581,2.4e+08,9.034093551,1.08e+09,27300000,22200000,25700000,430806124.1,18047407.68,30299338.87,0,57b,57,b,4,38.197,0.0353675925925926,53.54534388,3.103171028816,0.351449746456898,9.54291212704657,4.00555797087346,108.762883232082,0.086596597,9.33001364,0.986962411726784,106.336427557057,mxg,336N,Nitrogen,112.768441202955,107.323389968784,4,-3.79985013604163,-2.94820226466468
58b,7.02481277,10600000,8.696460545,4.97e+08,7.611036859,40800000,8.235630668,1.72e+08,8.851255353,7.1e+08,17700000,25100000,1.8e+07,429342445.6,0,0,0,58b,58,b,4,37.743,0.0349472222222222,45.74196993,3.7801569549769,0.427252632947601,3.32025436883055,3.94991342594678,30.695462819092,0.031489672,3.645598462,0.291119278431023,33.7032406595625,mxg,112N,Control,34.6453762450388,33.9943599379936,4,0.651587662923919,0.21182912177016
59b,6.950297375,8920000,8.613825007,4.11e+08,7.521635874,33200000,8.151082798,1.42e+08,8.767770522,5.86e+08,0,0,16200000,556637148.4,10853465.47,0,0,59b,59,b,4,38.329,0.0354898148148148,45.74196993,3.9076633256414,0.310102717461969,1.61761119225865,2.81638593173573,14.6913172583025,0.031489672,1.762120162,0.285992557374636,16.0037631237247,mxg,112N,Carbon,17.5077031900382,16.2897556810994,4,-4.65722003754284,-5.66546264417074
60b,6.899249142,7930000,8.520199389,3.31e+08,7.502054466,31800000,8.047616541,1.12e+08,8.676367686,4.75e+08,0,0,13400000,538734781.4,0,0,0,60b,60,b,4,38.21,0.0353796296296296,45.74196993,3.819765316928,0.523729033935769,7.63012670969382,4.85091038572842,70.6721577421978,0.070851761,7.732940545,0.656246877701646,71.6244454122843,mxg,112N,Nitrogen,75.5230681279263,72.2806922899859,4,4.45559829545754,2.51464483870279
61b,6.651933779,4490000,8.46643483,2.93e+08,7.211812596,16300000,8.009029167,1.02e+08,8.613942085,4.11e+08,0,0,0,530215644.7,0,0,0,61b,61,b,4,38.283,0.0354472222222222,51.65241239,3.7024582591738,0.509946690937459,0.56901009485053,4.88221403451573,5.4476852585383,0.259789791,0.490286877,2.48721951957849,4.69399157670356,mxg,0N,Control,10.329899293054,7.18121109628205,4,-1.7095019376729,-1.92625464784605
62b,6.501914334,3180000,8.503608363,3.19e+08,7.135318128,13700000,8.049775001,1.12e+08,8.648033603,4.45e+08,0,0,0,604054364.3,0,0,0,62b,62,b,4,38.34,0.0355,51.65241239,3.7184129630851,0.489273176439995,0.246328820586504,4.67113199530396,2.35172188179056,0.157448358,0.077669208,1.50317266115665,0.741514434080596,mxg,0N,Carbon,7.02285387709452,2.24468709523724,4,-2.06112217757827,-2.71023171268247
63b,6.872966252,7460000,8.451731427,2.83e+08,7.519749752,33100000,8.008459533,1.02e+08,8.621202431,4.18e+08,0,0,26600000,471687894.2,11143029.97,0,0,63b,63,b,4,38.188,0.0353592592592593,51.65241239,3.746938039775,0.420361461448446,3.78805671999726,3.96688435735363,35.7472897147788,0.362131224,4.131031013,3.41737485364391,38.9838836527649,mxg,0N,Nitrogen,39.7141740721325,42.4012585064088,4,-3.4688715865623,-3.80165535616832
64b,7.200283664,15900000,8.600410899,3.98e+08,7.821483346,66300000,8.152546167,1.42e+08,8.78309118,6.07e+08,14100000,16200000,18900000,406141874.2,0,0,0,64b,64,b,4,38.154,0.0353277777777778,52.29109668,3.7255882602588,0.261864516967885,4.88903786138765,2.4831223466127,46.3601533633367,0.070851761,5.228108579,0.671849676592643,49.5753811679059,mxg,336N,Control,48.8432757099494,50.2472308444986,4,-3.66251924937963,-3.95845343767902
65b,7.202113592,15900000,8.584902784,3.85e+08,7.882434569,76300000,8.144474264,1.39e+08,8.77833781,6e+08,9570000,17800000,0,366234763.7,0,0,7592812.38,65b,65,b,4,38.26,0.0354259259259259,52.29109668,3.821483155932,0.323885060460278,2.28937737048661,3.00248037010686,21.222993752427,-0.007872418,2.529103593,-0.0729789156581824,23.4453045816867,mxg,336N,Carbon,24.2254741225338,23.3723256660285,4,-6.83642418816469,-7.5838343605912
66b,7.235484693,17200000,8.528715511,3.38e+08,7.892082009,7.8e+07,8.064611141,1.16e+08,8.725815382,5.32e+08,0,2.7e+07,0,364655982,9948299.49,14906282.41,0,66b,66,b,4,37.16,0.0344074074074074,52.29109668,3.8544022992228,0.268755688467039,12.3084906819336,2.39912332659419,109.875207771893,0.118086269,11.47077119,1.05413032975903,102.397068850614,mxg,336N,Nitrogen,112.274331098487,103.451199180373,4,2.78541925847182,1.81498441282002
67b,6.745044164,5560000,8.751856625,5.65e+08,7.296111785,19800000,8.30729999,2.03e+08,8.896213981,7.87e+08,0,0,12600000,514161545.9,0,0,0,67b,67,b,4,38.327,0.035487962962963,53.49931923,3.3271237090935,0.475490833441685,0.242583635955896,5.07170834684846,2.58745987253034,0.157448358,0.072814883,1.67938495404059,0.776662395808699,mxg,0N,Control,7.65916821937879,2.45604734984928,4,-1.20831102643869,-0.635665313693641
68b,6.714234133,5180000,8.758206388,5.73e+08,7.282809291,19200000,8.297312182,1.98e+08,8.897924815,7.91e+08,9960000,0,14900000,599601018.9,0,0,8666802.05,68b,68,b,4,38.329,0.0354898148148148,53.49931923,3.4122199549026,0.475490833441685,0.216400595595962,4.94548471318257,2.25073915662496,0.409365732,0.038834604,4.25773080640278,0.403910920920104,mxg,0N,Carbon,7.19622386980753,4.66164172732288,4,-1.70738652029936,-0.135087917861707
69b,6.671291299,4690000,8.75574092,5.7e+08,7.284939034,19300000,8.307284733,2.03e+08,8.898724106,7.92e+08,1e+07,0,0,548994027.4,0,14484250.08,0,69b,69,b,4,38.225,0.0353935185185185,53.49931923,3.3931546757869,0.523729033935769,2.18111091295305,5.46294378902508,22.7508607371823,0.259789791,2.407745455,2.70983072015371,25.1148537252162,mxg,0N,Nitrogen,28.2138045262073,27.8246844453699,4,-0.507663851335577,1.08981308074972
70b,7.36662303,23300000,8.872465629,7.46e+08,7.926963289,84500000,8.4258612,2.67e+08,9.040068936,1.1e+09,15100000,30900000,28700000,536720216.9,14144979.51,23334047.73,8040222.093,70b,70,b,4,38.225,0.0353935185185185,52.08002904,3.3596691640056,0.516837862436614,3.82124763080549,5.44479517543095,40.2561657658902,0.157448358,4.165011292,1.65869051461581,43.8776549407277,mxg,112N,Control,45.7009609413211,45.5363454553435,4,1.18000792687349,0.888731322587967
71b,7.274523652,18800000,8.7724731,5.92e+08,7.867855686,73800000,8.305180023,2.02e+08,8.938466,8.68e+08,0,0,18800000,623422871.3,12275642.94,14084591.13,10926723.83,71b,71,b,4,38.06,0.0352407407407407,52.08002904,3.4004011393216,0.447926147445066,1.75966506645676,4.64217266915151,18.2366426362017,0.37787606,1.927167229,3.91619450676026,19.9725849682518,mxg,112N,Carbon,22.8788153053532,23.888779475012,4,-3.65731520452146,-3.41764015746835
72b,7.326585136,21200000,8.726643998,5.33e+08,7.878943663,75700000,8.238064268,1.73e+08,8.892972657,7.82e+08,11200000,22300000,20800000,574679346.2,0,0,0,72b,72,b,4,38.281,0.0354453703703704,52.08002904,3.4027971378696,0.310102717461969,6.2625929725579,3.23019716661082,65.2345462856975,0.22830012,6.519359166,2.37809718920426,67.9091614497515,mxg,112N,Nitrogen,68.4647434523084,70.2872586389557,4,-2.24770930009831,-1.88767576845557
37d,7.474849639,29800000,9.187943948,1.54e+09,8.064959857,1.16e+08,8.935433245,8.62e+08,9.401312416,2.52e+09,9858708.096,0,40752114.16,5606003857,12699558.13,22797238.51,44155731.04,37d,37,d,30,40.367,0.0373768518518519,54.70784056,3.07986684192,-0.018734522,8.3792992778004,-0.22735965197532,101.690054734129,-0.018734522,8.289766443,-0.22735965197532,100.603496232099,mxg,336N,Control,101.462695082154,100.376136580123,15,3.89328918847999,3.63757991048663
38d,7.134184637,13600000,8.795449116,6.24e+08,7.859036895,72300000,8.559240143,3.62e+08,9.024939702,1.06e+09,0,0,12215409.58,4136663060,0,0,0,38d,38,d,30,40.551,0.0375472222222222,54.70784056,3.40823499786,0.009367261,7.07368125159882,0.103195533935129,77.9280425351286,0.009367261,7.055011367,0.103195533935129,77.7223635528004,mxg,336N,Carbon,78.0312380690637,77.8255590867355,15,3.12421122726833,2.99895735865135
39d,7.432730949,27100000,9.150466507,1.41e+09,8.066928986,1.17e+08,8.865404207,7.34e+08,9.354919478,2.26e+09,11228293.85,14250813.33,28944023.09,4758695030,0,18881937.82,48248950.91,39d,39,d,30,40.644,0.0376333333333333,54.70784056,3.44220411744,0.065570827,12.7741280276358,0.716880436267837,139.658486744307,0.065570827,12.10162444,0.716880436267837,132.306060560998,mxg,336N,Nitrogen,140.375367180575,133.022940997266,15,5.25404946761628,4.56219110342421
40d,7.361732897,2.3e+07,9.129298175,1.35e+09,7.861713089,72700000,8.861921133,7.28e+08,9.331864868,2.15e+09,9006887.991,15460746.16,19466199.82,3679725407,0,0,25128695.46,40d,40,d,30,40.699,0.0376842592592593,48.8302975,3.5061480153,0,7.48051433033445,0,80.4009528938291,0,7.43414778,0,79.902602825282,mxg,112N,Control,80.4009528938291,79.902602825282,15,2.97661639354643,2.84395249291365
41d,7.428401665,26800000,9.278525325,1.9e+09,7.939124993,86900000,9.022257995,1.05e+09,9.482660615,3.04e+09,9707807.297,8160585.234,45379310.86,5609803832,18524616.04,13102741.87,61713256.43,41d,41,d,30,40.771,0.0377509259259259,48.8302975,3.2707673838,-0.009367261,5.4597785705837,-0.108116149711929,63.0163115270524,-0.009367261,5.599947294,-0.108116149711929,64.6341273096816,mxg,112N,Carbon,62.9081953773405,64.5260111599697,15,2.63506662686107,2.64233777642543
42d,7.488959595,30800000,9.217506524,1.65e+09,8.034718547,1.08e+08,8.986164564,9.69e+08,9.435693592,2.73e+09,13580491.27,18937479.25,39839582.26,4984112404,14837149.83,13053099.74,36306654.93,42d,42,d,30,40.818,0.0377944444444444,48.8302975,3.299934114225,-0.028101783,10.9197284349391,-0.32185226723315,125.064639291943,-0.028101783,10.80026432,-0.32185226723315,123.696405957917,mxg,112N,Nitrogen,124.74278702471,123.374553690684,15,1.8944563822655,1.74522801828868
43d,6.940209288,8710000,8.899602029,7.94e+08,7.986080811,96800000,8.615658761,4.13e+08,9.115000929,1.3e+09,6157931.284,9161593.97,39311514.2,2927888150,6923716.902,22578614.76,29728680.87,43d,43,d,30,40.95,0.0379166666666667,38.54459018,3.8821382383294,0.018734522,6.6595676412329,0.182979219755713,65.0436926494945,0.018734522,6.76297386,0.182979219755713,66.0536564600413,mxg,336N,Control,65.2266718692502,66.236635679797,15,0.122208183000582,0.104374624887878
44d,7.109580186,12900000,8.961820713,9.16e+08,8.095285541,1.25e+08,8.702307147,5.04e+08,9.18871268,1.54e+09,5487244.817,13272353.61,31611527.67,3436669819,17524815.74,21772396.97,33404022.34,44d,44,d,30,41.103,0.0380583333333333,38.54459018,4.3338355005064,0.177977959,0.479427585084033,1.5629445300397,4.21017706837076,0.177977959,0.399630274,1.5629445300397,3.50942304483088,mxg,336N,Carbon,5.77312159841046,5.07236757487058,15,-0.95068289909407,-1.06273913477787
45d,6.767410961,5850000,8.758902777,5.74e+08,7.892764051,78100000,8.49452349,3.12e+08,8.984245227,9.64e+08,6748279.399,0,25460045.69,1874440701,0,15973438.81,23710824.77,45d,45,d,30,41.157,0.0381083333333333,38.54459018,4.1162833497436,0.318486875,10.2861412088856,2.94853462785735,95.2285507571692,0.318486875,9.61674389,2.94853462785735,89.0313058172354,mxg,336N,Nitrogen,98.1770853850265,91.9798404450928,15,2.1490884305018,1.65607574536925
46d,6.829388955,6750000,8.897795496,7.9e+08,7.867954161,73800000,8.613913903,4.11e+08,9.105563745,1.28e+09,0,0,9736692.501,2551627978,5775692.655,0,12718799.94,46d,46,d,30,41.231,0.0381768518518518,39.06003785,4.0994312538305,-0.149876176,7.16559613482127,-1.39575473108072,66.7311841889433,-0.149876176,7.244579574,-1.39575473108072,67.4667347737857,mxg,112N,Control,65.3354294578626,66.070980042705,15,1.93382001770218,1.88461113821149
47d,7.074011513,11900000,9.072728014,1.18e+09,7.887419048,77200000,8.813295671,6.51e+08,9.281042031,1.91e+09,0,9492925.729,16436728.25,3853273624,0,20627292.79,25520645.83,47d,47,d,30,41.369,0.0383046296296296,39.06003785,4.208513786079,-0.168610698,4.28379413306092,-1.5346439780825,38.9898087584401,-0.168610698,4.483031914,-1.5346439780825,40.8032112551469,mxg,112N,Carbon,37.4551647803576,39.2685672770644,15,0.448318249528824,0.443667577074125
48d,7.017605419,10400000,8.934937544,8.61e+08,8.038507048,1.09e+08,8.685112358,4.84e+08,9.162695548,1.45e+09,4704590.401,0,13714587.03,2909938818,0,9122921.899,24936628.22,48d,48,d,30,41.342,0.0382796296296296,39.06003785,4.31454932022,-0.177977959,13.2811806886805,-1.57905956036447,117.833553419887,-0.177977959,12.80353915,-1.57905956036447,113.595812733802,mxg,112N,Nitrogen,116.254493859522,112.016753173437,15,0.700794065394239,0.729002631035609
49d,7.123225389,13300000,9.20463242,1.6e+09,7.624605362,42100000,8.839631233,6.91e+08,9.368336008,2.34e+09,13875991.21,0,0,4877906558,0,0,20569696.11,49d,49,d,30,41.336,0.0382740740740741,51.50953066,3.3162631981626,-0.104597304,4.07094303487841,-1.20719156533249,46.9840799592146,-0.104597304,4.441778273,-1.20719156533249,51.2640102678241,mxg,0N,Control,45.7768883938821,50.0568187024916,15,2.56844334198941,2.86888593860087
50d,7.201890153,15900000,9.292755355,1.96e+09,7.720853597,52600000,8.871876185,7.45e+08,9.440808093,2.76e+09,12124078.42,0,8533645.08,6451642218,0,0,41673859.77,50d,50,d,30,41.487,0.0384138888888889,51.50953066,3.5189533600038,-0.171159224,2.53709740406636,-1.86842243712981,27.6956719255831,-0.171159224,3.094272505,-1.86842243712981,33.777952714578,mxg,0N,Carbon,25.8272494884533,31.9095302774482,15,1.61886220506744,2.11725264902443
51d,7.219326979,16600000,9.303101325,2.01e+09,7.741367959,55100000,8.907140576,8.07e+08,9.458212475,2.87e+09,8522720.829,0,0,6970358106,22600238.12,0,68928673.92,51d,51,d,30,41.521,0.0384453703703704,51.50953066,3.2032804046004,-0.171159224,8.04996663660483,-2.05423157758369,96.6146917294319,-0.171159224,8.024036407,-2.05423157758369,96.3034803601385,mxg,0N,Nitrogen,94.5604601518482,94.2492487825548,15,3.82692659455747,3.62346496095869
52d,6.936743438,8640000,9.161289063,1.45e+09,7.716249496,5.2e+07,8.76635009,5.84e+08,9.319248002,2.09e+09,0,0,9216441.015,5782446029,0,28406824.02,106444769.5,52d,52,d,30,41.487,0.0384138888888889,44.67019051,3.9001982709501,0.275756528,0.487630204176817,2.71598516051783,4.80277441832498,0.275756528,0.27171927,2.71598516051783,2.67622134097488,mxg,0N,Control,7.51875957884281,5.39220650149272,15,0.411800115334008,0.352509047832326
53d,6.918778584,8290000,9.236295306,1.72e+09,7.716870179,52100000,8.869038497,7.4e+08,9.400505959,2.51e+09,8985978.944,0,10551601.96,5428244503,16637191.39,0,75433476.55,53d,53,d,30,41.626,0.0385425925925926,44.67019051,4.133136768903,0.323300757,0.407736161070973,3.01486499447128,3.80224745032991,0.323300757,0.133086989,3.01486499447128,1.24107134198787,mxg,0N,Carbon,6.81711244480119,4.25593633645915,15,0.377667801842047,0.296728022001432
54d,6.915251899,8230000,9.149961651,1.41e+09,7.629347079,42600000,8.771227319,5.91e+08,9.310803045,2.05e+09,0,0,8570609.528,3987987771,0,0,25754058.33,54d,54,d,30,41.674,0.038587037037037,44.67019051,4.044609073719,-0.076070766,6.96158785270026,-0.725742688990889,66.416072211827,-0.076070766,7.203333305,-0.725742688990889,68.7224114776014,mxg,0N,Nitrogen,65.6903295228361,67.9966687886105,15,1.91044321651697,1.90056173035733
55d,7.554605228,35900000,9.232053747,1.71e+09,8.157158142,1.44e+08,8.881211544,7.61e+08,9.416738917,2.61e+09,13342266.91,47650526.42,11382099.34,5201311423,0,52150459.65,91209768.8,55d,55,d,30,41.316,0.0382555555555555,53.54534388,3.5500648206904,-0.085579612,9.49811538825909,-0.922207274134278,102.351844053923,-0.085579612,9.044369993,-0.922207274134278,97.4622763831459,mxg,336N,Control,101.429636779789,96.5400691090116,15,3.97585334082728,3.86017268143301
56d,7.518814142,3.3e+07,9.221982331,1.67e+09,8.084064291,1.21e+08,8.814701121,6.53e+08,9.387606467,2.44e+09,27197143.34,44861659.98,10655502.73,4761828338,11709239.43,52030257.64,36987365.54,56d,56,d,30,41.487,0.0384138888888889,53.54534388,3.2313858797072,0,4.27025983864061,0,50.7637568135591,0,4.841039242,0,57.5490363799539,mxg,336N,Carbon,50.7637568135591,57.5490363799539,15,1.09168125462928,1.35873966703724
57d,7.580433643,38100000,9.252629004,1.79e+09,8.169510221,1.48e+08,8.8505552,7.09e+08,9.422536068,2.65e+09,23061528.3,0,19251715.07,3814571475,17773324.63,59198455.77,61214406.19,57d,57,d,30,41.6,0.0385185185185185,53.54534388,3.3326570300488,-0.057053075,15.5539950927509,-0.659413766886702,179.771528427664,-0.057053075,12.59335638,-0.659413766886702,145.552760623025,mxg,336N,Nitrogen,179.112114660777,144.893346856138,15,6.93237907983889,4.54580297697184
58d,6.322760898,2100000,8.483709491,3.05e+08,7.435414429,27300000,8.020839118,1.05e+08,8.640236955,4.37e+08,0,0,0,731171573.3,0,0,0,58d,58,d,30,41.823,0.038725,45.74196993,3.3656256052421,-0.237721145,4.42882999500134,-2.73522739005392,50.9582650219022,-0.237721145,4.957490358,-2.73522739005392,57.0410487175208,mxg,112N,Control,48.2230376318483,54.3058213274669,15,1.23173512945819,1.47931018235659
59d,7.425981788,26700000,9.231108652,1.7e+09,8.021483278,1.05e+08,8.843052892,6.97e+08,9.39869795,2.5e+09,19305763.67,23892914.98,11777205.9,4575367968,0,28545294.16,21888919.75,59d,59,d,30,41.57,0.0384907407407407,45.74196993,3.7014828113754,-0.11410615,3.21067737652949,-1.18655967361958,33.3869848381756,-0.11410615,3.83734153,-1.18655967361958,39.9034996220945,mxg,112N,Carbon,32.2004251645561,38.7169399484749,15,1.13557058663082,1.49554603151634
60d,7.310264237,20400000,9.153632456,1.42e+09,7.94379861,87900000,8.739790869,5.49e+08,9.314191643,2.06e+09,10582563.58,23421286.71,7258975.885,3734264208,0,0,38103179.08,60d,60,d,30,38.788,0.0359148148148148,45.74196993,3.6960570083684,-0.095088458,11.1302853358283,-0.923980434382927,108.153671809512,-0.095088458,10.1146112,-0.923980434382927,98.2843033398483,mxg,112N,Nitrogen,107.229691375129,97.3603229054653,15,4.52327917176832,3.69947315649977
61d,6.794665502,6230000,9.06308535,1.16e+09,7.415810762,26100000,8.673232482,4.71e+08,9.218435497,1.65e+09,0,0,0,3939664248,0,0,67301456.93,61d,61,d,30,38.551,0.0356953703703704,51.65241239,3.6280029742544,-0.009508846,1.02265949052539,-0.0935560919253574,10.0617914417725,-0.009508846,1.125694119,-0.0935560919253574,11.0755335060635,mxg,0N,Control,9.96823534984713,10.9819774141382,15,0.287759246635484,0.408420728720466
62d,6.393712068,2480000,8.780564752,6.03e+08,7.212374869,16300000,8.331235971,2.14e+08,8.921195321,8.34e+08,0,0,0,1763426601,0,0,30128805.96,62d,62,d,30,38.805,0.0359305555555555,51.65241239,3.3533886766296,0.028526537,0.612793283125649,0.30565330217441,6.56589653828828,0.028526537,0.482440337,0.30565330217441,5.16920375249842,mxg,0N,Carbon,6.87154984046269,5.47485705467283,15,0.435098741391098,0.439517185984708
63d,7.071299118,11800000,9.20324781,1.6e+09,7.712745526,51600000,8.781066991,6.04e+08,9.352653849,2.25e+09,8968801.32,23638755.78,0,4395862937,0,0,58051256.57,63d,63,d,30,38.99,0.0361018518518519,51.65241239,3.3591903871428,-0.038035383,4.70723973255299,-0.408773425718925,50.589592095232,-0.038035383,5.306843705,-0.408773425718925,57.0336489328309,mxg,0N,Nitrogen,50.1808186695131,56.6248755071119,15,2.06973579374731,2.39900006258037
64d,7.535245713,34300000,9.121516671,1.32e+09,8.229329079,1.7e+08,8.676788794,4.75e+08,9.293922426,1.97e+09,30601124.36,62351228.08,22152288.97,4316094572,30753005.91,86055096.66,108549455.7,64d,64,d,30,40.878,0.03785,52.29109668,3.4593725797332,-0.199685762,8.21757065827421,-2.18481991098019,89.9108269626358,-0.199685762,8.146032814,-2.18481991098019,89.1281106337726,mxg,336N,Control,87.7260070516556,86.9432907227924,15,2.66033819493019,2.43379387210606
65d,7.536305264,34400000,9.118641987,1.31e+09,8.218595487,1.65e+08,8.725012984,5.31e+08,9.30329635,2.01e+09,17809207.3,71723311.19,23532929.45,4385457137,16025445.77,0,100875943.5,65d,65,d,30,38.855,0.0359768518518519,52.29109668,3.41118658738,-0.190176916,5.17046320422493,-2.00574391265683,54.5314611027255,-0.190176916,5.672832926,-2.00574391265683,59.8298171416543,mxg,336N,Carbon,52.5257171900687,57.8240732289975,15,1.80284344386307,2.00829919939788
66d,7.550789458,35500000,9.128393366,1.34e+09,8.267377833,1.85e+08,8.692097236,4.92e+08,9.305613428,2.02e+09,0,42599111.44,13923840.01,3840449858,21483931.9,77361672.9,84492580.71,66d,66,d,30,41.297,0.038237962962963,52.29109668,3.6206286729548,-0.076070766,14.9220431106663,-0.803393939455922,157.593772611798,-0.076070766,12.35490886,-0.803393939455922,130.481910759966,mxg,336N,Nitrogen,156.790378672342,129.67851682051,15,2.82111490134824,1.40306839549339
67d,6.904223674,8020000,9.341025064,2.19e+09,7.550641187,35500000,8.863154607,7.3e+08,9.471024962,2.96e+09,0,0,0,5008797569,0,0,38490974.72,67d,67,d,30,39.027,0.0361361111111111,53.49931923,3.0002239232804,-0.009508846,0.66343647263353,-0.114529023293283,7.99074159239289,-0.009508846,0.565619705,-0.114529023293283,6.81259033631259,mxg,0N,Control,7.87621256909961,6.6980613130193,15,0.531901247981839,0.559436015079628
68d,6.879647348,7580000,9.279090429,1.9e+09,7.499168478,31600000,8.845990326,7.01e+08,9.420694267,2.63e+09,0,0,11229566.77,4885833883,0,0,34141761.07,68d,68,d,30,39.203,0.0362990740740741,53.49931923,3.0476546176658,0.152141533,0.612793283125649,1.81208091760081,7.29867113134675,0.152141533,0.670980239,1.81208091760081,7.99170655904414,mxg,0N,Carbon,9.11075204894756,9.80378747664495,15,0.453461284713377,0.596851536170812
69d,6.986275021,9690000,9.283612747,1.92e+09,7.59658039,39500000,8.903520899,8.01e+08,9.441171837,2.76e+09,0,0,0,4769666686,0,0,80846614.34,69d,69,d,30,39.304,0.0363925925925926,53.49931923,3.2945732325545,0.076070766,2.47472286647995,0.840294690641286,27.3363421305852,0.076070766,3.022183719,0.840294690641286,33.3837171196388,mxg,0N,Nitrogen,28.1766368212264,34.2240118102801,15,0.412778317273627,0.692155346234617
70d,7.463763848,29100000,9.339457876,2.19e+09,8.094750838,1.24e+08,8.909611603,8.12e+08,9.494365616,3.12e+09,13419304.99,0,19442196.71,5566299607,0,42454106.91,67362693.5,70d,70,d,30,39.574,0.0366425925925926,52.08002904,3.1948244639032,-0.057053075,4.93975243539322,-0.654362268412557,56.6558000426859,-0.057053075,5.517564772,-0.654362268412557,63.282937866524,mxg,112N,Control,56.0014377742733,62.6285755981114,15,2.01255568820895,2.31271703229573
71d,7.247964352,17700000,9.151912448,1.42e+09,7.889604584,77600000,8.727807461,5.34e+08,9.307635709,2.03e+09,0,0,9006344.55,3233968431,22392305.88,0,42913166.88,71d,71,d,30,39.807,0.0368583333333333,52.08002904,3.217826049964,0.038035383,4.07666822055997,0.435673278575976,46.6958728749453,0.038035383,4.713497544,0.435673278575976,53.9903838632121,mxg,112N,Carbon,47.1315461535212,54.4260571417881,15,2.2518444557936,2.65709650065801
72d,7.394719526,24800000,9.225438017,1.68e+09,8.021842998,1.05e+08,8.800484978,6.32e+08,9.383333887,2.42e+09,12186794.96,19706873.29,9340429.072,3948418977,0,0,22190357.4,72d,72,d,30,39.883,0.0369287037037037,52.08002904,2.925514227108,-0.057053075,10.9036530548367,-0.720179749097629,137.636579996431,-0.057053075,9.970433628,-0.720179749097629,125.856571071894,mxg,112N,Nitrogen,136.916400247334,125.136391322797,15,6.21729028937216,5.22620220528522
37f,7.580045302,3.8e+07,8.972688844,9.39e+08,8.496340104,3.14e+08,8.433009978,2.71e+08,9.182885132,1.52e+09,61289346.52,64731572.41,61143677.9,1544713092,18512686.21,0,11774608.8,37g,37,f,113,39.67,0.0367314814814815,54.70784056,3.2438244590928,0.150223399,29.6124662386767,1.70105628958631,335.317082962975,0.150223399,18.26067727,1.70105628958631,206.774977327195,mxg,336N,Control,337.018139252562,208.476033616781,27,3.48310786592941,0.711736225069421
38f,4.958561963,90900,6.668836089,4660000,6.761431785,5770000,6.167698395,1470000,7.075894443,11900000,0,0,0,0,0,0,0,38g,38,f,113,39.1,0.0362037037037037,54.70784056,3.6532655804304,0.140208506,29.5214575981603,1.3894602229726,292.556366421992,0.140208506,18.27555561,1.3894602229726,181.109964703702,mxg,336N,Carbon,293.945826644965,182.499424926675,27,2.47738013908837,0.139988672915603
39f,7.644860018,44100000,9.093079959,1.24e+09,8.550328701,3.55e+08,8.51573945,3.28e+08,9.283754567,1.92e+09,17887706.66,91823856.5,62012628.13,2475303866,30293595.45,33678448,25074209.13,39f,39,f,86,37.71,0.0349166666666667,54.70784056,3.2261605169112,0,20.5172038790473,0,222.057261261949,0,16.09163615,0,174.159435845051,mxg,336N,Nitrogen,222.057261261949,174.159435845051,27,4.02688822786785,2.28751163140032
40f,7.263664635,18400000,9.008709764,1.02e+09,8.243765053,1.75e+08,8.414866218,2.6e+08,9.163008179,1.46e+09,33579771.25,40119040.61,84408759.45,2175229624,40246359.88,64719156.68,10288552.42,40f,40,f,86,37.43,0.0346574074074074,48.8302975,3.432975340725,-0.019686422,20.9568951810951,-0.198743154241259,211.56914402192,-0.019686422,16.09662116,-0.198743154241259,162.502523920548,mxg,112N,Control,211.370400867678,162.303780766307,27,2.70096556810416,0.950557254690763
41f,7.152365035,14200000,9.021127408,1.05e+09,8.163256956,1.46e+08,8.453224299,2.84e+08,9.17009176,1.48e+09,0,24285729.27,54668973.66,2272670190,23494731.27,38356144.33,14107404.49,41f,41,f,86,37.91,0.0351018518518518,48.8302975,3.442185887175,0.07874569,15.8558035625668,0.803012863032904,161.690299678168,0.07874569,13.42963686,0.803012863032904,136.949351062145,mxg,112N,Carbon,162.4933125412,137.752363925178,27,1.50817149346718,0.692764549632186
42f,7.086990113,12200000,8.971183809,9.36e+08,8.125564168,1.34e+08,8.367075102,2.33e+08,9.114669863,1.3e+09,0,0,34220788.42,1781542719,0,0,15893076.12,42f,42,f,86,38.07,0.03525,48.8302975,3.10804772985,0.137804957,20.2141436893964,1.56291831930279,229.259209312597,0.137804957,15.92713057,1.56291831930279,180.637944263358,mxg,112N,Nitrogen,230.8221276319,182.200862582661,27,2.19554844484662,0.528753017625808
43f,6.122581773,1330000,8.410650544,2.57e+08,7.812049334,64900000,7.851234069,7.1e+07,8.594714823,3.93e+08,0,0,0,612582566,0,0,0,43f,43,f,86,37.85,0.0350462962962963,38.54459018,4.2226012087322,0.118118535,5.85279504291936,0.980347650906236,48.5764056552315,0.118118535,6.241241777,0.980347650906236,51.8003945343532,mxg,336N,Control,49.5567533061377,52.7807421852595,27,-0.425809491847593,-0.318494607583146
44f,6.008590701,1020000,8.375930373,2.38e+08,7.778613225,60100000,7.783635134,60800000,8.554455498,3.58e+08,0,0,0,574320200.7,0,0,0,44f,44,f,86,37.76,0.034962962962963,38.54459018,4.0339331005848,0.009843211,8.21140477269478,0.0853132198894767,71.1700054966218,0.009843211,8.20533863,0.0853132198894767,71.1174289374481,mxg,336N,Carbon,71.2553187165113,71.2027421573376,27,1.09371520810315,1.09411105781322
45f,5.914146291,821000,8.242374466,1.75e+08,7.577746575,37800000,7.652118398,44900000,8.410679009,2.57e+08,0,0,0,316309263.8,0,0,0,45f,45,f,86,37.75,0.0349537037037037,38.54459018,4.2852857267486,0.167334591,11.6245171952933,1.36489468524477,94.8174650774525,0.167334591,10.70781736,1.36489468524477,87.3402380099385,mxg,336N,Nitrogen,96.1823597626972,88.7051326951833,27,-0.60932795486706,-0.836230610580672
46f,5.747806343,560000,7.913823506,8.2e+07,7.620206826,41700000,7.380789025,2.4e+07,8.169499768,1.48e+08,0,0,0,391466095.1,0,0,0,46f,46,f,86,37.96,0.0351481481481481,39.06003785,3.9336745567825,-0.147648169,8.07858721148773,-1.3192651407491,72.1837498344949,-0.147648169,8.100653265,-1.3192651407491,72.380914319431,mxg,112N,Control,70.8644846937458,71.0616491786819,27,-0.083616206981189,-0.0649419515549962
47f,6.49564772,3130000,8.637260681,4.34e+08,7.902360317,79900000,8.053644479,1.13e+08,8.79711807,6.27e+08,0,0,20307767.59,1085856278,0,0,0,47f,47,f,86,37.87,0.0350648148148148,39.06003785,4.08297746405,0.23623707,0.431876420916939,2.0288157808561,3.70897631830574,0.23623707,0.299101044,2.0288157808561,2.56869473591818,mxg,112N,Carbon,5.73779209916184,4.59751051677427,27,-1.05061706668599,-1.08888371899967
48f,6.899924346,7940000,9.004434206,1.01e+09,7.862542243,72900000,8.411130079,2.58e+08,9.127377163,1.34e+09,0,31102718.59,17972405.28,2179085858,0,0,0,48f,48,f,86,37.39,0.0346203703703704,39.06003785,4.3115023221125,-0.177177802,10.2996695145651,-1.42269693215489,82.7039733825179,-0.177177802,9.775619109,-1.42269693215489,78.4959693556252,mxg,112N,Nitrogen,81.281276450363,77.0732724234704,27,-0.882619578010509,-0.977152775723514
49f,6.149353348,1410000,8.34242653,2.2e+08,7.577649149,37800000,7.950211073,89200000,8.540309535,3.47e+08,0,0,18569031.82,675376336,0,0,0,49f,49,f,86,37.66,0.0348703703703704,51.50953066,3.5412589759002,0.033313761,9.61908470097011,0.328036777994951,94.7180221580733,0.033313761,9.236052221,0.328036777994951,90.9463453246827,mxg,0N,Control,95.0460589360682,91.2743821026777,27,-0.522019544519924,-0.212101430833407
50f,6.646421049,4430000,8.86694419,7.36e+08,7.642253848,43900000,8.437909249,2.74e+08,9.022878245,1.05e+09,0,19515368.3,31203583.2,1877560109,0,0,11700378.23,50f,50,f,86,37.91,0.0351018518518518,51.50953066,3.091267420425,0.122150459,9.97759494306198,1.38703862600933,113.297237636269,0.122150459,9.48936167,1.38703862600933,107.753268225234,mxg,0N,Carbon,114.684276262278,109.140306851243,27,1.10695859851061,0.945461646890098
51f,6.599436569,3980000,8.775832366,5.97e+08,7.613708226,41100000,8.334650743,2.16e+08,8.931452906,8.54e+08,0,0,22826806.79,1508056315,0,0,14345900.52,51f,51,f,86,37.78,0.0349814814814815,51.50953066,3.440398799673,0.033313761,20.9387692251414,0.338729543101446,212.902401885478,0.033313761,15.93900995,0.338729543101446,162.06556677443,mxg,0N,Nitrogen,213.24113142858,162.404296317532,27,2.33836729348424,1.33233537659818
52f,6.498080646,3150000,8.74514936,5.56e+08,7.696780013,49700000,8.301593531,2e+08,8.906390894,8.06e+08,0,0,43226912.37,1609322681,0,0,15318898.95,52f,52,f,86,38.01,0.0351944444444445,44.67019051,3.7828990748313,1.243713761,0.31190632184297,11.5709708349165,2.90184049291956,1.243713761,0.077941369,11.5709708349165,0.725132531143928,mxg,0N,Control,14.4728113278361,12.2961033660604,27,0.151234402614494,0.156025841144789
53f,6.508029646,3220000,8.748215707,5.6e+08,7.745780932,55700000,8.352570617,2.25e+08,8.924758465,8.41e+08,12137735.78,0,30223132.49,1750259140,0,0,9800162.25,53f,53,f,86,38.01,0.0351944444444444,44.67019051,3.6584070034788,1.388073394,0.348760923245291,13.3534819672853,3.35513433193128,1.388073394,0.136397396,13.3534819672853,1.31216416635003,mxg,0N,Carbon,16.7086162992166,14.6656461336353,27,-0.0521989746678189,-0.0361035072105066
54f,6.445735007,2790000,8.651568361,4.48e+08,7.684056522,48300000,8.285701235,1.93e+08,8.838644955,6.9e+08,0,0,32085144.26,1486549640,0,0,7275062.172,54f,54,f,86,37.73,0.0349351851851852,44.67019051,3.7452748043781,0.255405505,4.47387699287238,2.38237221046116,41.7314427926708,0.255405505,5.226943056,2.38237221046116,48.7558946009301,mxg,0N,Nitrogen,44.1138150031319,51.1382668113912,27,-0.216984737359624,-0.130110077107229
55f,7.722117155,52700000,8.920507371,8.33e+08,8.618340429,4.15e+08,8.495198987,3.13e+08,9.19333799,1.56e+09,66013673.33,131887079.1,68969007.4,1676593538,54488187.6,53495303.61,21040472.61,55f,55,f,86,38.02,0.0352037037037037,53.54534388,3.293635118908,0.299823853,18.182088158432,3.20463855383418,194.337508903013,0.299823853,14.77963209,3.20463855383418,157.970682896597,mxg,336N,Control,197.542147456847,161.175321450431,27,1.15857181029345,0.895335372083366
56f,7.795915055,62500000,9.02464614,1.06e+09,8.660939883,4.58e+08,8.586960107,3.86e+08,9.279393363,1.9e+09,99463612.72,133431744.1,89936156.61,2287316704,54969195.68,65389124.79,28426172.48,56f,56,f,86,37.87,0.0350648148148148,53.54534388,2.9470833842528,0.255405505,16.813239789549,3.03885081208175,200.046304359008,0.255405505,13.29387474,3.03885081208175,158.172401371545,mxg,336N,Carbon,203.08515517109,161.211252183627,27,2.75804648019817,1.75562352050507
57f,7.703813557,50600000,8.988960676,9.75e+08,8.575282516,3.76e+08,8.564271555,3.67e+08,9.2349347,1.72e+09,57963313.39,107749082.2,52435551.74,2002607463,23347404.82,56384587.93,17963929.99,57f,57,f,86,37.93,0.0351203703703704,53.54534388,3.4687691724804,0.044418349,21.782534473555,0.449724034823821,220.542399991862,0.044418349,16.36281615,0.449724034823821,165.669185499406,mxg,336N,Nitrogen,220.992124026686,166.11890953423,27,-0.209095398311764,-0.096394905619898
58f,6.765398299,5830000,8.75551071,5.7e+08,7.827831619,67300000,8.342110936,2.2e+08,8.932796314,8.57e+08,0,0,24729297.02,1340475455,0,0,0,58f,58,f,86,37.74,0.0349444444444444,45.74196993,3.4274797595219,0.055522936,11.3191429562575,0.566077202076632,115.402916996026,0.055522936,10.931277,0.566077202076632,111.448477783751,mxg,112N,Control,115.968994198103,112.014554985828,27,0.909898462240394,0.867370136200196
59f,7.098133919,12500000,8.762603282,5.79e+08,8.120062811,1.32e+08,8.322234727,2.1e+08,8.964142599,9.21e+08,15108022.69,39805872.9,19614947.72,1614011235,18006113.08,19234417.81,0,59f,59,f,86,37.67,0.0348796296296296,45.74196993,3.5560712907878,0.033313761,10.2324915361332,0.3267571289305,100.365118070954,0.033313761,10.20057666,0.3267571289305,100.052081866622,mxg,112N,Carbon,100.691875199884,100.378838995552,27,0.726036598883776,0.707375687155147
60f,7.041054402,1.1e+07,8.763878326,5.81e+08,8.114855636,1.3e+08,8.334672292,2.16e+08,8.967072152,9.27e+08,15988841.05,0,13077701.86,1449600428,0,0,0,60f,60,f,86,37.54,0.0347592592592593,45.74196993,3.4708861835779,0.088836697,18.0605649216766,0.889656882835656,180.867889431659,0.088836697,14.82834544,0.889656882835656,148.498762642658,mxg,112N,Nitrogen,181.757546314495,149.388419525493,27,0.191353369251639,0.34438815966162
61f,6.765464324,5830000,8.779258422,6.02e+08,7.814475175,65200000,8.405825791,2.55e+08,8.964423049,9.21e+08,0,0,45921994.72,1774918420,0,10362940.48,0,61f,61,f,86,37.99,0.0351759259259259,51.65241239,3.6304203536349,0.133255046,9.0915212744173,1.29113688519807,88.0897107638473,0.133255046,9.416291637,1.29113688519807,91.2364808632676,mxg,0N,Control,89.3808476490454,92.5276177484657,27,1.79963066018526,1.65739111189599
62f,6.756363305,5710000,8.827058107,6.72e+08,7.82140935,66300000,8.397004466,2.49e+08,8.994433666,9.87e+08,0,0,26857936.9,2034650531,0,0,0,62f,62,f,86,38,0.0351851851851852,51.65241239,3.6251021189978,0.15546422,6.85105706022684,1.50893331851369,66.4962540269057,0.15546422,7.506728098,1.50893331851369,72.8601869941207,mxg,0N,Carbon,68.0051873454194,74.3691203126344,27,1.28560245312116,1.25361664546659
63f,6.857952315,7210000,8.916093475,8.24e+08,7.804363278,63700000,8.469786294,2.95e+08,9.07299359,1.18e+09,0,0,42476589.07,2155520078,0,0,11511557.69,63f,63,f,86,37.66,0.0348703703703704,51.65241239,3.5559650687155,0.222091743,10.4227701527366,2.1778676631963,102.207375069197,0.222091743,10.27851803,2.1778676631963,100.792815350714,mxg,0N,Nitrogen,104.385242732393,102.97068301391,27,0.803294573252021,0.585823932580617
64f,7.363957499,23100000,8.723511338,5.29e+08,8.407442142,2.56e+08,8.281653556,1.91e+08,8.98939237,9.76e+08,39884047.93,39886649.83,29902077.96,1340567181,0,20491235.54,15920505.61,64f,64,f,86,37.87,0.0350648148148148,52.29109668,3.1549897765516,0.099941284,5.85912228153399,1.11075561697862,65.1187649818315,0.099941284,6.722443072,1.11075561697862,74.713782965236,mxg,336N,Control,66.2295205988101,75.8245385822147,27,-0.168982192807631,-0.0106720706323887
65f,7.321595427,2.1e+07,8.737400133,5.46e+08,8.418774398,2.62e+08,8.338949285,2.18e+08,9.01148332,1.03e+09,31935717.56,27536353.28,26827120.08,1495811868,16624495.99,28484786.97,0,65f,65,f,86,37.96,0.0351481481481481,52.29109668,3.6974400073,0.033313761,9.51667942366727,0.316683165835879,90.4662841320174,0.033313761,9.162982188,0.316683165835879,87.1040110960036,mxg,336N,Carbon,90.7829672978533,87.4206942618394,27,0.176758676521049,-0.071095281464703
66f,7.216776106,16500000,8.64264272,4.39e+08,8.293166868,1.96e+08,8.235192804,1.72e+08,8.907120355,8.07e+08,19516958.78,0,32531741.57,1264961325,0,9890985.371,10721654.39,66f,66,f,86,37.93,0.0351203703703704,52.29109668,3.4808415862272,0.099941284,14.8191487637811,1.00836962051317,149.51958607278,0.099941284,12.59727376,1.00836962051317,127.101710649141,mxg,336N,Nitrogen,150.527955693293,128.110080269655,27,-0.385559778792814,-0.106319173692744
67f,6.54731168,3530000,8.933842492,8.59e+08,7.644093124,44100000,8.46087279,2.89e+08,9.076185269,1.19e+09,0,0,27064190.34,2775063265,0,0,0,67f,67,f,86,38.14,0.0353148148148148,53.49931923,3.2638827832463,0.066627523,6.06876315999482,0.720901696713063,65.6632794076706,0.066627523,6.478876294,0.720901696713063,70.1006536463714,mxg,0N,Control,66.3841811043837,70.8215553430845,27,0.983105152270964,0.88330074723625
68f,6.640207399,4370000,8.924827678,8.41e+08,7.720507453,52500000,8.477696511,3e+08,9.077004725,1.19e+09,13973513.31,0,25476124.57,2420187909,0,0,0,68f,68,f,86,37.99,0.0351759259259259,53.49931923,3.0997353801282,0.055522936,5.35523818758097,0.630076585390702,60.7714655288566,0.055522936,5.855345343,0.630076585390702,66.4467023141714,mxg,0N,Carbon,61.4015421142473,67.0767788995621,27,1.46365227589319,1.48637061704469
69f,6.727188913,5340000,8.986901006,9.7e+08,7.772371951,59200000,8.545650078,3.51e+08,9.14012226,1.38e+09,0,0,36923449.83,2837280442,0,11211034.84,0,69f,69,f,86,37.77,0.0349722222222222,53.49931923,3.2564426743231,0.210987156,7.04925619017863,2.2658742817269,75.7047424565971,0.210987156,7.292389333,2.2658742817269,78.3158451691924,mxg,0N,Nitrogen,77.970616738324,80.5817194509193,27,0.181369160059488,0.181801333092531
70f,7.510555116,32400000,8.922061669,8.36e+08,8.447052305,2.8e+08,8.493274008,3.11e+08,9.154430531,1.43e+09,0,55766001.3,38707119.05,2571373006,18772309.3,33076770.04,14715915.61,70f,70,f,86,38.17,0.0353425925925926,52.08002904,3.3031235982728,0.044418349,17.7784368608754,0.475265174201616,190.224807583829,0.044418349,14.27788453,0.475265174201616,152.769777156306,mxg,112N,Control,190.700072758031,153.245042330507,27,1.27818706730163,0.746565069930542
71f,7.344209966,22100000,8.932085842,8.55e+08,8.31966813,2.09e+08,8.487671431,3.07e+08,9.1371587,1.37e+09,24697080.66,51300424.68,35447931.22,2832464760,34305840.87,19153067.86,32372951.99,71f,71,f,86,38.07,0.03525,52.08002904,3.2283684435752,0.133255046,14.6099242322179,1.45498893747645,159.523250888722,0.133255046,12.32447897,1.45498893747645,134.568866994434,mxg,112N,Carbon,160.978239826199,136.023855931911,27,1.67787963478463,1.04855383156507
72f,7.532092091,3.4e+07,8.833902958,6.82e+08,8.481710205,3.03e+08,8.428540798,2.68e+08,9.098167175,1.25e+09,42086497.75,53972237.62,105181619,4204789929,23789384.1,31816649.1,12972304.34,72f,72,f,86,38.3,0.035462962962963,52.08002904,3.1224653077536,-0.022209174,20.4179624929747,-0.252237587089999,231.894152953281,-0.022209174,14.66759137,-0.252237587089999,166.585117284906,mxg,112N,Nitrogen,231.641915366191,166.332879697816,27,-0.529382346617063,-0.325570973437223
