Order,Sample.Name,NH4N.mgl,NO3N.mgl,Crop,Treatment,Addition,Day,F1R2_log,F1R2_ave,log_012,ave_012,log_025,ave_025,log_039,ave_039,log_sum,sum_012025039,BM005,BM009,BM012,BM16S,BM016,BM025,BM039,ave_sum,norB.001,norB.006,cnorB,norb_sum,log_norB.001,log_norB.006,log_cnorB,log_norb_sum
1,1b,0.911914737,0.736523807,Corn,0N,Control,5,7.035100979,10800000,9.131285965,1.35e+09,7.836950955,68700000,8.501381785,3.17e+08,9.24027404,1.74e+09,0,16242783.24,19525994.99,2588758021,9890463.866,0,14270997.64,1735700000,1.63e+09,2.69e+09,1.22e+09,4.32e+09,21.2118458517651,21.7128070305602,20.9221166956916,22.1865212392024
2,2b,0.889672914,0.050360602,Corn,0N,Carbon,5,6.992009383,9820000,9.209540434,1.62e+09,7.792192016,6.2e+07,8.601715664,4e+08,9.31842843,2.08e+09,7651103.497,24527723.28,20106900.38,2195678782,0,10990804.75,13018230.3,2.082e+09,1.72e+09,2.71e+09,1.3e+09,4.43e+09,21.2655901277718,21.720214471838,20.9856301014139,22.2116654210035
3,3b,1.290025726,4.072913701,Corn,0N,Nitrogen,5,5.092958633,124000,7.189938666,15500000,6.042093176,1100000,6.628291256,4250000,7.318831001,20800000,0,0,0,85543364.18,0,0,0,20850000,60100000,97200000,55500000,157300000,17.9115203995054,18.3922812694307,17.8318935787167,18.8736653680285
4,4b,0.722859243,0.157376882,Corn,112N,Control,5,6.809178219,6440000,8.513104154,3.26e+08,7.740506774,5.5e+07,8.022075389,1.05e+08,8.686768105,4.86e+08,0,0,0,1134617535,4556112.637,17923848.65,0,4.86e+08,4.51e+08,1.23e+09,4.11e+08,1.681e+09,19.926977897467,20.9302800063307,19.8341037724605,21.2426546913729
5,5b,0.54492466,0.037770452,Corn,112N,Carbon,5,7.212897105,16300000,9.11768133,1.31e+09,8.079405818,1.2e+08,8.53662941,3.44e+08,9.249285376,1.78e+09,19045916.69,35351901.93,18754200.03,1481214853,0,10751544.7,0,1.774e+09,1.45e+09,2.27e+09,1.13e+09,3.72e+09,21.0948293933789,21.5430456684397,20.8454834696707,22.0369895052315
6,6b,1.134332966,3.827405766,Corn,112N,Nitrogen,5,7.323188318,2.1e+07,9.198200385,1.58e+09,8.110460869,1.29e+08,8.604798691,4.03e+08,9.324247771,2.11e+09,9120592.488,0,24122510.01,1656947222,0,16270091.46,14480705.87,2.112e+09,1.75e+09,2.46e+09,1.52e+09,4.21e+09,21.2828816248818,21.6234271868907,21.1419761718046,22.1607284846407
7,7b,0.945277472,0.302163613,Corn,0N,Control,5,6.55542645,3590000,9.059855864,1.15e+09,7.510108875,32400000,8.480072528,3.02e+08,9.170902625,1.48e+09,0,0,14685652.06,973758466.6,0,0,0,1484400000,1.39e+09,1.42e+09,1.06e+09,2.81e+09,21.052569584089,21.0739227085596,20.7815347450704,21.7564503202921
8,8b,0.689496509,-0.069245828,Corn,0N,Carbon,5,6.703380767,5050000,9.095676427,1.25e+09,7.682336561,48100000,8.546699954,3.52e+08,9.216615333,1.65e+09,0,0,13465069.5,1780380722,0,12465578.52,8228799.333,1650100000,1.58e+09,2.01e+09,1.13e+09,3.59e+09,21.1806906839853,21.4214005590174,20.8454834696707,22.0014180394466
9,9b,0.667254686,3.676323959,Corn,0N,Nitrogen,5,6.980621687,9560000,9.380460191,2.4e+09,7.974519254,94300000,8.837528971,6.88e+08,9.502916256,3.18e+09,0,0,7087155.43,3740663530,6876092.241,9489222.476,11152043.85,3182300000,2.37e+09,3.3e+09,1.71e+09,5.67e+09,21.5861557920935,21.9171883054188,21.259759207461,22.4584549546861
10,10b,0.589408306,0.566556775,Corn,112N,Control,5,7.129821434,13500000,9.227357268,1.69e+09,7.974107626,94200000,8.777986348,6e+08,9.376928183,2.38e+09,0,21634976.97,25466701.84,3258254468,7816256.489,0,12182733.35,2384200000,2.12e+09,3.82e+09,1.75e+09,5.94e+09,21.4746819256303,22.0635162595649,21.2828816248818,22.504974970321
11,11b,0.656133774,0.151081807,Corn,112N,Carbon,5,7.08737806,12200000,9.179411978,1.51e+09,7.930427394,85200000,8.754642071,5.68e+08,9.335477001,2.17e+09,11470936.16,44244948.95,11112185.58,3524405538,6382269.619,19980912,14007340.31,2163200000,1.96e+09,3.71e+09,1.62e+09,5.67e+09,21.3962103101888,22.0342977135658,21.2056919861907,22.4584549546861
12,12b,0.93415656,3.764455013,Corn,112N,Nitrogen,5,7.062687508,11600000,9.12855671,1.34e+09,7.938071658,86700000,8.68632003,4.86e+08,9.282586781,1.92e+09,10803210.88,0,10308275.58,3153186739,10096017.32,0,9009412.433,1912700000,1.82e+09,3.3e+09,1.49e+09,5.12e+09,21.3221023380351,21.9171883054188,21.1220419569038,22.3564202759978
13,13b,0.811826534,15.68732758,Corn,336N,Control,5,6.895110134,7850000,8.671411402,4.69e+08,8.099117505,1.26e+08,8.538325218,3.45e+08,8.973265038,9.4e+08,28582873.72,23194998.87,13001410.11,2445234938,0,10674909.38,0,9.4e+08,1.11e+09,1.05e+09,9.68e+08,2.16e+09,20.8276258522707,20.7720560011158,20.6907426452408,21.4933740586425
14,14b,0.811826534,13.70437887,Corn,336N,Carbon,5,6.988617272,9740000,8.799538787,6.3e+08,8.150464062,1.41e+08,8.542865416,3.49e+08,9.049498882,1.12e+09,18236565.54,27446784.18,27485976.1,2101276573,11163330.28,12069649.69,7897965.012,1.12e+09,1.01e+09,8.96e+08,9.51e+08,1.906e+09,20.7332161677996,20.6134509709392,20.6730246205097,21.3682726421784
15,15b,1.078728409,18.10463648,Corn,336N,Nitrogen,5,6.871112724,7430000,8.74691829,5.58e+08,7.992054716,98200000,8.476731175,3e+08,8.980586417,9.56e+08,0,39610870.73,11509589.64,1718993754,6539455.062,24454633.57,10920235.89,956200000,9.97e+08,8.31e+08,8.01e+08,1.828e+09,20.7202613279261,20.5381403528197,20.5013715050326,21.3264883099784
16,16b,0.556045571,6.414681703,Corn,336N,Control,5,7.373228865,23600000,8.991494553,9.81e+08,8.401872366,2.52e+08,8.724238603,5.3e+08,9.246211533,1.76e+09,11387618.31,50272198.89,20727761.16,2732749052,9500619.315,37720519.36,18617284.38,1.763e+09,1.74e+09,1.94e+09,1.24e+09,3.68e+09,21.2771509501728,21.3859538100216,20.9383772165634,22.0261785891273
17,17b,0.222418229,3.934422045,Corn,336N,Carbon,5,7.213805353,16400000,8.991559824,9.81e+08,8.230774099,1.7e+08,8.769686393,5.88e+08,9.240374332,1.74e+09,23846276.5,35760020.59,33215482.31,3990368403,0,16304720.76,23562486.69,1.739e+09,1.67e+09,2.18e+09,1.32e+09,3.85e+09,21.2360894633751,21.5025907137474,21.0008975735447,22.0713389852461
18,18b,1.1676957,7.396713445,Corn,336N,Nitrogen,5,7.069709019,11700000,8.646012778,4.43e+08,7.987388875,97100000,8.415651557,2.6e+08,8.903169061,8e+08,13531785.7,0,6801705.322,1031711883,0,11288791.01,0,800100000,1.02e+09,1e+09,7.06e+08,2.02e+09,20.7430684642426,20.7232658369464,20.3751257954575,21.4263633483595
19,19b,0.556045571,1.240129829,Corn,112N,Control,5,6.927614027,8460000,8.761390131,5.77e+08,8.029912955,1.07e+08,8.496147195,3.13e+08,8.999065285,9.98e+08,12438652.23,29683026.19,22702426.08,1866869769,0,11843271.69,8490744.517,9.97e+08,1.23e+09,1.55e+09,9.5e+08,2.78e+09,20.9302800063307,21.1615207678776,20.6719725425589,21.745716764649
20,20b,0.54492466,0.201442409,Corn,112N,Carbon,5,6.918303717,8290000,8.763672672,5.8e+08,8.044440591,1.11e+08,8.48575217,3.06e+08,8.998748832,9.97e+08,0,27536063.33,14075997.16,1216560504,5323639.656,0,12540605.02,9.97e+08,1.28e+09,1.53e+09,9.48e+08,2.81e+09,20.9701259148779,21.1485335723508,20.6698650602193,21.7564503202921
21,21b,0.733980154,4.507273895,Corn,112N,Nitrogen,5,6.931310298,8540000,8.786314634,6.11e+08,7.997452479,99400000,8.555996307,3.6e+08,9.029605414,1.07e+09,11198079.21,30762935.32,8121894.033,1090003945,5236927.133,0,0,1070400000,1.33e+09,1.49e+09,9.75e+08,2.82e+09,21.0084447791801,21.1220419569038,20.6979480289621,21.7600027218964
22,22b,0.511561926,0.963146517,Corn,336N,Control,5,7.380358585,2.4e+07,8.814247191,6.52e+08,8.182950083,1.52e+08,8.565588372,3.68e+08,9.068989629,1.17e+09,12070563.09,35164397.73,15410064.74,1473497558,9472221.811,0,23115108.64,1.172e+09,1.45e+09,1.79e+09,1.01e+09,3.24e+09,21.0948293933789,21.3054814567991,20.7332161677996,21.8988391667506
23,23b,0.511561926,0.157376882,Corn,336N,Carbon,5,5.372342007,236000,6.662174827,4590000,6.262699121,1830000,6.445393689,2790000,6.964425696,9210000,0,0,0,53737941.66,0,0,0,9210000,51200000,78600000,48500000,129800000,17.7512500900097,18.1798822573994,17.6970743559077,18.6815053622343
24,24b,0.300264609,4.387667465,Corn,336N,Nitrogen,5,7.57307426,37400000,8.845968448,7.01e+08,8.419896603,2.63e+08,8.582789464,3.83e+08,9.129370087,1.35e+09,19500496.12,59101807.27,19737298.92,1166083845,0,14281955.6,15754234.87,1.347e+09,1.55e+09,1.97e+09,1.15e+09,3.52e+09,21.1615207678776,21.4012993796963,20.8630277793216,21.9817268265564
25,25b,0.11005504,0.655923725,Corn,336N,Control,5,7.57934986,3.8e+07,8.907910428,8.09e+08,8.429876703,2.69e+08,8.667617524,4.65e+08,9.18841725,1.54e+09,51700000,78900000,45100000,1738537591,11610936.85,13123781.27,28833852.58,1.543e+09,1.73e+09,1.99e+09,1.45e+09,3.72e+09,21.2713872454561,21.4114004756828,21.0948293933789,22.0369895052315
26,26b,0.132066048,-0.021505696,Corn,336N,Carbon,5,7.430805589,2.7e+07,8.846773768,7.03e+08,8.284688692,1.93e+08,8.551145416,3.56e+08,9.097281944,1.25e+09,17300000,39700000,53500000,1596312576,5626941.57,13972098.15,17532504.16,1.252e+09,1.51e+09,1.93e+09,1.28e+09,3.44e+09,21.1353754877732,21.3807858398632,20.9701259148779,21.9587373083317
27,27b,0.124729045,4.231245666,Corn,336N,Nitrogen,5,7.463564965,29100000,8.836401651,6.86e+08,8.318361166,2.08e+08,8.545267275,3.51e+08,9.095250613,1.25e+09,14100000,36600000,0,1317352830,6999356.987,15834019.26,24256278.5,1.245e+09,1.6e+09,1.71e+09,1.32e+09,3.31e+09,21.1932694661921,21.259759207461,21.0008975735447,21.9202140263354
28,28b,0.146740053,0.247315503,Corn,0N,Control,5,6.777735606,5990000,8.893446032,7.82e+08,7.385864705,24300000,8.590286538,3.89e+08,9.077748372,1.2e+09,0,0,23900000,1749556209,0,0,13927398.58,1195300000,1.89e+09,1.86e+09,1.55e+09,3.75e+09,21.359842666018,21.3438423246715,21.1615207678776,22.0450216769287
29,29b,0.11005504,-0.107528479,Corn,0N,Carbon,5,6.787356484,6130000,8.927795013,8.47e+08,7.31239927,20500000,8.654606215,4.51e+08,9.120180429,1.32e+09,0,0,0,1593380990,0,0,8047033.286,1318500000,1.79e+09,1.83e+09,1.57e+09,3.62e+09,21.3054814567991,21.3275818037997,21.1743414563066,22.0097398627841
30,30b,0.146740053,4.440926201,Corn,0N,Nitrogen,5,6.832680341,6800000,8.815980294,6.55e+08,7.441738211,27700000,8.608332038,4.06e+08,9.036659988,1.09e+09,0,0,19100000,1671353617,0,0,0,1088700000,1.73e+09,1.93e+09,1.58e+09,3.66e+09,21.2713872454561,21.3807858398632,21.1806906839853,22.0207289843597
31,31b,0.080707029,4.360279842,Corn,112N,Control,5,6.910128996,8130000,8.784117228,6.08e+08,8.082310324,1.21e+08,8.522123025,3.33e+08,9.026092084,1.06e+09,18600000,0,13600000,1464505436,0,15666174.41,10455822.84,1.062e+09,1.41e+09,1.33e+09,1.31e+09,2.74e+09,21.0668555413365,21.0084447791801,20.9932929741595,21.7312237573464
32,32b,0.036685013,3.161337296,Corn,112N,Carbon,5,7.01165805,10300000,8.821909418,6.64e+08,8.159402415,1.44e+08,8.562134822,3.65e+08,9.069230277,1.17e+09,27400000,32600000,0,1968894941,6272192.318,19481338.03,7858361.706,1.173e+09,1.37e+09,1.76e+09,1.27e+09,3.13e+09,21.0380765767864,21.2885796459965,20.9622827374169,21.8642988414985
33,33b,0.058696021,9.145297177,Corn,112N,Nitrogen,5,6.959897123,9120000,8.74926638,5.61e+08,8.131829471,1.35e+08,8.527152994,3.37e+08,9.014305474,1.03e+09,0,31100000,18300000,1695285560,7220016.142,25393200.03,10399290.89,1.033e+09,1.22e+09,1.51e+09,1.18e+09,2.73e+09,20.9221166956916,21.1353754877732,20.888780275424,21.7275674461433
34,34b,0.146740053,0.500007429,Corn,0N,Control,5,6.956023416,9040000,9.119563018,1.32e+09,7.707834932,5.1e+07,8.847119093,7.03e+08,9.316227748,2.07e+09,0,0,2.5e+07,3112699877,0,0,6196698.657,2.074e+09,2.34e+09,3.39e+09,2.16e+09,5.73e+09,21.573416766316,21.9440957583388,21.4933740586425,22.4689813676731
35,35b,0.161414058,0.043011392,Corn,0N,Carbon,5,6.919831528,8310000,9.216607212,1.65e+09,7.663665476,46100000,8.835943579,6.85e+08,9.376242501,2.38e+09,0,20900000,17400000,3231340319,0,0,0,2381100000,2.33e+09,3.5e+09,2.24e+09,5.83e+09,21.569134104524,21.9760288054418,21.5297417028134,22.4862828373088
36,36b,0.13940305,4.779640911,Corn,0N,Nitrogen,5,7.093571331,12400000,9.282052835,1.91e+09,7.831569771,67900000,8.827202339,6.72e+08,9.423914612,2.65e+09,17300000,15700000,15300000,2743682931,0,0,0,2649900000,2.73e+09,3.39e+09,2.16e+09,6.12e+09,21.7275674461433,21.9440957583388,21.4933740586425,22.5348279334706
37,1d,0.20106869,2.384681807,Corn,0N,Control,32,7.128771984,13500000,8.985729459,9.68e+08,7.497587358,31400000,8.823778755,6.66e+08,9.221568003,1.67e+09,0,11613009.76,50330367.62,6991326499,0,0,60996073.08,1665400000,1.63e+09,7.12e+09,1.29e+09,8.75e+09,21.2118458517651,22.6861735623703,20.97790805532,22.8923195373159
38,2d,0.125667931,2.635229989,Corn,0N,Carbon,32,7.237106587,17300000,9.076748803,1.19e+09,7.673957792,47200000,8.884253429,7.66e+08,9.302448451,2.01e+09,0,11221876.81,33167338.56,8588055737,14340723.45,36076679.87,60628933.19,2003200000,1.63e+09,8.87e+09,1.57e+09,1.05e+10,21.2118458517651,22.9059406332679,21.1743414563066,23.0746410941099
39,3d,0.175935103,7.391171379,Corn,0N,Nitrogen,32,7.185837319,15300000,9.040963644,1.1e+09,7.62136103,41800000,8.873414769,7.47e+08,9.275977518,1.89e+09,7234470.599,0,15114518.32,7899293472,0,20337540.17,44594330.22,1888800000,1.62e+09,7.72e+09,1.43e+09,9.34e+09,21.2056919861907,22.7670802009831,21.0809402812182,22.9575720891872
40,4d,0.343492345,1.471970571,Corn,112N,Control,32,7.345107227,22100000,9.001289504,1e+09,7.841076784,69400000,8.845771229,7.01e+08,9.248810216,1.77e+09,12500344.53,0,45914066.27,6835316707,0,13227536.32,65753062.89,1770400000,1.61e+09,7.15e+09,1.38e+09,8.76e+09,21.1995000159428,22.6903781936523,21.0453493361155,22.8934617418947
41,5d,0.184312965,0.78296307,Corn,112N,Carbon,32,7.27240003,18700000,8.980407003,9.56e+08,7.779717348,60200000,8.855974905,7.18e+08,9.239013416,1.73e+09,0,13110776.41,28600134.61,7567678092,14115447.06,17472516.54,68099062.65,1734200000,1.43e+09,7.35e+09,1.3e+09,8.78e+09,21.0809402812182,22.7179661501712,20.9856301014139,22.8957422445934
42,6d,0.167557241,3.847704229,Corn,112N,Nitrogen,32,7.273012214,18800000,8.934458429,8.6e+08,7.746007382,55700000,8.815247369,6.54e+08,9.195662509,1.57e+09,14410807.24,0,37859284.1,6108324644,0,16904369.71,52582602.06,1569700000,1.47e+09,6.79e+09,1.19e+09,8.26e+09,21.1085282377371,22.638716778517,20.8972191440699,22.8346904244793
43,7d,0.150801517,3.002104113,Corn,0N,Control,32,7.083013742,12100000,9.038917726,1.09e+09,7.597112479,39500000,8.893390093,7.82e+08,9.282310778,1.92e+09,0,0,23252936.06,4561008685,0,8372802.242,48795363.97,1911500000,1.83e+09,5.6e+09,1.26e+09,7.43e+09,21.3275818037997,22.4460324346875,20.9543775579098,22.7287916956761
44,8d,0.175935103,1.905955816,Corn,0N,Carbon,32,6.992899485,9840000,8.961820719,9.16e+08,7.464790879,29200000,8.784814255,6.09e+08,9.191528931,1.55e+09,0,0,13034838.66,5807142573,0,0,54759361.94,1554200000,1.53e+09,5.03e+09,1.1e+09,6.56e+09,21.1485335723508,22.3386858210581,20.8185760167507,22.6042564399024
45,9d,0.092156483,6.702163878,Corn,0N,Nitrogen,32,7.24768116,17700000,9.124620935,1.33e+09,7.799906945,63100000,8.939757524,8.7e+08,9.355244126,2.27e+09,6705982.079,0,28822203.39,7459692482,0,29797598.43,76110955.7,2263100000,2.26e+09,7.48e+09,1.65e+09,9.74e+09,21.5386306502306,22.7354986289328,21.2240411248589,22.9995069546009
46,10d,0.175935103,1.820948397,Corn,112N,Control,32,7.33949402,21900000,9.025825512,1.06e+09,7.868953751,7.4e+07,8.852108457,7.11e+08,9.266375861,1.85e+09,8771982.359,0,21031514.06,5787170881,0,12801317.36,18387534.52,1.845e+09,1.68e+09,7.43e+09,1.41e+09,9.11e+09,21.2420596303616,22.7287916956761,21.0668555413365,22.9326385482183
47,11d,0.226202276,1.194577941,Corn,112N,Carbon,32,7.211375451,16300000,9.00229803,1.01e+09,7.679247188,47800000,8.864824075,7.33e+08,9.251787409,1.79e+09,0,13629332.42,19699704.07,6110284862,0,12459279.05,20384225.22,1790800000,1.64e+09,7.87e+09,1.38e+09,9.51e+09,21.2179620787825,22.7863238993757,21.0453493361155,22.9756097135037
48,12d,0.20106869,7.655141786,Corn,112N,Nitrogen,32,7.223845223,16700000,8.929175645,8.5e+08,7.700258014,50100000,8.784251319,6.08e+08,9.178447278,1.51e+09,0,22553448.75,39687861.53,4927700802,0,13013935.85,0,1508100000,1.32e+09,5.93e+09,1.22e+09,7.25e+09,21.0008975735447,22.503290049956,20.9221166956916,22.704267305813
49,13d,0.134045793,17.56074314,Corn,336N,Control,32,6.975862824,9460000,8.587339213,3.87e+08,7.89499039,78500000,8.437389815,2.74e+08,8.868622808,7.39e+08,9546460.851,14747027.73,10001810.89,2485990106,0,11210659.42,18124334.51,739500000,6.99e+08,1.31e+09,5.99e+08,2.009e+09,20.3651613001981,20.9932929741595,20.2107721560797,21.4209029227792
50,14d,0.083778621,16.18272813,Corn,336N,Carbon,32,6.887538133,7720000,8.525882697,3.36e+08,7.76364391,5.8e+07,8.387080865,2.44e+08,8.804481732,6.38e+08,8122146.942,7011965.115,20769385.27,2990011566,0,12778297.88,46367642.14,6.38e+08,5.74e+08,1.14e+09,5.26e+08,1.714e+09,20.1681399542838,20.8542940993528,20.080811770702,21.262095657122
51,15d,0.125667931,17.45783942,Corn,336N,Nitrogen,32,6.924090345,8400000,8.472013078,2.96e+08,7.763791805,5.8e+07,8.361645888,2.3e+08,8.766782494,5.84e+08,15236917.65,0,16168156.43,2964946715,11488452.41,0,13099989.13,5.84e+08,6.56e+08,1.27e+09,4.92e+08,1.926e+09,20.3016713469084,20.9622827374169,20.0139892744566,21.3787111503223
52,16d,0.125667931,7.476178798,Corn,336N,Control,32,7.248731538,17700000,8.789466832,6.16e+08,7.912748446,81800000,8.610666919,4.08e+08,9.043615285,1.11e+09,7899124.29,14821102.76,30499908.54,4600761141,18802942.84,46207223.35,38176428.81,1105800000,1.05e+09,2.87e+09,7.63e+08,3.92e+09,20.7720560011158,21.7775778667179,20.4527685892487,22.0893574907488
53,17d,0.008377862,6.514252741,Corn,336N,Carbon,32,7.437051926,27400000,8.967361968,9.28e+08,8.139501049,1.38e+08,8.866126108,7.35e+08,9.255323106,1.8e+09,15205883.38,25451970.54,38382475.14,7300977248,26731772.42,41695812.31,52470181.06,1.801e+09,1.54e+09,4.97e+09,1.22e+09,6.51e+09,21.1550482533719,22.326685677055,20.9221166956916,22.5966052931669
54,18d,0.117290069,12.18290537,Corn,336N,Nitrogen,32,7.444297567,27800000,8.878872504,7.57e+08,8.12393893,1.33e+08,8.761198091,5.77e+08,9.166331543,1.47e+09,12107231.52,18367621.18,30983059.18,5882018399,26399947.53,28990820.93,75281838.66,1.467e+09,1.26e+09,3.9e+09,9.69e+08,5.16e+09,20.9543775579098,22.084242390082,20.691775169855,22.3642024164399
55,19d,-0.04188931,2.648652213,Corn,112N,Control,32,7.25375812,17900000,8.95212091,8.96e+08,7.976839166,94800000,8.809516186,6.45e+08,9.213612351,1.64e+09,16028130.41,15647171.52,32504874.47,7402523938,17969466.24,23882887.48,59427861.66,1635800000,1.43e+09,5.06e+09,1.12e+09,6.49e+09,21.0809402812182,22.3446323202458,20.8365945222534,22.5935283676624
56,20d,0.083778621,0.433985244,Corn,112N,Carbon,32,7.238480554,17300000,8.972264111,9.38e+08,8.03332089,1.08e+08,8.838099852,6.89e+08,9.239278807,1.73e+09,9031418.404,14480873.01,29056448.4,8466050347,12787051.73,0,45580838.04,1.735e+09,1.47e+09,6.18e+09,1.16e+09,7.65e+09,21.1085282377371,22.544584108416,20.8716858420647,22.7579714847849
57,21d,-0.025133586,8.527586349,Corn,112N,Nitrogen,32,7.240369058,17400000,8.932383771,8.56e+08,7.992323539,98200000,8.833808009,6.82e+08,9.213811893,1.64e+09,8981331.172,16329195.22,27059302.07,7022250923,14085782.98,25675064.2,50375624.23,1636200000,1.4e+09,5.56e+09,1.13e+09,6.96e+09,21.0597380735676,22.4388639452089,20.8454834696707,22.6634453112927
58,22d,0.092156483,3.225807848,Corn,336N,Control,32,7.366060605,23200000,8.898655629,7.92e+08,7.931609422,85400000,8.804175675,6.37e+08,9.180228022,1.51e+09,5934635.109,0,28758574.31,6415862574,11642283.52,21775378.27,43725692.25,1514400000,1.34e+09,5.51e+09,1.18e+09,6.85e+09,21.0159354509092,22.4298304601112,20.888780275424,22.6475144892205
59,23d,0.125667931,1.440652048,Corn,336N,Carbon,32,7.36574906,23200000,8.953708584,8.99e+08,7.902630858,79900000,8.84932248,7.07e+08,9.226767894,1.69e+09,0,9227496.848,25274224.28,6681389729,13987580.47,17059113.87,65581403.75,1685900000,1.49e+09,6.28e+09,1.22e+09,7.77e+09,21.1220419569038,22.5606358174265,20.9221166956916,22.773536001326
60,24d,0.318358759,7.80278625,Corn,336N,Nitrogen,32,7.325880448,21200000,8.785701916,6.11e+08,7.852622931,71200000,8.715689274,5.2e+08,9.079676915,1.2e+09,6442787.371,10216984.08,22458438.32,4696578314,23362776.56,8732677.957,29148156.13,1202200000,1.14e+09,5.07e+09,9.38e+08,6.21e+09,20.8542940993528,22.3466066545495,20.6592605069705,22.5494267328918
61,25d,1.095969539,2.500250942,Corn,336N,Control,32,7.460249089,28900000,8.889703543,7.76e+08,7.973404156,94100000,8.765601978,5.83e+08,9.162172311,1.45e+09,8380607.371,0,39147972.24,5442677519,13198724.06,14377543.38,25642121.3,1453100000,1.37e+09,5.94e+09,1.1e+09,7.31e+09,21.0380765767864,22.504974970321,20.8185760167507,22.7125091107081
62,26d,0,0.963211428,Corn,336N,Carbon,32,7.478300094,30100000,8.908878535,8.11e+08,8.016987724,1.04e+08,8.744070941,5.55e+08,9.167151761,1.47e+09,12962389.68,11178427.96,36050610.16,5730367462,22068643.42,19594826.81,43036079.06,1.47e+09,1.25e+09,6.26e+09,1.11e+09,7.51e+09,20.9464093882606,22.5574460220584,20.8276258522707,22.7395013027225
63,27d,-0.056203566,5.441119878,Corn,336N,Nitrogen,32,7.412073587,25800000,8.858869098,7.23e+08,7.949764014,89100000,8.71050622,5.13e+08,9.122244785,1.33e+09,10183065,9549111.776,45323833.14,5572138228,11227331.65,20666640.39,47523516.67,1325100000,1.17e+09,5.52e+09,9.55e+08,6.69e+09,20.8802695857561,22.4316436972354,20.677221898445,22.6238797110865
64,28d,-0.037469044,1.895682067,Corn,0N,Control,32,6.850636157,7090000,8.799789881,6.31e+08,7.173925286,14900000,8.647824069,4.44e+08,9.037437937,1.09e+09,6605924.143,0,30952432.06,4662134154,0,0,25741136.2,1089900000,1.07e+09,4.18e+09,8.19e+08,5.25e+09,20.7909244854202,22.1535770834831,20.5235946418173,22.3814939135499
65,29d,0.018734522,1.1579031,Corn,0N,Carbon,32,6.923544381,8390000,8.957163771,9.06e+08,7.233834324,17100000,8.833683176,6.82e+08,9.205488119,1.61e+09,0,0,29299646.69,5233591282,0,0,46279894.05,1605100000,1.57e+09,5.49e+09,1.17e+09,7.06e+09,21.1743414563066,22.4261940924678,20.8802695857561,22.6777108884516
66,30d,0.09367261,6.686121884,Corn,0N,Nitrogen,32,6.803483382,6360000,8.859728533,7.24e+08,7.033009947,10800000,8.704207863,5.06e+08,9.093715718,1.24e+09,0,0,47447764.6,4007405676,0,0,13387128.69,1240800000,1.29e+09,4.52e+09,9.78e+08,5.81e+09,20.97790805532,22.2317778307906,20.7010202279991,22.4828464078102
67,31d,0.018734522,7.444394711,Corn,112N,Control,32,7.070562609,11800000,8.865982857,7.34e+08,7.854195011,71500000,8.731163938,5.38e+08,9.128541297,1.34e+09,11026413.11,0,35750038.17,5095517432,6530244.573,0,39063556.64,1343500000,1.13e+09,4.3e+09,1.01e+09,5.43e+09,20.8454834696707,22.1818808596459,20.7332161677996,22.4152049708923
68,32d,-0.065570827,5.533342249,Corn,112N,Carbon,32,7.008014636,10200000,8.897599542,7.9e+08,7.80349927,63600000,8.809098166,6.44e+08,9.175474398,1.5e+09,0,0,36945969.4,5713198398,0,0,49097565.03,1497600000,1.26e+09,4.77e+09,1.12e+09,6.03e+09,20.9543775579098,22.2856121418467,20.8365945222534,22.5200128476855
69,33d,-0.074938088,10.13421386,Corn,112N,Nitrogen,32,7.065948188,11600000,8.907706398,8.09e+08,7.833504925,68200000,8.788473351,6.14e+08,9.173517418,1.49e+09,0,0,34604322.73,4233636581,0,0,38821949.36,1491200000,1.36e+09,4.31e+09,1.05e+09,5.67e+09,21.0307505366944,22.1842037410621,20.7720560011158,22.4584549546861
70,34d,0,2.602720243,Corn,0N,Control,32,6.944733957,8810000,8.91279875,8.18e+08,7.337974064,21800000,8.804745354,6.38e+08,9.16960119,1.48e+09,0,0,27536007.89,5001541516,0,0,49916423.71,1477800000,1.51e+09,5.12e+09,1.12e+09,6.63e+09,21.1353754877732,22.3564202759978,20.8365945222534,22.6148706411442
71,35d,-0.018734522,2.141608389,Corn,0N,Carbon,32,7.086659874,12200000,9.004794956,1.01e+09,7.475911788,29900000,8.86396249,7.31e+08,9.248486872,1.77e+09,0,7378705.525,30450757.57,5592144733,0,0,13581485.92,1770900000,1.72e+09,6.23e+09,1.36e+09,7.95e+09,21.2655901277718,22.5526421697458,21.0307505366944,22.7964377656127
72,36d,0.056203566,6.568282188,Corn,0N,Nitrogen,32,7.120289269,13200000,8.972211738,9.38e+08,7.480111479,30200000,8.832201089,6.8e+08,9.216889919,1.65e+09,0,0,21563869.95,5121410810,0,0,16855494.07,1648200000,1.65e+09,6.07e+09,1.26e+09,7.72e+09,21.2240411248589,22.5266244420178,20.9543775579098,22.7670802009831
73,1f,0.256740784,13.96080951,Corn,0N,Control,87,6.830248803,6760000,8.741394247,5.51e+08,7.532907568,34100000,8.881343138,7.61e+08,9.129157078,1.35e+09,0,24349608.77,25571435.87,1901897664,0,0,12910443.23,1346100000,9.49e+08,2.24e+09,7.69e+08,3.189e+09,20.6709193565742,21.5297417028134,20.4606015274699,21.8829732249743
74,2f,0.194768871,10.96127219,Corn,0N,Carbon,87,6.866425485,7350000,8.750211949,5.63e+08,7.577549258,37800000,8.840416087,6.92e+08,9.111569957,1.29e+09,22195338.32,0,0,1926195476,0,0,5050799.999,1292800000,1e+09,2.42e+09,7.68e+08,3.42e+09,20.7232658369464,21.607033377115,20.4593002911119,21.9529063880209
75,3f,0.115090696,15.29393721,Corn,0N,Nitrogen,87,6.948913971,8890000,8.791732614,6.19e+08,7.611195872,40900000,8.863927971,7.31e+08,9.143304651,1.39e+09,14083053.39,0,37878222.61,1904395733,0,0,10702204.89,1390900000,1.12e+09,2.51e+09,7.83e+08,3.63e+09,20.8365945222534,21.6435485900901,20.4786432539551,22.0124984852232
76,4f,0.513481568,11.4380505,Corn,112N,Control,87,7.051025666,11200000,8.675511096,4.74e+08,7.770911137,5.9e+07,8.789511261,6.16e+08,9.060175596,1.15e+09,25445054.26,0,39080656.23,1971568555,14106734.52,11999142.93,19302414.83,1.149e+09,8.57e+08,2.14e+09,6.55e+08,2.997e+09,20.5689484765621,21.4840716659802,20.3001457935995,21.8208776252809
77,5f,0.194768871,7.42940957,Corn,112N,Carbon,87,6.713969256,5180000,8.075203651,1.19e+08,7.542465275,34900000,8.261632641,1.83e+08,8.52689793,3.36e+08,0,17036397.73,23891465.23,1199562457,0,0,6910868.26,336900000,2.47e+08,1.38e+09,2.78e+08,1.627e+09,19.3248988945923,21.0453493361155,19.4431316716549,21.2100036651833
78,6f,0.327565828,13.97006734,Corn,112N,Nitrogen,87,6.751727797,5650000,8.074190126,1.19e+08,7.649950625,44700000,8.286160165,1.93e+08,8.552132832,3.57e+08,21054492,30078854.33,32980052.68,1275851832,0,0,9564526.531,356700000,4.16e+08,1.43e+09,3.42e+08,1.846e+09,19.8461958182255,21.0809402812182,19.6503212950269,21.3362869730271
79,7f,0.256740784,9.586484249,Corn,0N,Control,87,6.748115701,5600000,8.770183092,5.89e+08,7.656214093,45300000,8.878982284,7.57e+08,9.143391463,1.39e+09,4857078.714,0,0,1593153073,8951033.749,0,12760173.47,1391300000,1.21e+09,1.82e+09,8.47e+08,3.03e+09,20.9138861965551,21.3221023380351,20.5572112526163,21.8318284564677
80,8f,0.327565828,9.507792683,Corn,0N,Carbon,87,6.614810797,4120000,8.728864303,5.36e+08,7.44243516,27700000,8.815364351,6.54e+08,9.085292417,1.22e+09,0,0,0,1253534589,0,0,5331217.7,1217700000,1.08e+09,1.49e+09,7.21e+08,2.57e+09,20.8002268780825,21.1220419569038,20.3961496952492,21.6671717358535
81,9f,0.044265652,13.46088662,Corn,0N,Nitrogen,87,6.641304733,4380000,8.746772642,5.58e+08,7.51401441,32700000,8.818423724,6.58e+08,9.096610272,1.25e+09,14420731.53,0,0,1262776926,0,0,11889122.44,1248700000,1.04e+09,1.53e+09,7.64e+08,2.57e+09,20.7624865500997,21.1485335723508,20.4540783471308,21.6671717358535
82,10f,0.221328262,12.36846254,Corn,112N,Control,87,7.017433923,10400000,8.736206663,5.45e+08,7.774051746,59400000,8.808862259,6.44e+08,9.096271343,1.25e+09,0,16836636.54,18864486.04,1424751540,0,0,14127952.45,1248400000,1.01e+09,1.89e+09,7.09e+08,2.9e+09,20.7332161677996,21.359842666018,20.3793660844964,21.7879765739388
83,11f,0.354125219,9.341151721,Corn,112N,Carbon,87,7.016570097,10400000,8.775974997,5.97e+08,7.753626363,56700000,8.873550116,7.47e+08,9.146469581,1.4e+09,0,0,30942857.35,1596703297,0,0,14376761.48,1400700000,1.02e+09,2.22e+09,7.55e+08,3.24e+09,20.7430684642426,21.5207730328306,20.4422283072133,21.8988391667506
84,12f,0.309859567,15.4096601,Corn,112N,Nitrogen,87,7.127494998,13400000,8.731277808,5.39e+08,7.86754738,73700000,8.799512806,6.3e+08,9.094323556,1.24e+09,15911749.04,21067655.73,0,1645552927,0,10786121.77,10338499.33,1242700000,9.99e+08,2.25e+09,7.41e+08,3.249e+09,20.7222653366128,21.5341960531627,20.4235111832604,21.9016130936334
85,13f,0.150503218,17.6315396,Corn,336N,Control,87,4.549334881,35400,8.171023881,1.48e+08,6.131499053,1350000,6.807112771,6410000,8.193200729,1.56e+08,0,0,0,67040591.4,0,0,0,155760000,15200000,14600000,20500000,29800000,16.5368059858165,16.4965320866786,16.8359354441086,17.2100189514756
86,14f,0.061971913,17.51118779,Corn,336N,Carbon,87,6.137164106,1370000,7.818894066,65900000,7.347200129,22200000,7.954495757,90100000,8.250900769,1.78e+08,0,0,0,403481894.2,0,0,0,178200000,2.39e+08,1.53e+08,2.27e+08,3.92e+08,19.2919741098958,18.8459484793567,19.2404605754457,19.7867723977547
87,15f,0.044265652,15.97901672,Corn,336N,Nitrogen,87,6.353926976,2260000,8.318703383,2.08e+08,7.436274234,27300000,8.458366817,2.87e+08,8.718447228,5.23e+08,0,23413142.8,22696810.26,738737548.5,0,0,7317965.577,522300000,3.64e+08,2.48e+08,3.55e+08,6.12e+08,19.712664425601,19.3289393041293,19.6876283474397,20.2322428404766
88,16f,0.00885313,15.38651552,Corn,336N,Control,87,7.174526022,14900000,8.659382128,4.56e+08,8.004482455,1.01e+08,8.771074031,5.9e+08,9.059857713,1.15e+09,13679976.05,74840798.6,44303575.86,1154252479,0,16240546,5403145.092,1.147e+09,7.34e+08,1.27e+09,5.27e+08,2.004e+09,20.4140195865788,20.9622827374169,20.0827111065056,21.418411020169
89,17f,0.00885313,12.7711782,Corn,336N,Carbon,87,6.887286871,7710000,8.6321709,4.29e+08,7.708215307,51100000,8.779054572,6.01e+08,9.033842684,1.08e+09,21114896.9,0,0,1073780621,0,0,7040752.845,1081100000,6.81e+08,1.21e+09,6.12e+08,1.891e+09,20.3390728641138,20.9138861965551,20.2322428404766,21.3603716266227
90,18f,0.00885313,16.09473961,Corn,336N,Nitrogen,87,7.003132784,10100000,8.595138283,3.94e+08,7.864457746,73200000,8.691044647,4.91e+08,8.98128606,9.58e+08,0,36562719.83,30218957.86,997599984,0,0,0,958200000,6.23e+08,1.09e+09,4.99e+08,1.713e+09,20.2500570767517,20.8094435331875,20.0281166537158,21.2615120562884
91,19f,0.044265652,2.911587925,Corn,112N,Control,87,6.662811792,4600000,8.544420578,3.5e+08,7.615592347,41300000,8.645552253,4.42e+08,8.921000701,8.34e+08,0,28917963.88,28419772.89,1322223535,0,0,5770634.293,833300000,5.65e+08,1.38e+09,4.94e+08,1.945e+09,20.1523362891107,21.0453493361155,20.0180460751522,21.3885278140168
92,20f,1.407647747,0.060175903,Corn,112N,Carbon,87,6.543906343,3500000,8.40364232,2.53e+08,7.570837722,37200000,8.555533025,3.59e+08,8.812841284,6.5e+08,16443414.73,0,0,1221467103,0,18908060.34,0,649200000,3.86e+08,1.28e+09,3.12e+08,1.666e+09,19.7713479274291,20.9701259148779,19.5585137457738,21.2336913806911
93,21f,0.168209479,9.63740232,Corn,112N,Nitrogen,87,4.869515629,74000,6.429356244,2690000,5.918765282,829000,6.749192685,5610000,6.960466973,9130000,0,0,0,67207350.51,0,0,0,9129000,13200000,19500000,19600000,32700000,16.3957273875566,16.785925023534,16.7910401242007,17.3028856358675
94,22f,0.18591574,13.63678542,Corn,336N,Control,87,7.384540332,24200000,8.774307652,5.95e+08,8.057274113,1.14e+08,8.878529226,7.56e+08,9.165785212,1.46e+09,18919827.25,56083339.97,43585412.77,1526304944,6355325.897,0,6626517.01,1.465e+09,9.27e+08,1.93e+09,7.24e+08,2.857e+09,20.6474641235301,21.3807858398632,20.40030195035,21.773037960195
95,23f,0.212475132,9.146737265,Corn,336N,Carbon,87,7.51706575,32900000,8.782908141,6.07e+08,8.187048307,1.54e+08,8.913380552,8.19e+08,9.198553413,1.58e+09,35210194.02,50156123.73,32751685.51,1915024754,13772022.57,26980822.27,20174039.39,1.58e+09,9.06e+08,2.42e+09,7.61e+08,3.326e+09,20.6245498640073,21.607033377115,20.450143915826,21.9250362177171
96,24f,0.097384435,15.14118299,Corn,336N,Nitrogen,87,7.618492668,41500000,8.854866958,7.16e+08,8.244588405,1.76e+08,9.001208671,1e+09,9.277457206,1.89e+09,12299881.74,25431409.08,32935109.55,1997089758,8699959.592,25593967.36,25096448.49,1.892e+09,1.01e+09,2.48e+09,8.2e+08,3.49e+09,20.7332161677996,21.6315243971233,20.5248148982226,21.9731675731607
97,25f,0.118118535,8.818495769,Corn,336N,Control,87,7.436247564,27300000,8.765560492,5.83e+08,8.094845797,1.24e+08,8.873480339,7.47e+08,9.162724784,1.45e+09,19654624.31,43046446.99,21661174.86,1936002564,0,0,16126570.79,1.454e+09,7.89e+08,1.86e+09,7.21e+08,2.649e+09,20.4862768788101,21.3438423246715,20.3961496952492,21.6974480472363
98,26f,0,9.765649074,Corn,336N,Carbon,87,7.381906559,24100000,8.798792877,6.29e+08,8.0576808,1.14e+08,8.859522272,7.24e+08,9.16644474,1.47e+09,21808224.95,28734337.27,35256650.84,2438191224,25581298.15,43343386.64,25669881,1.467e+09,8.09e+08,2.02e+09,6.78e+08,2.829e+09,20.5113094750228,21.4263633483595,20.3346578459047,21.7631891292658
99,27f,0.088588901,13.7287379,Corn,336N,Nitrogen,87,7.562070256,36500000,8.797959167,6.28e+08,8.236205364,1.72e+08,8.82435632,6.67e+08,9.166614121,1.47e+09,22702512.75,84528385.7,42364506.25,1806530851,15719307.78,10860608.4,13958895.87,1.467e+09,7.94e+08,2.19e+09,6.82e+08,2.984e+09,20.4925940192114,21.5071673807748,20.3405402158077,21.8165305192879
100,28f,0.088588901,13.07071561,Corn,0N,Control,87,6.702205423,5040000,8.789067801,6.15e+08,7.200285976,15900000,8.837546795,6.88e+08,9.120266633,1.32e+09,0,0,33784278.09,2374880064,0,0,0,1318900000,8.38e+08,1.86e+09,6.99e+08,2.698e+09,20.5465286584464,21.3438423246715,20.3651613001981,21.715776594732
101,29f,0.108275324,7.01890449,Corn,0N,Carbon,87,4.508687505,32300,6.484386303,3050000,5.584055922,384000,6.757429483,5720000,6.961649078,9150000,0,0,0,0,0,0,0,9154000,6230000,9390000,9220000,15620000,15.6448868907636,16.0551558511844,16.0368855955328,16.5640627023758
102,30f,0.137804957,13.3847717,Corn,0N,Nitrogen,87,5.578400344,379000,7.520259506,33100000,6.382651658,2410000,7.651316376,44800000,7.904987967,80400000,0,0,0,224958668.3,0,0,0,80310000,1.51e+08,5.48e+08,1.43e+08,6.99e+08,18.8327903947792,20.1217858449123,18.7783551882242,20.3651613001981
103,31f,0.088588901,13.56423233,Corn,112N,Control,87,6.727629758,5340000,8.548425089,3.54e+08,7.812857829,6.5e+07,8.693533849,4.94e+08,8.960138212,9.12e+08,0,49547362.26,0,1362349187,0,15184287.13,0,9.13e+08,5.11e+08,1.21e+09,4.94e+08,1.721e+09,20.051880148168,20.9138861965551,20.0180460751522,21.2661713541758
104,32f,0.039372845,14.08765915,Corn,112N,Carbon,87,6.99184237,9810000,8.759821918,5.75e+08,8.098108831,1.25e+08,8.883232309,7.64e+08,9.165776561,1.46e+09,31116619.62,28007534.08,37096757.68,2006596344,21750927.5,0,0,1.464e+09,7.96e+08,1.73e+09,6.76e+08,2.526e+09,20.4951097438087,21.2713872454561,20.3317036340072,21.6499028608747
105,33f,0.019686422,15.11457274,Corn,112N,Nitrogen,87,6.778516187,6010000,8.588481153,3.88e+08,7.819188817,65900000,8.723839751,5.29e+08,8.992598146,9.83e+08,0,0,19032121.74,1300594729,0,0,0,982900000,5.47e+08,9.36e+08,5.08e+08,1.483e+09,20.1199593603863,20.6571260344419,20.0459920055428,21.1173329001022
106,34f,0.049216056,10.69784733,Corn,0N,Control,87,6.69456028,4950000,8.754960345,5.69e+08,7.365551519,23200000,8.84903323,7.06e+08,9.113400474,1.3e+09,0,0,0,1784373071,0,0,0,1298200000,9.28e+08,1.91e+09,6.9e+08,2.838e+09,20.6485422907505,21.3703690790049,20.3522021555556,21.7663654156843
107,35f,0.019686422,9.39177277,Corn,0N,Carbon,87,6.75068692,5630000,8.84460178,6.99e+08,7.423043954,26500000,8.901606893,7.97e+08,9.182688771,1.52e+09,0,0,0,2582854498,0,0,0,1522500000,1.02e+09,2.64e+09,8.28e+08,3.66e+09,20.7430684642426,21.6940447541046,20.5345237123495,22.0207289843597
108,36f,0.029529634,14.93012709,Corn,0N,Nitrogen,87,6.784457971,6090000,8.686573896,4.86e+08,7.4875252,30700000,8.804033413,6.37e+08,9.062018381,1.15e+09,0,0,0,1877908850,0,0,0,1153700000,8.38e+08,1.76e+09,6.27e+08,2.598e+09,20.5465286584464,21.2885796459965,20.2564570985972,21.6780077551948
109,37b,0.124729045,6.623754334,Miscanthus,336N,Control,5,7.720583523,52600000,9.326440658,2.12e+09,8.226983649,1.69e+08,8.872619326,7.46e+08,9.482152304,3.03e+09,32700000,49600000,33300000,3446046483,17714960.53,22986357.36,20653067.78,3.035e+09,3.66e+09,5.35e+09,2.53e+09,9.01e+09,22.0207289843597,22.4003623978543,21.6514851396858,22.9216009085667
110,38b,0.102718037,4.295762754,Miscanthus,336N,Carbon,5,7.882265129,76300000,9.400068192,2.51e+09,8.334335629,2.16e+08,8.889648736,7.76e+08,9.544544473,3.5e+09,66300000,55100000,5.2e+07,3427922734,12393980.08,46699025.05,35348386.23,3.502e+09,3.45e+09,5.82e+09,2.76e+09,9.27e+09,21.9616400679897,22.4845660986898,21.7384965166755,22.9500492165242
111,39b,0.154077056,7.268925211,Miscanthus,336N,Nitrogen,5,7.811805917,64800000,9.374335598,2.37e+09,8.272006787,1.87e+08,8.90208478,7.98e+08,9.525429703,3.35e+09,44500000,70800000,64600000,3294571695,16298336.91,43432950.11,17070746.8,3.355e+09,2.63e+09,6e+09,2.8e+09,8.63e+09,21.6902496831361,22.5150253061745,21.7528852541276,22.8785103420417
112,40b,-0.484242174,-0.252691927,Miscanthus,112N,Control,5,7.56986096,37100000,9.272775247,1.87e+09,7.958564213,90900000,8.802992324,6.35e+08,9.415014136,2.6e+09,19700000,53100000,22200000,2630077301,10508787.39,8084754.196,22885308.41,2595900000,1.42e+09,4.95e+09,2.3e+09,6.37e+09,21.0739227085596,22.322653413527,21.5561749598815,22.5748653065305
113,41b,0.066033024,2.021535414,Miscanthus,112N,Carbon,5,7.263921303,18400000,9.238426636,1.73e+09,7.74981169,56200000,8.780093924,6.03e+08,9.378473519,2.39e+09,0,14600000,14900000,2891430481,6373059.329,13536180.79,13603128.59,2389200000,1.36e+09,4.63e+09,1.88e+09,5.99e+09,21.0307505366944,22.2558227050446,21.3545376137883,22.5133572490738
114,42b,0.183425066,6.790423477,Miscanthus,112N,Nitrogen,5,7.304708183,20200000,9.239970472,1.74e+09,7.784387463,60900000,8.748186028,5.6e+08,9.372644697,2.36e+09,0,24100000,17100000,2105992508,0,11148430.94,12309785.98,2360900000,2.07e+09,4.21e+09,2.02e+09,6.28e+09,21.4508144442237,22.1607284846407,21.4263633483595,22.5606358174265
115,43b,0.058696021,6.709777117,Miscanthus,336N,Control,5,6.950607325,8920000,8.863392144,7.3e+08,7.820322399,66100000,8.391323752,2.46e+08,9.018057366,1.04e+09,15700000,0,21300000,1194815817,11620546.88,0,10773649.97,1042100000,1.34e+09,9.24e+08,1.02e+09,2.264e+09,21.0159354509092,20.644222629606,20.7430684642426,21.5403989972873
116,44b,0.293480106,-0.043011392,Miscanthus,336N,Carbon,5,7.01940317,10500000,8.899128565,7.93e+08,7.90404153,80200000,8.385229134,2.43e+08,9.047547634,1.12e+09,0,23600000,24200000,1684997918,0,13675869.33,6357613.114,1116200000,1.03e+09,9.05e+08,1.08e+09,1.935e+09,20.752824639188,20.6234455016642,20.8002268780825,21.3833731634282
117,45b,1.034517373,10.2259584,Miscanthus,336N,Nitrogen,5,6.716731704,5210000,8.833072299,6.81e+08,7.713848945,51700000,8.38971828,2.45e+08,8.990310919,9.78e+08,0,0,0,951409278,7085351.946,0,6395728.948,977700000,6.59e+08,6.82e+08,9.65e+08,1.341e+09,20.3062340924668,20.3405402158077,20.6876386593033,21.016681441246
118,46b,-0.051359019,6.1452526,Miscanthus,112N,Control,5,6.889339607,7750000,9.036341348,1.09e+09,7.852310886,71200000,8.52372603,3.34e+08,9.173895843,1.49e+09,0,0,0,2616458834,5342965.576,13853545.57,10893240.69,1495200000,1.07e+09,2.01e+09,1.45e+09,3.08e+09,20.7909244854202,21.4214005590174,21.0948293933789,21.8481954339319
119,47b,-0.022011008,3.414029222,Miscanthus,112N,Carbon,5,7.14208875,13900000,9.034743433,1.08e+09,7.962521123,91700000,8.545314548,3.51e+08,9.183561596,1.53e+09,22800000,21300000,16100000,2033611618,7618105.964,0,12286238.1,1522700000,1.19e+09,2.43e+09,1.67e+09,3.62e+09,20.8972191440699,21.6111570942989,21.2360894633751,22.0097398627841
120,48b,0.058696021,10.62919019,Miscanthus,112N,Nitrogen,5,7.23162346,1.7e+07,9.037021256,1.09e+09,7.993678154,98600000,8.546871514,3.52e+08,9.187465701,1.54e+09,17500000,0,2.1e+07,1981003560,5247007.103,0,12226820.46,1540600000,8.42e+08,2.43e+09,1.6e+09,3.272e+09,20.5512905722066,21.6111570942989,21.1932694661921,21.9086672556869
121,49b,0.086596597,0.359220088,Miscanthus,0N,Control,5,6.817218883,6560000,8.799680569,6.3e+08,7.256064506,1.8e+07,8.36718565,2.33e+08,8.945190271,8.81e+08,0,0,0,869658358.9,0,0,0,8.81e+08,7.34e+08,1.11e+09,9.81e+08,1.844e+09,20.4140195865788,20.8276258522707,20.7040830175296,21.3352029620808
122,50b,0.078724179,0.072814883,Miscanthus,0N,Carbon,5,6.703551549,5050000,8.783190648,6.07e+08,7.244054387,17500000,8.337403443,2.17e+08,8.925320232,8.42e+08,0,0,31600000,857877575.7,0,0,0,841500000,1.02e+09,1.13e+09,8.52e+08,2.15e+09,20.7430684642426,20.8454834696707,20.5630970847936,21.488733679086
123,51b,0.14957594,4.849471189,Miscanthus,0N,Nitrogen,5,6.753741606,5670000,8.73498124,5.43e+08,7.196207623,15700000,8.272378325,1.87e+08,8.872837346,7.46e+08,0,0,13600000,535533379.7,0,0,0,745700000,7.71e+08,8.58e+08,7.61e+08,1.629e+09,20.4631989315276,20.5701146574522,20.450143915826,21.2112321665663
124,52b,0.047234508,0.150484091,Miscanthus,0N,Control,5,6.336970059,2170000,8.527593983,3.37e+08,7.070761166,11800000,8.086610914,1.22e+08,8.672847771,4.71e+08,0,0,0,603910678,0,0,0,470800000,1.23e+09,6.6e+08,5.2e+08,1.89e+09,20.9302800063307,20.3077503929847,20.0693393695397,21.359842666018
125,53b,0.102341433,-0.004854326,Miscanthus,0N,Carbon,5,6.398142298,2500000,8.561864629,3.65e+08,7.153368679,14200000,8.143136006,1.39e+08,8.714258016,5.18e+08,0,0,14200000,616295956.5,0,0,0,518200000,1.36e+09,7.36e+08,5.52e+08,2.096e+09,21.0307505366944,20.4167406766932,20.1290586042414,21.4632966034052
126,54b,0.007872418,3.762102274,Miscanthus,0N,Nitrogen,5,6.424628871,2660000,8.474477757,2.98e+08,7.157779747,14400000,8.041446107,1.1e+08,8.625902469,4.23e+08,0,0,2e+07,535800566.8,0,0,0,422400000,1.2e+09,6.83e+08,4.86e+08,1.883e+09,20.9055873937404,20.3420054175351,20.0017191818648,21.3561320866214
127,55b,0.267662209,6.985374416,Miscanthus,336N,Control,5,7.460447616,28900000,8.664808488,4.62e+08,8.082150059,1.21e+08,8.217352905,1.65e+08,8.873872865,7.48e+08,19500000,20500000,64500000,652852325,15224013.37,32147126.81,8423735.421,7.48e+08,3.54e+09,8.66e+08,5.66e+08,4.406e+09,21.9873925640921,20.5793954665267,20.1541046361675,22.2062330853266
128,56b,0.314896717,3.912586365,Miscanthus,336N,Carbon,5,7.604610423,40200000,8.852557354,7.12e+08,8.12961384,1.35e+08,8.382115896,2.41e+08,9.036612169,1.09e+09,27900000,40300000,33200000,648082521.5,25719965.73,21844547.08,11169464.74,1.088e+09,3.61e+09,1.05e+09,8.86e+08,4.66e+09,22.0069736092912,20.7720560011158,20.6022275085694,22.262281285084
129,57b,0.086596597,9.33001364,Miscanthus,336N,Nitrogen,5,7.631756837,42800000,8.84428631,6.99e+08,8.156729874,1.43e+08,8.379331581,2.4e+08,9.034093551,1.08e+09,27300000,22200000,25700000,430806124.1,18047407.68,30299338.87,0,1.082e+09,2.65e+09,1.01e+09,8.91e+08,3.66e+09,21.6978254769445,20.7332161677996,20.6078549854351,22.0207289843597
130,58b,0.031489672,3.645598462,Miscanthus,112N,Control,5,7.02481277,10600000,8.696460545,4.97e+08,7.611036859,40800000,8.235630668,1.72e+08,8.851255353,7.1e+08,17700000,25100000,1.8e+07,429342445.6,0,0,0,709800000,1.48e+09,7.14e+08,7.32e+08,2.194e+09,21.1153079247224,20.3863935203039,20.4112910719256,21.5089921987995
131,59b,0.031489672,1.762120162,Miscanthus,112N,Carbon,5,6.950297375,8920000,8.613825007,4.11e+08,7.521635874,33200000,8.151082798,1.42e+08,8.767770522,5.86e+08,0,0,16200000,556637148.4,10853465.47,0,0,586200000,1.5e+09,7.96e+08,6.28e+08,2.296e+09,21.1287309450546,20.4951097438087,20.2580507244325,21.5544343154037
132,60b,0.070851761,7.732940545,Miscanthus,112N,Nitrogen,5,6.899249142,7930000,8.520199389,3.31e+08,7.502054466,31800000,8.047616541,1.12e+08,8.676367686,4.75e+08,0,0,13400000,538734781.4,0,0,0,474800000,2.03e+09,7.46e+08,5.85e+08,2.776e+09,21.4313016300001,20.430236158168,20.1871224051961,21.744276879591
133,61b,0.259789791,0.490286877,Miscanthus,0N,Control,5,6.651933779,4490000,8.46643483,2.93e+08,7.211812596,16300000,8.009029167,1.02e+08,8.613942085,4.11e+08,0,0,0,530215644.7,0,0,0,411300000,1.32e+09,6.32e+08,4.75e+08,1.952e+09,21.0008975735447,20.2643999521111,19.9788253619989,21.3921203249373
134,62b,0.157448358,0.077669208,Miscanthus,0N,Carbon,5,6.501914334,3180000,8.503608363,3.19e+08,7.135318128,13700000,8.049775001,1.12e+08,8.648033603,4.45e+08,0,0,0,604054364.3,0,0,0,444700000,1.01e+09,7.18e+08,4.72e+08,1.728e+09,20.7332161677996,20.3919801270125,19.9724895435498,21.2702305073283
135,63b,0.362131224,4.131031013,Miscanthus,0N,Nitrogen,5,6.872966252,7460000,8.451731427,2.83e+08,7.519749752,33100000,8.008459533,1.02e+08,8.621202431,4.18e+08,0,0,26600000,471687894.2,11143029.97,0,0,418100000,6.62e+08,7.52e+08,7.02e+08,1.414e+09,20.3107761139013,20.4382468819141,20.3694439619901,21.0696884044208
136,64b,0.070851761,5.228108579,Miscanthus,336N,Control,5,7.200283664,15900000,8.600410899,3.98e+08,7.821483346,66300000,8.152546167,1.42e+08,8.78309118,6.07e+08,14100000,16200000,18900000,406141874.2,0,0,0,606300000,1.2e+09,5.47e+08,6.5e+08,1.747e+09,20.9055873937404,20.1199593603863,20.292482920854,21.2811658680983
137,65b,-0.007872418,2.529103593,Miscanthus,336N,Carbon,5,7.202113592,15900000,8.584902784,3.85e+08,7.882434569,76300000,8.144474264,1.39e+08,8.77833781,6e+08,9570000,17800000,0,366234763.7,0,0,7592812.38,600300000,1.14e+09,5.68e+08,5.78e+08,1.708e+09,20.8542940993528,20.1576319766854,20.1750844266367,21.2585889323128
138,66b,0.118086269,11.47077119,Miscanthus,336N,Nitrogen,5,7.235484693,17200000,8.528715511,3.38e+08,7.892082009,7.8e+07,8.064611141,1.16e+08,8.725815382,5.32e+08,0,2.7e+07,0,364655982,9948299.49,14906282.41,0,5.32e+08,9.64e+08,4.51e+08,5.26e+08,1.415e+09,20.6866018525748,19.926977897467,20.080811770702,21.0703953680416
139,67b,0.157448358,0.072814883,Miscanthus,0N,Control,5,6.745044164,5560000,8.751856625,5.65e+08,7.296111785,19800000,8.30729999,2.03e+08,8.896213981,7.87e+08,0,0,12600000,514161545.9,0,0,0,787800000,6.34e+08,8.13e+08,8.13e+08,1.447e+09,20.2675595124015,20.5162416675121,20.5162416675121,21.0927582845958
140,68b,0.409365732,0.038834604,Miscanthus,0N,Carbon,5,6.714234133,5180000,8.758206388,5.73e+08,7.282809291,19200000,8.297312182,1.98e+08,8.897924815,7.91e+08,9960000,0,14900000,599601018.9,0,0,8666802.05,790200000,8.36e+08,8.55e+08,7.53e+08,1.691e+09,20.544139171049,20.566612026901,20.4395757857642,21.2485859068629
141,69b,0.259789791,2.407745455,Miscanthus,0N,Nitrogen,5,6.671291299,4690000,8.75574092,5.7e+08,7.284939034,19300000,8.307284733,2.03e+08,8.898724106,7.92e+08,1e+07,0,0,548994027.4,0,14484250.08,0,792300000,7.02e+08,8.37e+08,7.65e+08,1.539e+09,20.3694439619901,20.5453346284537,20.4553863917908,21.1543986918032
142,70b,0.157448358,4.165011292,Miscanthus,112N,Control,5,7.36662303,23300000,8.872465629,7.46e+08,7.926963289,84500000,8.4258612,2.67e+08,9.040068936,1.1e+09,15100000,30900000,28700000,536720216.9,14144979.51,23334047.73,8040222.093,1097500000,1.12e+09,9.8e+08,9.66e+08,2.1e+09,20.8365945222534,20.7030631296289,20.6886743921768,21.4652031816758
143,71b,0.37787606,1.927167229,Miscanthus,112N,Carbon,5,7.274523652,18800000,8.7724731,5.92e+08,7.867855686,73800000,8.305180023,2.02e+08,8.938466,8.68e+08,0,0,18800000,623422871.3,12275642.94,14084591.13,10926723.83,867800000,1.23e+09,9.13e+08,7.86e+08,2.143e+09,20.9302800063307,20.6322464385592,20.4824673503935,21.4854725534379
144,72b,0.22830012,6.519359166,Miscanthus,112N,Nitrogen,5,7.326585136,21200000,8.726643998,5.33e+08,7.878943663,75700000,8.238064268,1.73e+08,8.892972657,7.82e+08,11200000,22300000,20800000,574679346.2,0,0,0,781700000,1.11e+09,8.58e+08,7.95e+08,1.968e+09,20.8276258522707,20.5701146574522,20.4938526726186,21.4002836355765
145,37d,-0.018734522,8.289766443,Miscanthus,336N,Control,32,7.474849639,29800000,9.187943948,1.54e+09,8.064959857,1.16e+08,8.935433245,8.62e+08,9.401312416,2.52e+09,9858708.096,0,40752114.16,5606003857,12699558.13,22797238.51,44155731.04,2.518e+09,1.78e+09,6.4e+09,1.36e+09,8.18e+09,21.2998792012504,22.579563827312,21.0307505366944,22.8249579875611
146,38d,0.009367261,7.055011367,Miscanthus,336N,Carbon,32,7.134184637,13600000,8.795449116,6.24e+08,7.859036895,72300000,8.559240143,3.62e+08,9.024939702,1.06e+09,0,0,12215409.58,4136663060,0,0,0,1058300000,9.68e+08,4.79e+09,8.12e+08,5.758e+09,20.6907426452408,22.2897962483692,20.515010898126,22.4738560291364
147,39d,0.065570827,12.10162444,Miscanthus,336N,Nitrogen,32,7.432730949,27100000,9.150466507,1.41e+09,8.066928986,1.17e+08,8.865404207,7.34e+08,9.354919478,2.26e+09,11228293.85,14250813.33,28944023.09,4758695030,0,18881937.82,48248950.91,2.261e+09,1.59e+09,5.42e+09,1.23e+09,7.01e+09,21.1869998531786,22.413361652398,20.9302800063307,22.6706035379929
148,40d,0,7.43414778,Miscanthus,112N,Control,32,7.361732897,2.3e+07,9.129298175,1.35e+09,7.861713089,72700000,8.861921133,7.28e+08,9.331864868,2.15e+09,9006887.991,15460746.16,19466199.82,3679725407,0,0,25128695.46,2150700000,1.56e+09,5.28e+09,1.15e+09,6.84e+09,21.1679516582079,22.3871919346646,20.8630277793216,22.6460535685809
149,41d,-0.009367261,5.599947294,Miscanthus,112N,Carbon,32,7.428401665,26800000,9.278525325,1.9e+09,7.939124993,86900000,9.022257995,1.05e+09,9.482660615,3.04e+09,9707807.297,8160585.234,45379310.86,5609803832,18524616.04,13102741.87,61713256.43,3036900000,2.16e+09,7.84e+09,1.79e+09,1e+10,21.4933740586425,22.7825046713087,21.3054814567991,23.0258509299405
150,42d,-0.028101783,10.80026432,Miscanthus,112N,Nitrogen,32,7.488959595,30800000,9.217506524,1.65e+09,8.034718547,1.08e+08,8.986164564,9.69e+08,9.435693592,2.73e+09,13580491.27,18937479.25,39839582.26,4984112404,14837149.83,13053099.74,36306654.93,2.727e+09,1.95e+09,7.12e+09,1.52e+09,9.07e+09,21.3910952095221,22.6861735623703,21.1419761718046,22.9282381010735
151,43d,0.018734522,6.76297386,Miscanthus,336N,Control,32,6.940209288,8710000,8.899602029,7.94e+08,7.986080811,96800000,8.615658761,4.13e+08,9.115000929,1.3e+09,6157931.284,9161593.97,39311514.2,2927888150,6923716.902,22578614.76,29728680.87,1303800000,1.04e+09,1.44e+09,8.28e+08,2.48e+09,20.7624865500997,21.0879089505343,20.5345237123495,21.6315243971233
152,44d,0.177977959,0.399630274,Miscanthus,336N,Carbon,32,7.109580186,12900000,8.961820713,9.16e+08,8.095285541,1.25e+08,8.702307147,5.04e+08,9.18871268,1.54e+09,5487244.817,13272353.61,31611527.67,3436669819,17524815.74,21772396.97,33404022.34,1.545e+09,1.14e+09,1.58e+09,8.91e+08,2.72e+09,20.8542940993528,21.1806906839853,20.6078549854351,21.7238977172543
153,45d,0.318486875,9.61674389,Miscanthus,336N,Nitrogen,32,6.767410961,5850000,8.758902777,5.74e+08,7.892764051,78100000,8.49452349,3.12e+08,8.984245227,9.64e+08,6748279.399,0,25460045.69,1874440701,0,15973438.81,23710824.77,964100000,8.64e+08,7.92e+08,6.2e+08,1.656e+09,20.5770833267683,20.4900719497787,20.2452300360034,21.2276708929095
154,46d,-0.149876176,7.244579574,Miscanthus,112N,Control,32,6.829388955,6750000,8.897795496,7.9e+08,7.867954161,73800000,8.613913903,4.11e+08,9.105563745,1.28e+09,0,0,9736692.501,2551627978,5775692.655,0,12718799.94,1274800000,1.06e+09,2.47e+09,7.71e+08,3.53e+09,20.7815347450704,21.6274839875863,20.4631989315276,21.9845637078916
155,47d,-0.168610698,4.483031914,Miscanthus,112N,Carbon,32,7.074011513,11900000,9.072728014,1.18e+09,7.887419048,77200000,8.813295671,6.51e+08,9.281042031,1.91e+09,0,9492925.729,16436728.25,3853273624,0,20627292.79,25520645.83,1908200000,1.36e+09,3.72e+09,1.18e+09,5.08e+09,21.0307505366944,22.0369895052315,20.888780275424,22.3485770985368
156,48d,-0.177977959,12.80353915,Miscanthus,112N,Nitrogen,32,7.017605419,10400000,8.934937544,8.61e+08,8.038507048,1.09e+08,8.685112358,4.84e+08,9.162695548,1.45e+09,4704590.401,0,13714587.03,2909938818,0,9122921.899,24936628.22,1.454e+09,1.07e+09,2.63e+09,1.01e+09,3.7e+09,20.7909244854202,21.6902496831361,20.7332161677996,22.0315986565966
157,49d,-0.104597304,4.441778273,Miscanthus,0N,Control,32,7.123225389,13300000,9.20463242,1.6e+09,7.624605362,42100000,8.839631233,6.91e+08,9.368336008,2.34e+09,13875991.21,0,0,4877906558,0,0,20569696.11,2333100000,1.82e+09,5.33e+09,1.45e+09,7.15e+09,21.3221023380351,22.3966170751242,21.0948293933789,22.6903781936523
158,50d,-0.171159224,3.094272505,Miscanthus,0N,Carbon,32,7.201890153,15900000,9.292755355,1.96e+09,7.720853597,52600000,8.871876185,7.45e+08,9.440808093,2.76e+09,12124078.42,0,8533645.08,6451642218,0,0,41673859.77,2757600000,2.02e+09,6.47e+09,1.7e+09,8.49e+09,21.4263633483595,22.5904419454592,21.2538940880086,22.8621548372697
159,51d,-0.171159224,8.024036407,Miscanthus,0N,Nitrogen,32,7.219326979,16600000,9.303101325,2.01e+09,7.741367959,55100000,8.907140576,8.07e+08,9.458212475,2.87e+09,8522720.829,0,0,6970358106,22600238.12,0,68928673.92,2872100000,2.08e+09,6.65e+09,1.6e+09,8.73e+09,21.4556337306596,22.6178826916142,21.1932694661921,22.8900312067979
160,52d,0.275756528,0.27171927,Miscanthus,0N,Control,32,6.936743438,8640000,9.161289063,1.45e+09,7.716249496,5.2e+07,8.76635009,5.84e+08,9.319248002,2.09e+09,0,0,9216441.015,5782446029,0,28406824.02,106444769.5,2.086e+09,1.45e+09,4.7e+09,1.15e+09,6.15e+09,21.0948293933789,22.2708283456624,20.8630277793216,22.5397179187648
161,53d,0.323300757,0.133086989,Miscanthus,0N,Carbon,32,6.918778584,8290000,9.236295306,1.72e+09,7.716870179,52100000,8.869038497,7.4e+08,9.400505959,2.51e+09,8985978.944,0,10551601.96,5428244503,16637191.39,0,75433476.55,2512100000,1.69e+09,5.33e+09,1.35e+09,7.02e+09,21.2479943658814,22.3966170751242,21.0233704293967,22.6720290549841
162,54d,-0.076070766,7.203333305,Miscanthus,0N,Nitrogen,32,6.915251899,8230000,9.149961651,1.41e+09,7.629347079,42600000,8.771227319,5.91e+08,9.310803045,2.05e+09,0,0,8570609.528,3987987771,0,0,25754058.33,2043600000,1.5e+09,4.46e+09,1.18e+09,5.96e+09,21.1287309450546,22.2184146029784,20.888780275424,22.5083363180237
163,55d,-0.085579612,9.044369993,Miscanthus,336N,Control,32,7.554605228,35900000,9.232053747,1.71e+09,8.157158142,1.44e+08,8.881211544,7.61e+08,9.416738917,2.61e+09,13342266.91,47650526.42,11382099.34,5201311423,0,52150459.65,91209768.8,2.615e+09,2.02e+09,6.59e+09,1.42e+09,8.61e+09,21.4263633483595,22.6088191854608,21.0739227085596,22.8761901553861
164,56d,0,4.841039242,Miscanthus,336N,Carbon,32,7.518814142,3.3e+07,9.221982331,1.67e+09,8.084064291,1.21e+08,8.814701121,6.53e+08,9.387606467,2.44e+09,27197143.34,44861659.98,10655502.73,4761828338,11709239.43,52030257.64,36987365.54,2.444e+09,1.59e+09,6.29e+09,1.28e+09,7.88e+09,21.1869998531786,22.5622269076588,20.9701259148779,22.7875937408162
165,57d,-0.057053075,12.59335638,Miscanthus,336N,Nitrogen,32,7.580433643,38100000,9.252629004,1.79e+09,8.169510221,1.48e+08,8.8505552,7.09e+08,9.422536068,2.65e+09,23061528.3,0,19251715.07,3814571475,17773324.63,59198455.77,61214406.19,2.647e+09,1.81e+09,5.69e+09,1.41e+09,7.5e+09,21.3165926822241,22.4619760850847,21.0668555413365,22.7381688574887
166,58d,-0.237721145,4.957490358,Miscanthus,112N,Control,32,6.322760898,2100000,8.483709491,3.05e+08,7.435414429,27300000,8.020839118,1.05e+08,8.640236955,4.37e+08,0,0,0,731171573.3,0,0,0,437300000,4.61e+08,6.55e+08,2.85e+08,1.116e+09,19.9489086009609,20.3001457935995,19.4679997382329,20.8330167009055
167,59d,-0.11410615,3.83734153,Miscanthus,112N,Carbon,32,7.425981788,26700000,9.231108652,1.7e+09,8.021483278,1.05e+08,8.843052892,6.97e+08,9.39869795,2.5e+09,19305763.67,23892914.98,11777205.9,4575367968,0,28545294.16,21888919.75,2.502e+09,1.78e+09,5.17e+09,1.44e+09,6.95e+09,21.2998792012504,22.3661385254667,21.0879089505343,22.6620074965231
168,60d,-0.095088458,10.1146112,Miscanthus,112N,Nitrogen,32,7.310264237,20400000,9.153632456,1.42e+09,7.94379861,87900000,8.739790869,5.49e+08,9.314191643,2.06e+09,10582563.58,23421286.71,7258975.885,3734264208,0,0,38103179.08,2056900000,1.51e+09,4.16e+09,1.22e+09,5.67e+09,21.1353754877732,22.1487809112196,20.9221166956916,22.4584549546861
169,61d,-0.009508846,1.125694119,Miscanthus,0N,Control,32,6.794665502,6230000,9.06308535,1.16e+09,7.415810762,26100000,8.673232482,4.71e+08,9.218435497,1.65e+09,0,0,0,3939664248,0,0,67301456.93,1657100000,1.38e+09,4.64e+09,9.48e+08,6.02e+09,21.0453493361155,22.2579802031846,20.6698650602193,22.5183530962671
170,62d,0.028526537,0.482440337,Miscanthus,0N,Carbon,32,6.393712068,2480000,8.780564752,6.03e+08,7.212374869,16300000,8.331235971,2.14e+08,8.921195321,8.34e+08,0,0,0,1763426601,0,0,30128805.96,833300000,7.84e+08,2.19e+09,4.83e+08,2.974e+09,20.4799195783147,21.5071673807748,19.9955272116168,21.8131736849844
171,63d,-0.038035383,5.306843705,Miscanthus,0N,Nitrogen,32,7.071299118,11800000,9.20324781,1.6e+09,7.712745526,51600000,8.781066991,6.04e+08,9.352653849,2.25e+09,8968801.32,23638755.78,0,4395862937,0,0,58051256.57,2255600000,1.72e+09,5.57e+09,1.2e+09,7.29e+09,21.2655901277718,22.4406608908856,20.9055873937404,22.709769382967
172,64d,-0.199685762,8.146032814,Miscanthus,336N,Control,32,7.535245713,34300000,9.121516671,1.32e+09,8.229329079,1.7e+08,8.676788794,4.75e+08,9.293922426,1.97e+09,30601124.36,62351228.08,22152288.97,4316094572,30753005.91,86055096.66,108549455.7,1.965e+09,1.45e+09,3.94e+09,1.04e+09,5.39e+09,21.0948293933789,22.0944465602563,20.7624865500997,22.4078112218673
173,65d,-0.190176916,5.672832926,Miscanthus,336N,Carbon,32,7.536305264,34400000,9.118641987,1.31e+09,8.218595487,1.65e+08,8.725012984,5.31e+08,9.30329635,2.01e+09,17809207.3,71723311.19,23532929.45,4385457137,16025445.77,0,100875943.5,2.006e+09,1.5e+09,4e+09,1.06e+09,5.5e+09,21.1287309450546,22.1095601980663,20.7815347450704,22.4280139291848
174,66d,-0.076070766,12.35490886,Miscanthus,336N,Nitrogen,32,7.550789458,35500000,9.128393366,1.34e+09,8.267377833,1.85e+08,8.692097236,4.92e+08,9.305613428,2.02e+09,0,42599111.44,13923840.01,3840449858,21483931.9,77361672.9,84492580.71,2.017e+09,1.45e+09,3.67e+09,1.01e+09,5.12e+09,21.0948293933789,22.0234574990129,20.7332161677996,22.3564202759978
175,67d,-0.009508846,0.565619705,Miscanthus,0N,Control,32,6.904223674,8020000,9.341025064,2.19e+09,7.550641187,35500000,8.863154607,7.3e+08,9.471024962,2.96e+09,0,0,0,5008797569,0,0,38490974.72,2955500000,1.94e+09,7.01e+09,1.51e+09,8.95e+09,21.3859538100216,22.6706035379929,21.1353754877732,22.9149193692332
176,68d,0.152141533,0.670980239,Miscanthus,0N,Carbon,32,6.879647348,7580000,9.279090429,1.9e+09,7.499168478,31600000,8.845990326,7.01e+08,9.420694267,2.63e+09,0,0,11229566.77,4885833883,0,0,34141761.07,2632600000,1.92e+09,6.03e+09,1.38e+09,7.95e+09,21.3755910229861,22.5200128476855,21.0453493361155,22.7964377656127
177,69d,0.076070766,3.022183719,Miscanthus,0N,Nitrogen,32,6.986275021,9690000,9.283612747,1.92e+09,7.59658039,39500000,8.903520899,8.01e+08,9.441171837,2.76e+09,0,0,0,4769666686,0,0,80846614.34,2760500000,2.51e+09,7.4e+09,1.63e+09,9.91e+09,21.6435485900901,22.7247458371565,21.2118458517651,23.0168101852883
178,70d,-0.057053075,5.517564772,Miscanthus,112N,Control,32,7.463763848,29100000,9.339457876,2.19e+09,8.094750838,1.24e+08,8.909611603,8.12e+08,9.494365616,3.12e+09,13419304.99,0,19442196.71,5566299607,0,42454106.91,67362693.5,3.126e+09,2.23e+09,8.17e+09,1.67e+09,1.04e+10,21.5252674224184,22.8237347458183,21.2360894633751,23.0650716430937
179,71d,0.038035383,4.713497544,Miscanthus,112N,Carbon,32,7.247964352,17700000,9.151912448,1.42e+09,7.889604584,77600000,8.727807461,5.34e+08,9.307635709,2.03e+09,0,0,9006344.55,3233968431,22392305.88,0,42913166.88,2031600000,1.38e+09,5.09e+09,1.09e+09,6.47e+09,21.0453493361155,22.3505436675088,20.8094435331875,22.5904419454592
180,72d,-0.057053075,9.970433628,Miscanthus,112N,Nitrogen,32,7.394719526,24800000,9.225438017,1.68e+09,8.021842998,1.05e+08,8.800484978,6.32e+08,9.383333887,2.42e+09,12186794.96,19706873.29,9340429.072,3948418977,0,0,22190357.4,2.417e+09,1.86e+09,5.58e+09,1.55e+09,7.44e+09,21.3438423246715,22.4424546133396,21.1615207678776,22.7301366857914
181,37f,0.127961746,16.69980827,Miscanthus,336N,Control,87,7.580045302,3.8e+07,8.972688844,9.39e+08,8.496340104,3.14e+08,8.433009978,2.71e+08,9.182885132,1.52e+09,61289346.52,64731572.41,61143677.9,1544713092,18512686.21,0,11774608.8,1.524e+09,2.96e+09,2.99e+09,1.8e+09,5.95e+09,21.8084551052824,21.818539224349,21.3110525018485,22.506657056504
182,38f,0.049216056,15.98695078,Miscanthus,336N,Carbon,87,4.958561963,90900,6.668836089,4660000,6.761431785,5770000,6.167698395,1470000,7.075894443,11900000,0,0,0,0,0,0,0,11900000,3.6e+07,12900000,29200000,48900000,17.3990294964204,16.3727378693319,17.1896792672385,17.7052879544451
183,39f,0,16.09163615,Miscanthus,336N,Nitrogen,87,7.644860018,44100000,9.093079959,1.24e+09,8.550328701,3.55e+08,8.51573945,3.28e+08,9.283754567,1.92e+09,17887706.66,91823856.5,62012628.13,2475303866,30293595.45,33678448,25074209.13,1.923e+09,3.83e+09,3.99e+09,2.07e+09,7.82e+09,22.066130640139,22.1070570678482,21.4508144442237,22.7799503915036
184,40f,-0.019686422,16.09662116,Miscanthus,112N,Control,87,7.263664635,18400000,9.008709764,1.02e+09,8.243765053,1.75e+08,8.414866218,2.6e+08,9.163008179,1.46e+09,33579771.25,40119040.61,84408759.45,2175229624,40246359.88,64719156.68,10288552.42,1.455e+09,3.33e+09,3.17e+09,1.9e+09,6.5e+09,21.9262381409388,21.8769974248356,21.3651197231188,22.595068013848
185,41f,0.07874569,13.42963686,Miscanthus,112N,Carbon,87,7.152365035,14200000,9.021127408,1.05e+09,8.163256956,1.46e+08,8.453224299,2.84e+08,9.17009176,1.48e+09,0,24285729.27,54668973.66,2272670190,23494731.27,38356144.33,14107404.49,1.48e+09,3.55e+09,3.56e+09,1.96e+09,7.11e+09,21.9902134404337,21.9930263818103,21.3962103101888,22.6847680807616
186,42f,0.137804957,15.92713057,Miscanthus,112N,Nitrogen,87,7.086990113,12200000,8.971183809,9.36e+08,8.125564168,1.34e+08,8.367075102,2.33e+08,9.114669863,1.3e+09,0,0,34220788.42,1781542719,0,0,15893076.12,1.303e+09,3.08e+09,2.77e+09,1.67e+09,5.85e+09,21.8481954339319,21.7421131571457,21.2360894633751,22.4897074981902
187,43f,0.118118535,6.241241777,Miscanthus,336N,Control,87,6.122581773,1330000,8.410650544,2.57e+08,7.812049334,64900000,7.851234069,7.1e+07,8.594714823,3.93e+08,0,0,0,612582566,0,0,0,392900000,1.42e+09,2.47e+08,7.31e+08,1.667e+09,21.0739227085596,19.3248988945923,20.4099240177141,21.2342914407151
188,44f,0.009843211,8.20533863,Miscanthus,336N,Carbon,87,6.008590701,1020000,8.375930373,2.38e+08,7.778613225,60100000,7.783635134,60800000,8.554455498,3.58e+08,0,0,0,574320200.7,0,0,0,358900000,1.14e+09,3.32e+08,6.64e+08,1.472e+09,20.8542940993528,19.6206455268808,20.3137927074407,21.1098878572531
189,45f,0.167334591,10.70781736,Miscanthus,336N,Nitrogen,87,5.914146291,821000,8.242374466,1.75e+08,7.577746575,37800000,7.652118398,44900000,8.410679009,2.57e+08,0,0,0,316309263.8,0,0,0,257700000,9.54e+08,98100000,5e+08,1052100000,20.6761742294126,18.4014979245356,20.0301186563865,20.7740540037785
190,46f,-0.147648169,8.100653265,Miscanthus,112N,Control,87,5.747806343,560000,7.913823506,8.2e+07,7.620206826,41700000,7.380789025,2.4e+07,8.169499768,1.48e+08,0,0,0,391466095.1,0,0,0,147700000,5.46e+08,3.45e+08,3.56e+08,8.91e+08,20.1181295337092,19.6590549749956,19.6904412888163,20.6078549854351
191,47f,0.23623707,0.299101044,Miscanthus,112N,Carbon,87,6.49564772,3130000,8.637260681,4.34e+08,7.902360317,79900000,8.053644479,1.13e+08,8.79711807,6.27e+08,0,0,20307767.59,1085856278,0,0,0,626900000,1.61e+09,1.3e+09,1.05e+09,2.91e+09,21.1995000159428,20.9856301014139,20.7720560011158,21.7914189181298
192,48f,-0.177177802,9.775619109,Miscanthus,112N,Nitrogen,87,6.899924346,7940000,9.004434206,1.01e+09,7.862542243,72900000,8.411130079,2.58e+08,9.127377163,1.34e+09,0,31102718.59,17972405.28,2179085858,0,0,0,1340900000,3.13e+09,3.28e+09,1.84e+09,6.41e+09,21.8642988414985,21.9111092593425,21.3330314085673,22.581125107879
193,49f,0.033313761,9.236052221,Miscanthus,0N,Control,87,6.149353348,1410000,8.34242653,2.2e+08,7.577649149,37800000,7.950211073,89200000,8.540309535,3.47e+08,0,0,18569031.82,675376336,0,0,0,3.47e+08,1.21e+09,5.83e+08,8.1e+08,1.793e+09,20.9138861965551,20.1836977443148,20.5125448056308,21.3071560315694
194,50f,0.122150459,9.48936167,Miscanthus,0N,Carbon,87,6.646421049,4430000,8.86694419,7.36e+08,7.642253848,43900000,8.437909249,2.74e+08,9.022878245,1.05e+09,0,19515368.3,31203583.2,1877560109,0,0,11700378.23,1053900000,2.9e+09,2.59e+09,1.66e+09,5.49e+09,21.7879765739388,21.6749237126579,21.2300834393149,22.4261940924678
195,51f,0.033313761,15.93900995,Miscanthus,0N,Nitrogen,87,6.599436569,3980000,8.775832366,5.97e+08,7.613708226,41100000,8.334650743,2.16e+08,8.931452906,8.54e+08,0,0,22826806.79,1508056315,0,0,14345900.52,854100000,2.57e+09,2.15e+09,1.39e+09,4.72e+09,21.6671717358535,21.488733679086,21.052569584089,22.2750746365439
196,52f,1.243713761,0.077941369,Miscanthus,0N,Control,87,6.498080646,3150000,8.74514936,5.56e+08,7.696780013,49700000,8.301593531,2e+08,8.906390894,8.06e+08,0,0,43226912.37,1609322681,0,0,15318898.95,805700000,1.98e+09,1.86e+09,1.2e+09,3.84e+09,21.4063626816529,21.3438423246715,20.9055873937404,22.068738203546
197,53f,1.388073394,0.136397396,Miscanthus,0N,Carbon,87,6.508029646,3220000,8.748215707,5.6e+08,7.745780932,55700000,8.352570617,2.25e+08,8.924758465,8.41e+08,12137735.78,0,30223132.49,1750259140,0,0,9800162.25,840700000,2.23e+09,1.98e+09,1.31e+09,4.21e+09,21.5252674224184,21.4063626816529,20.9932929741595,22.1607284846407
198,54f,0.255405505,5.226943056,Miscanthus,0N,Nitrogen,87,6.445735007,2790000,8.651568361,4.48e+08,7.684056522,48300000,8.285701235,1.93e+08,8.838644955,6.9e+08,0,0,32085144.26,1486549640,0,0,7275062.172,689300000,1.86e+09,1.64e+09,1.06e+09,3.5e+09,21.3438423246715,21.2179620787825,20.7815347450704,21.9760288054418
199,55f,0.299823853,14.77963209,Miscanthus,336N,Control,87,7.722117155,52700000,8.920507371,8.33e+08,8.618340429,4.15e+08,8.495198987,3.13e+08,9.19333799,1.56e+09,66013673.33,131887079.1,68969007.4,1676593538,54488187.6,53495303.61,21040472.61,1.561e+09,2.85e+09,3e+09,1.6e+09,5.85e+09,21.770584831227,21.8218781256145,21.1932694661921,22.4897074981902
200,56f,0.255405505,13.29387474,Miscanthus,336N,Carbon,87,7.795915055,62500000,9.02464614,1.06e+09,8.660939883,4.58e+08,8.586960107,3.86e+08,9.279393363,1.9e+09,99463612.72,133431744.1,89936156.61,2287316704,54969195.68,65389124.79,28426172.48,1.904e+09,3.39e+09,3.71e+09,2.03e+09,7.1e+09,21.9440957583388,22.0342977135658,21.4313016300001,22.6833606209937
201,57f,0.044418349,16.36281615,Miscanthus,336N,Nitrogen,87,7.703813557,50600000,8.988960676,9.75e+08,8.575282516,3.76e+08,8.564271555,3.67e+08,9.2349347,1.72e+09,57963313.39,107749082.2,52435551.74,2002607463,23347404.82,56384587.93,17963929.99,1.718e+09,3.63e+09,3.57e+09,1.94e+09,7.2e+09,22.0124984852232,21.995831432738,21.3859538100216,22.6973468629684
202,58f,0.055522936,10.931277,Miscanthus,112N,Control,87,6.765398299,5830000,8.75551071,5.7e+08,7.827831619,67300000,8.342110936,2.2e+08,8.932796314,8.57e+08,0,0,24729297.02,1340475455,0,0,0,857300000,2.64e+09,1.98e+09,1.41e+09,4.62e+09,21.6940447541046,21.4063626816529,21.0668555413365,22.2536605420401
203,59f,0.033313761,10.20057666,Miscanthus,112N,Carbon,87,7.098133919,12500000,8.762603282,5.79e+08,8.120062811,1.32e+08,8.322234727,2.1e+08,8.964142599,9.21e+08,15108022.69,39805872.9,19614947.72,1614011235,18006113.08,19234417.81,0,9.21e+08,2.55e+09,2.38e+09,1.5e+09,4.93e+09,21.6593591961167,21.5903663246298,21.1287309450546,22.318604825001
204,60f,0.088836697,14.82834544,Miscanthus,112N,Nitrogen,87,7.041054402,1.1e+07,8.763878326,5.81e+08,8.114855636,1.3e+08,8.334672292,2.16e+08,8.967072152,9.27e+08,15988841.05,0,13077701.86,1449600428,0,0,0,9.27e+08,2.08e+09,2.19e+09,1.47e+09,4.27e+09,21.4556337306596,21.5071673807748,21.1085282377371,22.1748796641869
205,61f,0.133255046,9.416291637,Miscanthus,0N,Control,87,6.765464324,5830000,8.779258422,6.02e+08,7.814475175,65200000,8.405825791,2.55e+08,8.964423049,9.21e+08,0,0,45921994.72,1774918420,0,10362940.48,0,922200000,2.2e+09,2.51e+09,1.31e+09,4.71e+09,21.5117231973107,21.6435485900901,20.9932929741595,22.2729537449747
206,62f,0.15546422,7.506728098,Miscanthus,0N,Carbon,87,6.756363305,5710000,8.827058107,6.72e+08,7.82140935,66300000,8.397004466,2.49e+08,8.994433666,9.87e+08,0,0,26857936.9,2034650531,0,0,0,987300000,2.57e+09,2.96e+09,1.33e+09,5.53e+09,21.6671717358535,21.8084551052824,21.0084447791801,22.4334536524807
207,63f,0.222091743,10.27851803,Miscanthus,0N,Nitrogen,87,6.857952315,7210000,8.916093475,8.24e+08,7.804363278,63700000,8.469786294,2.95e+08,9.07299359,1.18e+09,0,0,42476589.07,2155520078,0,0,11511557.69,1182700000,2.97e+09,3.43e+09,1.57e+09,6.4e+09,21.811827789761,21.9558260981243,21.1743414563066,22.579563827312
208,64f,0.099941284,6.722443072,Miscanthus,336N,Control,87,7.363957499,23100000,8.723511338,5.29e+08,8.407442142,2.56e+08,8.281653556,1.91e+08,8.98939237,9.76e+08,39884047.93,39886649.83,29902077.96,1340567181,0,20491235.54,15920505.61,9.76e+08,2.48e+09,1.7e+09,1.1e+09,4.18e+09,21.6315243971233,21.2538940880086,20.8185760167507,22.1535770834831
209,65f,0.033313761,9.162982188,Miscanthus,336N,Carbon,87,7.321595427,2.1e+07,8.737400133,5.46e+08,8.418774398,2.62e+08,8.338949285,2.18e+08,9.01148332,1.03e+09,31935717.56,27536353.28,26827120.08,1495811868,16624495.99,28484786.97,0,1.026e+09,2.61e+09,1.88e+09,1.24e+09,4.49e+09,21.682616058281,21.3545376137883,20.9383772165634,22.2251185387006
210,66f,0.099941284,12.59727376,Miscanthus,336N,Nitrogen,87,7.216776106,16500000,8.64264272,4.39e+08,8.293166868,1.96e+08,8.235192804,1.72e+08,8.907120355,8.07e+08,19516958.78,0,32531741.57,1264961325,0,9890985.371,10721654.39,8.07e+08,2.3e+09,1.26e+09,9.84e+08,3.56e+09,21.5561749598815,20.9543775579098,20.7071364550165,21.9930263818103
211,67f,0.066627523,6.478876294,Miscanthus,0N,Control,87,6.54731168,3530000,8.933842492,8.59e+08,7.644093124,44100000,8.46087279,2.89e+08,9.076185269,1.19e+09,0,0,27064190.34,2775063265,0,0,0,1192100000,3.2e+09,3.44e+09,1.65e+09,6.64e+09,21.8864166467521,21.9587373083317,21.2240411248589,22.6163778004348
212,68f,0.055522936,5.855345343,Miscanthus,0N,Carbon,87,6.640207399,4370000,8.924827678,8.41e+08,7.720507453,52500000,8.477696511,3e+08,9.077004725,1.19e+09,13973513.31,0,25476124.57,2420187909,0,0,0,1193500000,3.08e+09,3.4e+09,1.59e+09,6.48e+09,21.8481954339319,21.9470412685685,21.1869998531786,22.5919863473106
213,69f,0.210987156,7.292389333,Miscanthus,0N,Nitrogen,87,6.727188913,5340000,8.986901006,9.7e+08,7.772371951,59200000,8.545650078,3.51e+08,9.14012226,1.38e+09,0,0,36923449.83,2837280442,0,11211034.84,0,1380200000,3.4e+09,3.88e+09,1.71e+09,7.28e+09,21.9470412685685,22.0791009905816,21.259759207461,22.708396699155
214,70f,0.044418349,14.27788453,Miscanthus,112N,Control,87,7.510555116,32400000,8.922061669,8.36e+08,8.447052305,2.8e+08,8.493274008,3.11e+08,9.154430531,1.43e+09,0,55766001.3,38707119.05,2571373006,18772309.3,33076770.04,14715915.61,1.427e+09,2.93e+09,3.67e+09,1.51e+09,6.6e+09,21.7982682599754,22.0234574990129,21.1353754877732,22.6103354859788
215,71f,0.133255046,12.32447897,Miscanthus,112N,Carbon,87,7.344209966,22100000,8.932085842,8.55e+08,8.31966813,2.09e+08,8.487671431,3.07e+08,9.1371587,1.37e+09,24697080.66,51300424.68,35447931.22,2832464760,34305840.87,19153067.86,32372951.99,1.371e+09,3.04e+09,3.52e+09,1.66e+09,6.56e+09,21.8351233523645,21.9817268265564,21.2300834393149,22.6042564399024
216,72f,-0.022209174,14.66759137,Miscanthus,112N,Nitrogen,87,7.532092091,3.4e+07,8.833902958,6.82e+08,8.481710205,3.03e+08,8.428540798,2.68e+08,9.098167175,1.25e+09,42086497.75,53972237.62,105181619,4204789929,23789384.1,31816649.1,12972304.34,1.253e+09,2.72e+09,3.64e+09,1.56e+09,6.36e+09,21.7238977172543,22.0152495185951,21.1679516582079,22.5732942142984
