Order,Sample Name,NH4N.mgl,NO3N.mgl,Crop,Treatment,Addition,DNA_DOE,F1R2_log,F1R2_ave,log_012,ave_012,log_025,ave_025,log_039,ave_039,log_sum,sum_012025039,BM005,BM009,BM012,BM16S,BM016,BM025,BM039
1,1b,0.911914737,0.736523807,Corn,0N,Control,5,7.035100979,1.08E+07,9.131285965,1.35E+09,7.836950955,6.87E+07,8.501381785,3.17E+08,9.24027404,1.74E+09,0,16242783.24,19525994.99,2588758021,9890463.866,0,14270997.64
2,2b,0.889672914,0.050360602,Corn,0N,Carbon,5,6.992009383,9.82E+06,9.209540434,1.62E+09,7.792192016,6.20E+07,8.601715664,4.00E+08,9.31842843,2.08E+09,7651103.497,24527723.28,20106900.38,2195678782,0,10990804.75,13018230.3
3,3b,1.290025726,4.072913701,Corn,0N,Nitrogen,5,5.092958633,1.24E+05,7.189938666,1.55E+07,6.042093176,1.10E+06,6.628291256,4.25E+06,7.318831001,2.08E+07,0,0,0,85543364.18,0,0,0
4,4b,0.722859243,0.157376882,Corn,100N,Control,5,6.809178219,6.44E+06,8.513104154,3.26E+08,7.740506774,5.50E+07,8.022075389,1.05E+08,8.686768105,4.86E+08,0,0,0,1134617535,4556112.637,17923848.65,0
5,5b,0.54492466,0.037770452,Corn,100N,Carbon,5,7.212897105,1.63E+07,9.11768133,1.31E+09,8.079405818,1.20E+08,8.53662941,3.44E+08,9.249285376,1.78E+09,19045916.69,35351901.93,18754200.03,1481214853,0,10751544.7,0
6,6b,1.134332966,3.827405766,Corn,100N,Nitrogen,5,7.323188318,2.10E+07,9.198200385,1.58E+09,8.110460869,1.29E+08,8.604798691,4.03E+08,9.324247771,2.11E+09,9120592.488,0,24122510.01,1656947222,0,16270091.46,14480705.87
7,7b,0.945277472,0.302163613,Corn,0N,Control,5,6.55542645,3.59E+06,9.059855864,1.15E+09,7.510108875,3.24E+07,8.480072528,3.02E+08,9.170902625,1.48E+09,0,0,14685652.06,973758466.6,0,0,0
8,8b,0.689496509,-0.069245828,Corn,0N,Carbon,5,6.703380767,5.05E+06,9.095676427,1.25E+09,7.682336561,4.81E+07,8.546699954,3.52E+08,9.216615333,1.65E+09,0,0,13465069.5,1780380722,0,12465578.52,8228799.333
9,9b,0.667254686,3.676323959,Corn,0N,Nitrogen,5,6.980621687,9.56E+06,9.380460191,2.40E+09,7.974519254,9.43E+07,8.837528971,6.88E+08,9.502916256,3.18E+09,0,0,7087155.43,3740663530,6876092.241,9489222.476,11152043.85
10,10b,0.589408306,0.566556775,Corn,100N,Control,5,7.129821434,1.35E+07,9.227357268,1.69E+09,7.974107626,9.42E+07,8.777986348,6.00E+08,9.376928183,2.38E+09,0,21634976.97,25466701.84,3258254468,7816256.489,0,12182733.35
11,11b,0.656133774,0.151081807,Corn,100N,Carbon,5,7.08737806,1.22E+07,9.179411978,1.51E+09,7.930427394,8.52E+07,8.754642071,5.68E+08,9.335477001,2.17E+09,11470936.16,44244948.95,11112185.58,3524405538,6382269.619,19980912,14007340.31
12,12b,0.93415656,3.764455013,Corn,100N,Nitrogen,5,7.062687508,1.16E+07,9.12855671,1.34E+09,7.938071658,8.67E+07,8.68632003,4.86E+08,9.282586781,1.92E+09,10803210.88,0,10308275.58,3153186739,10096017.32,0,9009412.433
13,13b,0.811826534,15.68732758,Corn,300N,Control,5,6.895110134,7.85E+06,8.671411402,4.69E+08,8.099117505,1.26E+08,8.538325218,3.45E+08,8.973265038,9.40E+08,28582873.72,23194998.87,13001410.11,2445234938,0,10674909.38,0
14,14b,0.811826534,13.70437887,Corn,300N,Carbon,5,6.988617272,9.74E+06,8.799538787,6.30E+08,8.150464062,1.41E+08,8.542865416,3.49E+08,9.049498882,1.12E+09,18236565.54,27446784.18,27485976.1,2101276573,11163330.28,12069649.69,7897965.012
15,15b,1.078728409,18.10463648,Corn,300N,Nitrogen,5,6.871112724,7.43E+06,8.74691829,5.58E+08,7.992054716,9.82E+07,8.476731175,3.00E+08,8.980586417,9.56E+08,0,39610870.73,11509589.64,1718993754,6539455.062,24454633.57,10920235.89
16,16b,0.556045571,6.414681703,Corn,300N,Control,5,7.373228865,2.36E+07,8.991494553,9.81E+08,8.401872366,2.52E+08,8.724238603,5.30E+08,9.246211533,1.76E+09,11387618.31,50272198.89,20727761.16,2732749052,9500619.315,37720519.36,18617284.38
17,17b,0.222418229,3.934422045,Corn,300N,Carbon,5,7.213805353,1.64E+07,8.991559824,9.81E+08,8.230774099,1.70E+08,8.769686393,5.88E+08,9.240374332,1.74E+09,23846276.5,35760020.59,33215482.31,3990368403,0,16304720.76,23562486.69
18,18b,1.1676957,7.396713445,Corn,300N,Nitrogen,5,7.069709019,1.17E+07,8.646012778,4.43E+08,7.987388875,9.71E+07,8.415651557,2.60E+08,8.903169061,8.00E+08,13531785.7,0,6801705.322,1031711883,0,11288791.01,0
19,19b,0.556045571,1.240129829,Corn,100N,Control,5,6.927614027,8.46E+06,8.761390131,5.77E+08,8.029912955,1.07E+08,8.496147195,3.13E+08,8.999065285,9.98E+08,12438652.23,29683026.19,22702426.08,1866869769,0,11843271.69,8490744.517
20,20b,0.54492466,0.201442409,Corn,100N,Carbon,5,6.918303717,8.29E+06,8.763672672,5.80E+08,8.044440591,1.11E+08,8.48575217,3.06E+08,8.998748832,9.97E+08,0,27536063.33,14075997.16,1216560504,5323639.656,0,12540605.02
21,21b,0.733980154,4.507273895,Corn,100N,Nitrogen,5,6.931310298,8.54E+06,8.786314634,6.11E+08,7.997452479,9.94E+07,8.555996307,3.60E+08,9.029605414,1.07E+09,11198079.21,30762935.32,8121894.033,1090003945,5236927.133,0,0
22,22b,0.511561926,0.963146517,Corn,300N,Control,5,7.380358585,2.40E+07,8.814247191,6.52E+08,8.182950083,1.52E+08,8.565588372,3.68E+08,9.068989629,1.17E+09,12070563.09,35164397.73,15410064.74,1473497558,9472221.811,0,23115108.64
23,23b,0.511561926,0.157376882,Corn,300N,Carbon,5,5.372342007,2.36E+05,6.662174827,4.59E+06,6.262699121,1.83E+06,6.445393689,2.79E+06,6.964425696,9.21E+06,0,0,0,53737941.66,0,0,0
24,24b,0.300264609,4.387667465,Corn,300N,Nitrogen,5,7.57307426,3.74E+07,8.845968448,7.01E+08,8.419896603,2.63E+08,8.582789464,3.83E+08,9.129370087,1.35E+09,19500496.12,59101807.27,19737298.92,1166083845,0,14281955.6,15754234.87
25,25b,0.11005504,0.655923725,Corn,300N,Control,5,7.57934986,3.80E+07,8.907910428,8.09E+08,8.429876703,2.69E+08,8.667617524,4.65E+08,9.18841725,1.54E+09,51700000,78900000,45100000,1738537591,11610936.85,13123781.27,28833852.58
26,26b,0.132066048,-0.021505696,Corn,300N,Carbon,5,7.430805589,2.70E+07,8.846773768,7.03E+08,8.284688692,1.93E+08,8.551145416,3.56E+08,9.097281944,1.25E+09,17300000,39700000,53500000,1596312576,5626941.57,13972098.15,17532504.16
27,27b,0.124729045,4.231245666,Corn,300N,Nitrogen,5,7.463564965,2.91E+07,8.836401651,6.86E+08,8.318361166,2.08E+08,8.545267275,3.51E+08,9.095250613,1.25E+09,14100000,36600000,0,1317352830,6999356.987,15834019.26,24256278.5
28,28b,0.146740053,0.247315503,Corn,0N,Control,5,6.777735606,5.99E+06,8.893446032,7.82E+08,7.385864705,2.43E+07,8.590286538,3.89E+08,9.077748372,1.20E+09,0,0,23900000,1749556209,0,0,13927398.58
29,29b,0.11005504,-0.107528479,Corn,0N,Carbon,5,6.787356484,6.13E+06,8.927795013,8.47E+08,7.31239927,2.05E+07,8.654606215,4.51E+08,9.120180429,1.32E+09,0,0,0,1593380990,0,0,8047033.286
30,30b,0.146740053,4.440926201,Corn,0N,Nitrogen,5,6.832680341,6.80E+06,8.815980294,6.55E+08,7.441738211,2.77E+07,8.608332038,4.06E+08,9.036659988,1.09E+09,0,0,19100000,1671353617,0,0,0
31,31b,0.080707029,4.360279842,Corn,100N,Control,5,6.910128996,8.13E+06,8.784117228,6.08E+08,8.082310324,1.21E+08,8.522123025,3.33E+08,9.026092084,1.06E+09,18600000,0,13600000,1464505436,0,15666174.41,10455822.84
32,32b,0.036685013,3.161337296,Corn,100N,Carbon,5,7.01165805,1.03E+07,8.821909418,6.64E+08,8.159402415,1.44E+08,8.562134822,3.65E+08,9.069230277,1.17E+09,27400000,32600000,0,1968894941,6272192.318,19481338.03,7858361.706
33,33b,0.058696021,9.145297177,Corn,100N,Nitrogen,5,6.959897123,9.12E+06,8.74926638,5.61E+08,8.131829471,1.35E+08,8.527152994,3.37E+08,9.014305474,1.03E+09,0,31100000,18300000,1695285560,7220016.142,25393200.03,10399290.89
34,34b,0.146740053,0.500007429,Corn,0N,Control,5,6.956023416,9.04E+06,9.119563018,1.32E+09,7.707834932,5.10E+07,8.847119093,7.03E+08,9.316227748,2.07E+09,0,0,25000000,3112699877,0,0,6196698.657
35,35b,0.161414058,0.043011392,Corn,0N,Carbon,5,6.919831528,8.31E+06,9.216607212,1.65E+09,7.663665476,4.61E+07,8.835943579,6.85E+08,9.376242501,2.38E+09,0,20900000,17400000,3231340319,0,0,0
36,36b,0.13940305,4.779640911,Corn,0N,Nitrogen,5,7.093571331,1.24E+07,9.282052835,1.91E+09,7.831569771,6.79E+07,8.827202339,6.72E+08,9.423914612,2.65E+09,17300000,15700000,15300000,2743682931,0,0,0
37,1d,0.20106869,2.384681807,Corn,0N,Control,32,7.128771984,1.35E+07,8.985729459,9.68E+08,7.497587358,3.14E+07,8.823778755,6.66E+08,9.221568003,1.67E+09,0,11613009.76,50330367.62,6991326499,0,0,60996073.08
38,2d,0.125667931,2.635229989,Corn,0N,Carbon,32,7.237106587,1.73E+07,9.076748803,1.19E+09,7.673957792,4.72E+07,8.884253429,7.66E+08,9.302448451,2.01E+09,0,11221876.81,33167338.56,8588055737,14340723.45,36076679.87,60628933.19
39,3d,0.175935103,7.391171379,Corn,0N,Nitrogen,32,7.185837319,1.53E+07,9.040963644,1.10E+09,7.62136103,4.18E+07,8.873414769,7.47E+08,9.275977518,1.89E+09,7234470.599,0,15114518.32,7899293472,0,20337540.17,44594330.22
40,4d,0.343492345,1.471970571,Corn,100N,Control,32,7.345107227,2.21E+07,9.001289504,1.00E+09,7.841076784,6.94E+07,8.845771229,7.01E+08,9.248810216,1.77E+09,12500344.53,0,45914066.27,6835316707,0,13227536.32,65753062.89
41,5d,0.184312965,0.78296307,Corn,100N,Carbon,32,7.27240003,1.87E+07,8.980407003,9.56E+08,7.779717348,6.02E+07,8.855974905,7.18E+08,9.239013416,1.73E+09,0,13110776.41,28600134.61,7567678092,14115447.06,17472516.54,68099062.65
42,6d,0.167557241,3.847704229,Corn,100N,Nitrogen,32,7.273012214,1.88E+07,8.934458429,8.60E+08,7.746007382,5.57E+07,8.815247369,6.54E+08,9.195662509,1.57E+09,14410807.24,0,37859284.1,6108324644,0,16904369.71,52582602.06
43,7d,0.150801517,3.002104113,Corn,0N,Control,32,7.083013742,1.21E+07,9.038917726,1.09E+09,7.597112479,3.95E+07,8.893390093,7.82E+08,9.282310778,1.92E+09,0,0,23252936.06,4561008685,0,8372802.242,48795363.97
44,8d,0.175935103,1.905955816,Corn,0N,Carbon,32,6.992899485,9.84E+06,8.961820719,9.16E+08,7.464790879,2.92E+07,8.784814255,6.09E+08,9.191528931,1.55E+09,0,0,13034838.66,5807142573,0,0,54759361.94
45,9d,0.092156483,6.702163878,Corn,0N,Nitrogen,32,7.24768116,1.77E+07,9.124620935,1.33E+09,7.799906945,6.31E+07,8.939757524,8.70E+08,9.355244126,2.27E+09,6705982.079,0,28822203.39,7459692482,0,29797598.43,76110955.7
46,10d,0.175935103,1.820948397,Corn,100N,Control,32,7.33949402,2.19E+07,9.025825512,1.06E+09,7.868953751,7.40E+07,8.852108457,7.11E+08,9.266375861,1.85E+09,8771982.359,0,21031514.06,5787170881,0,12801317.36,18387534.52
47,11d,0.226202276,1.194577941,Corn,100N,Carbon,32,7.211375451,1.63E+07,9.00229803,1.01E+09,7.679247188,4.78E+07,8.864824075,7.33E+08,9.251787409,1.79E+09,0,13629332.42,19699704.07,6110284862,0,12459279.05,20384225.22
48,12d,0.20106869,7.655141786,Corn,100N,Nitrogen,32,7.223845223,1.67E+07,8.929175645,8.50E+08,7.700258014,5.01E+07,8.784251319,6.08E+08,9.178447278,1.51E+09,0,22553448.75,39687861.53,4927700802,0,13013935.85,0
49,13d,0.134045793,17.56074314,Corn,300N,Control,32,6.975862824,9.46E+06,8.587339213,3.87E+08,7.89499039,7.85E+07,8.437389815,2.74E+08,8.868622808,7.39E+08,9546460.851,14747027.73,10001810.89,2485990106,0,11210659.42,18124334.51
50,14d,0.083778621,16.18272813,Corn,300N,Carbon,32,6.887538133,7.72E+06,8.525882697,3.36E+08,7.76364391,5.80E+07,8.387080865,2.44E+08,8.804481732,6.38E+08,8122146.942,7011965.115,20769385.27,2990011566,0,12778297.88,46367642.14
51,15d,0.125667931,17.45783942,Corn,300N,Nitrogen,32,6.924090345,8.40E+06,8.472013078,2.96E+08,7.763791805,5.80E+07,8.361645888,2.30E+08,8.766782494,5.84E+08,15236917.65,0,16168156.43,2964946715,11488452.41,0,13099989.13
52,16d,0.125667931,7.476178798,Corn,300N,Control,32,7.248731538,1.77E+07,8.789466832,6.16E+08,7.912748446,8.18E+07,8.610666919,4.08E+08,9.043615285,1.11E+09,7899124.29,14821102.76,30499908.54,4600761141,18802942.84,46207223.35,38176428.81
53,17d,0.008377862,6.514252741,Corn,300N,Carbon,32,7.437051926,2.74E+07,8.967361968,9.28E+08,8.139501049,1.38E+08,8.866126108,7.35E+08,9.255323106,1.80E+09,15205883.38,25451970.54,38382475.14,7300977248,26731772.42,41695812.31,52470181.06
54,18d,0.117290069,12.18290537,Corn,300N,Nitrogen,32,7.444297567,2.78E+07,8.878872504,7.57E+08,8.12393893,1.33E+08,8.761198091,5.77E+08,9.166331543,1.47E+09,12107231.52,18367621.18,30983059.18,5882018399,26399947.53,28990820.93,75281838.66
55,19d,-0.04188931,2.648652213,Corn,100N,Control,32,7.25375812,1.79E+07,8.95212091,8.96E+08,7.976839166,9.48E+07,8.809516186,6.45E+08,9.213612351,1.64E+09,16028130.41,15647171.52,32504874.47,7402523938,17969466.24,23882887.48,59427861.66
56,20d,0.083778621,0.433985244,Corn,100N,Carbon,32,7.238480554,1.73E+07,8.972264111,9.38E+08,8.03332089,1.08E+08,8.838099852,6.89E+08,9.239278807,1.73E+09,9031418.404,14480873.01,29056448.4,8466050347,12787051.73,0,45580838.04
57,21d,-0.025133586,8.527586349,Corn,100N,Nitrogen,32,7.240369058,1.74E+07,8.932383771,8.56E+08,7.992323539,9.82E+07,8.833808009,6.82E+08,9.213811893,1.64E+09,8981331.172,16329195.22,27059302.07,7022250923,14085782.98,25675064.2,50375624.23
58,22d,0.092156483,3.225807848,Corn,300N,Control,32,7.366060605,2.32E+07,8.898655629,7.92E+08,7.931609422,8.54E+07,8.804175675,6.37E+08,9.180228022,1.51E+09,5934635.109,0,28758574.31,6415862574,11642283.52,21775378.27,43725692.25
59,23d,0.125667931,1.440652048,Corn,300N,Carbon,32,7.36574906,2.32E+07,8.953708584,8.99E+08,7.902630858,7.99E+07,8.84932248,7.07E+08,9.226767894,1.69E+09,0,9227496.848,25274224.28,6681389729,13987580.47,17059113.87,65581403.75
60,24d,0.318358759,7.80278625,Corn,300N,Nitrogen,32,7.325880448,2.12E+07,8.785701916,6.11E+08,7.852622931,7.12E+07,8.715689274,5.20E+08,9.079676915,1.20E+09,6442787.371,10216984.08,22458438.32,4696578314,23362776.56,8732677.957,29148156.13
61,25d,1.095969539,2.500250942,Corn,300N,Control,32,7.460249089,2.89E+07,8.889703543,7.76E+08,7.973404156,9.41E+07,8.765601978,5.83E+08,9.162172311,1.45E+09,8380607.371,0,39147972.24,5442677519,13198724.06,14377543.38,25642121.3
62,26d,0,0.963211428,Corn,300N,Carbon,32,7.478300094,3.01E+07,8.908878535,8.11E+08,8.016987724,1.04E+08,8.744070941,5.55E+08,9.167151761,1.47E+09,12962389.68,11178427.96,36050610.16,5730367462,22068643.42,19594826.81,43036079.06
63,27d,-0.056203566,5.441119878,Corn,300N,Nitrogen,32,7.412073587,2.58E+07,8.858869098,7.23E+08,7.949764014,8.91E+07,8.71050622,5.13E+08,9.122244785,1.33E+09,10183065,9549111.776,45323833.14,5572138228,11227331.65,20666640.39,47523516.67
64,28d,-0.037469044,1.895682067,Corn,0N,Control,32,6.850636157,7.09E+06,8.799789881,6.31E+08,7.173925286,1.49E+07,8.647824069,4.44E+08,9.037437937,1.09E+09,6605924.143,0,30952432.06,4662134154,0,0,25741136.2
65,29d,0.018734522,1.1579031,Corn,0N,Carbon,32,6.923544381,8.39E+06,8.957163771,9.06E+08,7.233834324,1.71E+07,8.833683176,6.82E+08,9.205488119,1.61E+09,0,0,29299646.69,5233591282,0,0,46279894.05
66,30d,0.09367261,6.686121884,Corn,0N,Nitrogen,32,6.803483382,6.36E+06,8.859728533,7.24E+08,7.033009947,1.08E+07,8.704207863,5.06E+08,9.093715718,1.24E+09,0,0,47447764.6,4007405676,0,0,13387128.69
67,31d,0.018734522,7.444394711,Corn,100N,Control,32,7.070562609,1.18E+07,8.865982857,7.34E+08,7.854195011,7.15E+07,8.731163938,5.38E+08,9.128541297,1.34E+09,11026413.11,0,35750038.17,5095517432,6530244.573,0,39063556.64
68,32d,-0.065570827,5.533342249,Corn,100N,Carbon,32,7.008014636,1.02E+07,8.897599542,7.90E+08,7.80349927,6.36E+07,8.809098166,6.44E+08,9.175474398,1.50E+09,0,0,36945969.4,5713198398,0,0,49097565.03
69,33d,-0.074938088,10.13421386,Corn,100N,Nitrogen,32,7.065948188,1.16E+07,8.907706398,8.09E+08,7.833504925,6.82E+07,8.788473351,6.14E+08,9.173517418,1.49E+09,0,0,34604322.73,4233636581,0,0,38821949.36
70,34d,0,2.602720243,Corn,0N,Control,32,6.944733957,8.81E+06,8.91279875,8.18E+08,7.337974064,2.18E+07,8.804745354,6.38E+08,9.16960119,1.48E+09,0,0,27536007.89,5001541516,0,0,49916423.71
71,35d,-0.018734522,2.141608389,Corn,0N,Carbon,32,7.086659874,1.22E+07,9.004794956,1.01E+09,7.475911788,2.99E+07,8.86396249,7.31E+08,9.248486872,1.77E+09,0,7378705.525,30450757.57,5592144733,0,0,13581485.92
72,36d,0.056203566,6.568282188,Corn,0N,Nitrogen,32,7.120289269,1.32E+07,8.972211738,9.38E+08,7.480111479,3.02E+07,8.832201089,6.80E+08,9.216889919,1.65E+09,0,0,21563869.95,5121410810,0,0,16855494.07
73,1f,0.256740784,13.96080951,Corn,0N,Control,87,6.830248803,6.76E+06,8.741394247,5.51E+08,7.532907568,3.41E+07,8.881343138,7.61E+08,9.129157078,1.35E+09,0,24349608.77,25571435.87,1901897664,0,0,12910443.23
74,2f,0.194768871,10.96127219,Corn,0N,Carbon,87,6.866425485,7.35E+06,8.750211949,5.63E+08,7.577549258,3.78E+07,8.840416087,6.92E+08,9.111569957,1.29E+09,22195338.32,0,0,1926195476,0,0,5050799.999
75,3f,0.115090696,15.29393721,Corn,0N,Nitrogen,87,6.948913971,8.89E+06,8.791732614,6.19E+08,7.611195872,4.09E+07,8.863927971,7.31E+08,9.143304651,1.39E+09,14083053.39,0,37878222.61,1904395733,0,0,10702204.89
76,4f,0.513481568,11.4380505,Corn,100N,Control,87,7.051025666,1.12E+07,8.675511096,4.74E+08,7.770911137,5.90E+07,8.789511261,6.16E+08,9.060175596,1.15E+09,25445054.26,0,39080656.23,1971568555,14106734.52,11999142.93,19302414.83
77,5f,0.194768871,7.42940957,Corn,100N,Carbon,87,6.713969256,5.18E+06,8.075203651,1.19E+08,7.542465275,3.49E+07,8.261632641,1.83E+08,8.52689793,3.36E+08,0,17036397.73,23891465.23,1199562457,0,0,6910868.26
78,6f,0.327565828,13.97006734,Corn,100N,Nitrogen,87,6.751727797,5.65E+06,8.074190126,1.19E+08,7.649950625,4.47E+07,8.286160165,1.93E+08,8.552132832,3.57E+08,21054492,30078854.33,32980052.68,1275851832,0,0,9564526.531
79,7f,0.256740784,9.586484249,Corn,0N,Control,87,6.748115701,5.60E+06,8.770183092,5.89E+08,7.656214093,4.53E+07,8.878982284,7.57E+08,9.143391463,1.39E+09,4857078.714,0,0,1593153073,8951033.749,0,12760173.47
80,8f,0.327565828,9.507792683,Corn,0N,Carbon,87,6.614810797,4.12E+06,8.728864303,5.36E+08,7.44243516,2.77E+07,8.815364351,6.54E+08,9.085292417,1.22E+09,0,0,0,1253534589,0,0,5331217.7
81,9f,0.044265652,13.46088662,Corn,0N,Nitrogen,87,6.641304733,4.38E+06,8.746772642,5.58E+08,7.51401441,3.27E+07,8.818423724,6.58E+08,9.096610272,1.25E+09,14420731.53,0,0,1262776926,0,0,11889122.44
82,10f,0.221328262,12.36846254,Corn,100N,Control,87,7.017433923,1.04E+07,8.736206663,5.45E+08,7.774051746,5.94E+07,8.808862259,6.44E+08,9.096271343,1.25E+09,0,16836636.54,18864486.04,1424751540,0,0,14127952.45
83,11f,0.354125219,9.341151721,Corn,100N,Carbon,87,7.016570097,1.04E+07,8.775974997,5.97E+08,7.753626363,5.67E+07,8.873550116,7.47E+08,9.146469581,1.40E+09,0,0,30942857.35,1596703297,0,0,14376761.48
84,12f,0.309859567,15.4096601,Corn,100N,Nitrogen,87,7.127494998,1.34E+07,8.731277808,5.39E+08,7.86754738,7.37E+07,8.799512806,6.30E+08,9.094323556,1.24E+09,15911749.04,21067655.73,0,1645552927,0,10786121.77,10338499.33
85,13f,0.150503218,17.6315396,Corn,300N,Control,87,4.549334881,3.54E+04,8.171023881,1.48E+08,6.131499053,1.35E+06,6.807112771,6.41E+06,8.193200729,1.56E+08,0,0,0,67040591.4,0,0,0
86,14f,0.061971913,17.51118779,Corn,300N,Carbon,87,6.137164106,1.37E+06,7.818894066,6.59E+07,7.347200129,2.22E+07,7.954495757,9.01E+07,8.250900769,1.78E+08,0,0,0,403481894.2,0,0,0
87,15f,0.044265652,15.97901672,Corn,300N,Nitrogen,87,6.353926976,2.26E+06,8.318703383,2.08E+08,7.436274234,2.73E+07,8.458366817,2.87E+08,8.718447228,5.23E+08,0,23413142.8,22696810.26,738737548.5,0,0,7317965.577
88,16f,0.00885313,15.38651552,Corn,300N,Control,87,7.174526022,1.49E+07,8.659382128,4.56E+08,8.004482455,1.01E+08,8.771074031,5.90E+08,9.059857713,1.15E+09,13679976.05,74840798.6,44303575.86,1154252479,0,16240546,5403145.092
89,17f,0.00885313,12.7711782,Corn,300N,Carbon,87,6.887286871,7.71E+06,8.6321709,4.29E+08,7.708215307,5.11E+07,8.779054572,6.01E+08,9.033842684,1.08E+09,21114896.9,0,0,1073780621,0,0,7040752.845
90,18f,0.00885313,16.09473961,Corn,300N,Nitrogen,87,7.003132784,1.01E+07,8.595138283,3.94E+08,7.864457746,7.32E+07,8.691044647,4.91E+08,8.98128606,9.58E+08,0,36562719.83,30218957.86,997599984,0,0,0
91,19f,0.044265652,2.911587925,Corn,100N,Control,87,6.662811792,4.60E+06,8.544420578,3.50E+08,7.615592347,4.13E+07,8.645552253,4.42E+08,8.921000701,8.34E+08,0,28917963.88,28419772.89,1322223535,0,0,5770634.293
92,20f,1.407647747,0.060175903,Corn,100N,Carbon,87,6.543906343,3.50E+06,8.40364232,2.53E+08,7.570837722,3.72E+07,8.555533025,3.59E+08,8.812841284,6.50E+08,16443414.73,0,0,1221467103,0,18908060.34,0
93,21f,0.168209479,9.63740232,Corn,100N,Nitrogen,87,4.869515629,7.40E+04,6.429356244,2.69E+06,5.918765282,8.29E+05,6.749192685,5.61E+06,6.960466973,9.13E+06,0,0,0,67207350.51,0,0,0
94,22f,0.18591574,13.63678542,Corn,300N,Control,87,7.384540332,2.42E+07,8.774307652,5.95E+08,8.057274113,1.14E+08,8.878529226,7.56E+08,9.165785212,1.46E+09,18919827.25,56083339.97,43585412.77,1526304944,6355325.897,0,6626517.01
95,23f,0.212475132,9.146737265,Corn,300N,Carbon,87,7.51706575,3.29E+07,8.782908141,6.07E+08,8.187048307,1.54E+08,8.913380552,8.19E+08,9.198553413,1.58E+09,35210194.02,50156123.73,32751685.51,1915024754,13772022.57,26980822.27,20174039.39
96,24f,0.097384435,15.14118299,Corn,300N,Nitrogen,87,7.618492668,4.15E+07,8.854866958,7.16E+08,8.244588405,1.76E+08,9.001208671,1.00E+09,9.277457206,1.89E+09,12299881.74,25431409.08,32935109.55,1997089758,8699959.592,25593967.36,25096448.49
97,25f,0.118118535,8.818495769,Corn,300N,Control,87,7.436247564,2.73E+07,8.765560492,5.83E+08,8.094845797,1.24E+08,8.873480339,7.47E+08,9.162724784,1.45E+09,19654624.31,43046446.99,21661174.86,1936002564,0,0,16126570.79
98,26f,0,9.765649074,Corn,300N,Carbon,87,7.381906559,2.41E+07,8.798792877,6.29E+08,8.0576808,1.14E+08,8.859522272,7.24E+08,9.16644474,1.47E+09,21808224.95,28734337.27,35256650.84,2438191224,25581298.15,43343386.64,25669881
99,27f,0.088588901,13.7287379,Corn,300N,Nitrogen,87,7.562070256,3.65E+07,8.797959167,6.28E+08,8.236205364,1.72E+08,8.82435632,6.67E+08,9.166614121,1.47E+09,22702512.75,84528385.7,42364506.25,1806530851,15719307.78,10860608.4,13958895.87
100,28f,0.088588901,13.07071561,Corn,0N,Control,87,6.702205423,5.04E+06,8.789067801,6.15E+08,7.200285976,1.59E+07,8.837546795,6.88E+08,9.120266633,1.32E+09,0,0,33784278.09,2374880064,0,0,0
101,29f,0.108275324,7.01890449,Corn,0N,Carbon,87,4.508687505,3.23E+04,6.484386303,3.05E+06,5.584055922,3.84E+05,6.757429483,5.72E+06,6.961649078,9.15E+06,0,0,0,0,0,0,0
102,30f,0.137804957,13.3847717,Corn,0N,Nitrogen,87,5.578400344,3.79E+05,7.520259506,3.31E+07,6.382651658,2.41E+06,7.651316376,4.48E+07,7.904987967,8.04E+07,0,0,0,224958668.3,0,0,0
103,31f,0.088588901,13.56423233,Corn,100N,Control,87,6.727629758,5.34E+06,8.548425089,3.54E+08,7.812857829,6.50E+07,8.693533849,4.94E+08,8.960138212,9.12E+08,0,49547362.26,0,1362349187,0,15184287.13,0
104,32f,0.039372845,14.08765915,Corn,100N,Carbon,87,6.99184237,9.81E+06,8.759821918,5.75E+08,8.098108831,1.25E+08,8.883232309,7.64E+08,9.165776561,1.46E+09,31116619.62,28007534.08,37096757.68,2006596344,21750927.5,0,0
105,33f,0.019686422,15.11457274,Corn,100N,Nitrogen,87,6.778516187,6.01E+06,8.588481153,3.88E+08,7.819188817,6.59E+07,8.723839751,5.29E+08,8.992598146,9.83E+08,0,0,19032121.74,1300594729,0,0,0
106,34f,0.049216056,10.69784733,Corn,0N,Control,87,6.69456028,4.95E+06,8.754960345,5.69E+08,7.365551519,2.32E+07,8.84903323,7.06E+08,9.113400474,1.30E+09,0,0,0,1784373071,0,0,0
107,35f,0.019686422,9.39177277,Corn,0N,Carbon,87,6.75068692,5.63E+06,8.84460178,6.99E+08,7.423043954,2.65E+07,8.901606893,7.97E+08,9.182688771,1.52E+09,0,0,0,2582854498,0,0,0
108,36f,0.029529634,14.93012709,Corn,0N,Nitrogen,87,6.784457971,6.09E+06,8.686573896,4.86E+08,7.4875252,3.07E+07,8.804033413,6.37E+08,9.062018381,1.15E+09,0,0,0,1877908850,0,0,0
109,37b,0.124729045,6.623754334,Mxg,300N,Control,5,7.720583523,5.26E+07,9.326440658,2.12E+09,8.226983649,1.69E+08,8.872619326,7.46E+08,9.482152304,3.03E+09,32700000,49600000,33300000,3446046483,17714960.53,22986357.36,20653067.78
110,38b,0.102718037,4.295762754,Mxg,300N,Carbon,5,7.882265129,7.63E+07,9.400068192,2.51E+09,8.334335629,2.16E+08,8.889648736,7.76E+08,9.544544473,3.50E+09,66300000,55100000,52000000,3427922734,12393980.08,46699025.05,35348386.23
111,39b,0.154077056,7.268925211,Mxg,300N,Nitrogen,5,7.811805917,6.48E+07,9.374335598,2.37E+09,8.272006787,1.87E+08,8.90208478,7.98E+08,9.525429703,3.35E+09,44500000,70800000,64600000,3294571695,16298336.91,43432950.11,17070746.8
112,40b,-0.484242174,-0.252691927,Mxg,100N,Control,5,7.56986096,3.71E+07,9.272775247,1.87E+09,7.958564213,9.09E+07,8.802992324,6.35E+08,9.415014136,2.60E+09,19700000,53100000,22200000,2630077301,10508787.39,8084754.196,22885308.41
113,41b,0.066033024,2.021535414,Mxg,100N,Carbon,5,7.263921303,1.84E+07,9.238426636,1.73E+09,7.74981169,5.62E+07,8.780093924,6.03E+08,9.378473519,2.39E+09,0,14600000,14900000,2891430481,6373059.329,13536180.79,13603128.59
114,42b,0.183425066,6.790423477,Mxg,100N,Nitrogen,5,7.304708183,2.02E+07,9.239970472,1.74E+09,7.784387463,6.09E+07,8.748186028,5.60E+08,9.372644697,2.36E+09,0,24100000,17100000,2105992508,0,11148430.94,12309785.98
115,43b,0.058696021,6.709777117,Mxg,300N,Control,5,6.950607325,8.92E+06,8.863392144,7.30E+08,7.820322399,6.61E+07,8.391323752,2.46E+08,9.018057366,1.04E+09,15700000,0,21300000,1194815817,11620546.88,0,10773649.97
116,44b,0.293480106,-0.043011392,Mxg,300N,Carbon,5,7.01940317,1.05E+07,8.899128565,7.93E+08,7.90404153,8.02E+07,8.385229134,2.43E+08,9.047547634,1.12E+09,0,23600000,24200000,1684997918,0,13675869.33,6357613.114
117,45b,1.034517373,10.2259584,Mxg,300N,Nitrogen,5,6.716731704,5.21E+06,8.833072299,6.81E+08,7.713848945,5.17E+07,8.38971828,2.45E+08,8.990310919,9.78E+08,0,0,0,951409278,7085351.946,0,6395728.948
118,46b,-0.051359019,6.1452526,Mxg,100N,Control,5,6.889339607,7.75E+06,9.036341348,1.09E+09,7.852310886,7.12E+07,8.52372603,3.34E+08,9.173895843,1.49E+09,0,0,0,2616458834,5342965.576,13853545.57,10893240.69
119,47b,-0.022011008,3.414029222,Mxg,100N,Carbon,5,7.14208875,1.39E+07,9.034743433,1.08E+09,7.962521123,9.17E+07,8.545314548,3.51E+08,9.183561596,1.53E+09,22800000,21300000,16100000,2033611618,7618105.964,0,12286238.1
120,48b,0.058696021,10.62919019,Mxg,100N,Nitrogen,5,7.23162346,1.70E+07,9.037021256,1.09E+09,7.993678154,9.86E+07,8.546871514,3.52E+08,9.187465701,1.54E+09,17500000,0,21000000,1981003560,5247007.103,0,12226820.46
121,49b,0.086596597,0.359220088,Mxg,0N,Control,5,6.817218883,6.56E+06,8.799680569,6.30E+08,7.256064506,1.80E+07,8.36718565,2.33E+08,8.945190271,8.81E+08,0,0,0,869658358.9,0,0,0
122,50b,0.078724179,0.072814883,Mxg,0N,Carbon,5,6.703551549,5.05E+06,8.783190648,6.07E+08,7.244054387,1.75E+07,8.337403443,2.17E+08,8.925320232,8.42E+08,0,0,31600000,857877575.7,0,0,0
123,51b,0.14957594,4.849471189,Mxg,0N,Nitrogen,5,6.753741606,5.67E+06,8.73498124,5.43E+08,7.196207623,1.57E+07,8.272378325,1.87E+08,8.872837346,7.46E+08,0,0,13600000,535533379.7,0,0,0
124,52b,0.047234508,0.150484091,Mxg,0N,Control,5,6.336970059,2.17E+06,8.527593983,3.37E+08,7.070761166,1.18E+07,8.086610914,1.22E+08,8.672847771,4.71E+08,0,0,0,603910678,0,0,0
125,53b,0.102341433,-0.004854326,Mxg,0N,Carbon,5,6.398142298,2.50E+06,8.561864629,3.65E+08,7.153368679,1.42E+07,8.143136006,1.39E+08,8.714258016,5.18E+08,0,0,14200000,616295956.5,0,0,0
126,54b,0.007872418,3.762102274,Mxg,0N,Nitrogen,5,6.424628871,2.66E+06,8.474477757,2.98E+08,7.157779747,1.44E+07,8.041446107,1.10E+08,8.625902469,4.23E+08,0,0,20000000,535800566.8,0,0,0
127,55b,0.267662209,6.985374416,Mxg,300N,Control,5,7.460447616,2.89E+07,8.664808488,4.62E+08,8.082150059,1.21E+08,8.217352905,1.65E+08,8.873872865,7.48E+08,19500000,20500000,64500000,652852325,15224013.37,32147126.81,8423735.421
128,56b,0.314896717,3.912586365,Mxg,300N,Carbon,5,7.604610423,4.02E+07,8.852557354,7.12E+08,8.12961384,1.35E+08,8.382115896,2.41E+08,9.036612169,1.09E+09,27900000,40300000,33200000,648082521.5,25719965.73,21844547.08,11169464.74
129,57b,0.086596597,9.33001364,Mxg,300N,Nitrogen,5,7.631756837,4.28E+07,8.84428631,6.99E+08,8.156729874,1.43E+08,8.379331581,2.40E+08,9.034093551,1.08E+09,27300000,22200000,25700000,430806124.1,18047407.68,30299338.87,0
130,58b,0.031489672,3.645598462,Mxg,100N,Control,5,7.02481277,1.06E+07,8.696460545,4.97E+08,7.611036859,4.08E+07,8.235630668,1.72E+08,8.851255353,7.10E+08,17700000,25100000,18000000,429342445.6,0,0,0
131,59b,0.031489672,1.762120162,Mxg,100N,Carbon,5,6.950297375,8.92E+06,8.613825007,4.11E+08,7.521635874,3.32E+07,8.151082798,1.42E+08,8.767770522,5.86E+08,0,0,16200000,556637148.4,10853465.47,0,0
132,60b,0.070851761,7.732940545,Mxg,100N,Nitrogen,5,6.899249142,7.93E+06,8.520199389,3.31E+08,7.502054466,3.18E+07,8.047616541,1.12E+08,8.676367686,4.75E+08,0,0,13400000,538734781.4,0,0,0
133,61b,0.259789791,0.490286877,Mxg,0N,Control,5,6.651933779,4.49E+06,8.46643483,2.93E+08,7.211812596,1.63E+07,8.009029167,1.02E+08,8.613942085,4.11E+08,0,0,0,530215644.7,0,0,0
134,62b,0.157448358,0.077669208,Mxg,0N,Carbon,5,6.501914334,3.18E+06,8.503608363,3.19E+08,7.135318128,1.37E+07,8.049775001,1.12E+08,8.648033603,4.45E+08,0,0,0,604054364.3,0,0,0
135,63b,0.362131224,4.131031013,Mxg,0N,Nitrogen,5,6.872966252,7.46E+06,8.451731427,2.83E+08,7.519749752,3.31E+07,8.008459533,1.02E+08,8.621202431,4.18E+08,0,0,26600000,471687894.2,11143029.97,0,0
136,64b,0.070851761,5.228108579,Mxg,300N,Control,5,7.200283664,1.59E+07,8.600410899,3.98E+08,7.821483346,6.63E+07,8.152546167,1.42E+08,8.78309118,6.07E+08,14100000,16200000,18900000,406141874.2,0,0,0
137,65b,-0.007872418,2.529103593,Mxg,300N,Carbon,5,7.202113592,1.59E+07,8.584902784,3.85E+08,7.882434569,7.63E+07,8.144474264,1.39E+08,8.77833781,6.00E+08,9570000,17800000,0,366234763.7,0,0,7592812.38
138,66b,0.118086269,11.47077119,Mxg,300N,Nitrogen,5,7.235484693,1.72E+07,8.528715511,3.38E+08,7.892082009,7.80E+07,8.064611141,1.16E+08,8.725815382,5.32E+08,0,27000000,0,364655982,9948299.49,14906282.41,0
139,67b,0.157448358,0.072814883,Mxg,0N,Control,5,6.745044164,5.56E+06,8.751856625,5.65E+08,7.296111785,1.98E+07,8.30729999,2.03E+08,8.896213981,7.87E+08,0,0,12600000,514161545.9,0,0,0
140,68b,0.409365732,0.038834604,Mxg,0N,Carbon,5,6.714234133,5.18E+06,8.758206388,5.73E+08,7.282809291,1.92E+07,8.297312182,1.98E+08,8.897924815,7.91E+08,9960000,0,14900000,599601018.9,0,0,8666802.05
141,69b,0.259789791,2.407745455,Mxg,0N,Nitrogen,5,6.671291299,4.69E+06,8.75574092,5.70E+08,7.284939034,1.93E+07,8.307284733,2.03E+08,8.898724106,7.92E+08,10000000,0,0,548994027.4,0,14484250.08,0
142,70b,0.157448358,4.165011292,Mxg,100N,Control,5,7.36662303,2.33E+07,8.872465629,7.46E+08,7.926963289,8.45E+07,8.4258612,2.67E+08,9.040068936,1.10E+09,15100000,30900000,28700000,536720216.9,14144979.51,23334047.73,8040222.093
143,71b,0.37787606,1.927167229,Mxg,100N,Carbon,5,7.274523652,1.88E+07,8.7724731,5.92E+08,7.867855686,7.38E+07,8.305180023,2.02E+08,8.938466,8.68E+08,0,0,18800000,623422871.3,12275642.94,14084591.13,10926723.83
144,72b,0.22830012,6.519359166,Mxg,100N,Nitrogen,5,7.326585136,2.12E+07,8.726643998,5.33E+08,7.878943663,7.57E+07,8.238064268,1.73E+08,8.892972657,7.82E+08,11200000,22300000,20800000,574679346.2,0,0,0
145,37d,-0.018734522,8.289766443,Mxg,300N,Control,32,7.474849639,2.98E+07,9.187943948,1.54E+09,8.064959857,1.16E+08,8.935433245,8.62E+08,9.401312416,2.52E+09,9858708.096,0,40752114.16,5606003857,12699558.13,22797238.51,44155731.04
146,38d,0.009367261,7.055011367,Mxg,300N,Carbon,32,7.134184637,1.36E+07,8.795449116,6.24E+08,7.859036895,7.23E+07,8.559240143,3.62E+08,9.024939702,1.06E+09,0,0,12215409.58,4136663060,0,0,0
147,39d,0.065570827,12.10162444,Mxg,300N,Nitrogen,32,7.432730949,2.71E+07,9.150466507,1.41E+09,8.066928986,1.17E+08,8.865404207,7.34E+08,9.354919478,2.26E+09,11228293.85,14250813.33,28944023.09,4758695030,0,18881937.82,48248950.91
148,40d,0,7.43414778,Mxg,100N,Control,32,7.361732897,2.30E+07,9.129298175,1.35E+09,7.861713089,7.27E+07,8.861921133,7.28E+08,9.331864868,2.15E+09,9006887.991,15460746.16,19466199.82,3679725407,0,0,25128695.46
149,41d,-0.009367261,5.599947294,Mxg,100N,Carbon,32,7.428401665,2.68E+07,9.278525325,1.90E+09,7.939124993,8.69E+07,9.022257995,1.05E+09,9.482660615,3.04E+09,9707807.297,8160585.234,45379310.86,5609803832,18524616.04,13102741.87,61713256.43
150,42d,-0.028101783,10.80026432,Mxg,100N,Nitrogen,32,7.488959595,3.08E+07,9.217506524,1.65E+09,8.034718547,1.08E+08,8.986164564,9.69E+08,9.435693592,2.73E+09,13580491.27,18937479.25,39839582.26,4984112404,14837149.83,13053099.74,36306654.93
151,43d,0.018734522,6.76297386,Mxg,300N,Control,32,6.940209288,8.71E+06,8.899602029,7.94E+08,7.986080811,9.68E+07,8.615658761,4.13E+08,9.115000929,1.30E+09,6157931.284,9161593.97,39311514.2,2927888150,6923716.902,22578614.76,29728680.87
152,44d,0.177977959,0.399630274,Mxg,300N,Carbon,32,7.109580186,1.29E+07,8.961820713,9.16E+08,8.095285541,1.25E+08,8.702307147,5.04E+08,9.18871268,1.54E+09,5487244.817,13272353.61,31611527.67,3436669819,17524815.74,21772396.97,33404022.34
153,45d,0.318486875,9.61674389,Mxg,300N,Nitrogen,32,6.767410961,5.85E+06,8.758902777,5.74E+08,7.892764051,7.81E+07,8.49452349,3.12E+08,8.984245227,9.64E+08,6748279.399,0,25460045.69,1874440701,0,15973438.81,23710824.77
154,46d,-0.149876176,7.244579574,Mxg,100N,Control,32,6.829388955,6.75E+06,8.897795496,7.90E+08,7.867954161,7.38E+07,8.613913903,4.11E+08,9.105563745,1.28E+09,0,0,9736692.501,2551627978,5775692.655,0,12718799.94
155,47d,-0.168610698,4.483031914,Mxg,100N,Carbon,32,7.074011513,1.19E+07,9.072728014,1.18E+09,7.887419048,7.72E+07,8.813295671,6.51E+08,9.281042031,1.91E+09,0,9492925.729,16436728.25,3853273624,0,20627292.79,25520645.83
156,48d,-0.177977959,12.80353915,Mxg,100N,Nitrogen,32,7.017605419,1.04E+07,8.934937544,8.61E+08,8.038507048,1.09E+08,8.685112358,4.84E+08,9.162695548,1.45E+09,4704590.401,0,13714587.03,2909938818,0,9122921.899,24936628.22
157,49d,-0.104597304,4.441778273,Mxg,0N,Control,32,7.123225389,1.33E+07,9.20463242,1.60E+09,7.624605362,4.21E+07,8.839631233,6.91E+08,9.368336008,2.34E+09,13875991.21,0,0,4877906558,0,0,20569696.11
158,50d,-0.171159224,3.094272505,Mxg,0N,Carbon,32,7.201890153,1.59E+07,9.292755355,1.96E+09,7.720853597,5.26E+07,8.871876185,7.45E+08,9.440808093,2.76E+09,12124078.42,0,8533645.08,6451642218,0,0,41673859.77
159,51d,-0.171159224,8.024036407,Mxg,0N,Nitrogen,32,7.219326979,1.66E+07,9.303101325,2.01E+09,7.741367959,5.51E+07,8.907140576,8.07E+08,9.458212475,2.87E+09,8522720.829,0,0,6970358106,22600238.12,0,68928673.92
160,52d,0.275756528,0.27171927,Mxg,0N,Control,32,6.936743438,8.64E+06,9.161289063,1.45E+09,7.716249496,5.20E+07,8.76635009,5.84E+08,9.319248002,2.09E+09,0,0,9216441.015,5782446029,0,28406824.02,106444769.5
161,53d,0.323300757,0.133086989,Mxg,0N,Carbon,32,6.918778584,8.29E+06,9.236295306,1.72E+09,7.716870179,5.21E+07,8.869038497,7.40E+08,9.400505959,2.51E+09,8985978.944,0,10551601.96,5428244503,16637191.39,0,75433476.55
162,54d,-0.076070766,7.203333305,Mxg,0N,Nitrogen,32,6.915251899,8.23E+06,9.149961651,1.41E+09,7.629347079,4.26E+07,8.771227319,5.91E+08,9.310803045,2.05E+09,0,0,8570609.528,3987987771,0,0,25754058.33
163,55d,-0.085579612,9.044369993,Mxg,300N,Control,32,7.554605228,3.59E+07,9.232053747,1.71E+09,8.157158142,1.44E+08,8.881211544,7.61E+08,9.416738917,2.61E+09,13342266.91,47650526.42,11382099.34,5201311423,0,52150459.65,91209768.8
164,56d,0,4.841039242,Mxg,300N,Carbon,32,7.518814142,3.30E+07,9.221982331,1.67E+09,8.084064291,1.21E+08,8.814701121,6.53E+08,9.387606467,2.44E+09,27197143.34,44861659.98,10655502.73,4761828338,11709239.43,52030257.64,36987365.54
165,57d,-0.057053075,12.59335638,Mxg,300N,Nitrogen,32,7.580433643,3.81E+07,9.252629004,1.79E+09,8.169510221,1.48E+08,8.8505552,7.09E+08,9.422536068,2.65E+09,23061528.3,0,19251715.07,3814571475,17773324.63,59198455.77,61214406.19
166,58d,-0.237721145,4.957490358,Mxg,100N,Control,32,6.322760898,2.10E+06,8.483709491,3.05E+08,7.435414429,2.73E+07,8.020839118,1.05E+08,8.640236955,4.37E+08,0,0,0,731171573.3,0,0,0
167,59d,-0.11410615,3.83734153,Mxg,100N,Carbon,32,7.425981788,2.67E+07,9.231108652,1.70E+09,8.021483278,1.05E+08,8.843052892,6.97E+08,9.39869795,2.50E+09,19305763.67,23892914.98,11777205.9,4575367968,0,28545294.16,21888919.75
168,60d,-0.095088458,10.1146112,Mxg,100N,Nitrogen,32,7.310264237,2.04E+07,9.153632456,1.42E+09,7.94379861,8.79E+07,8.739790869,5.49E+08,9.314191643,2.06E+09,10582563.58,23421286.71,7258975.885,3734264208,0,0,38103179.08
169,61d,-0.009508846,1.125694119,Mxg,0N,Control,32,6.794665502,6.23E+06,9.06308535,1.16E+09,7.415810762,2.61E+07,8.673232482,4.71E+08,9.218435497,1.65E+09,0,0,0,3939664248,0,0,67301456.93
170,62d,0.028526537,0.482440337,Mxg,0N,Carbon,32,6.393712068,2.48E+06,8.780564752,6.03E+08,7.212374869,1.63E+07,8.331235971,2.14E+08,8.921195321,8.34E+08,0,0,0,1763426601,0,0,30128805.96
171,63d,-0.038035383,5.306843705,Mxg,0N,Nitrogen,32,7.071299118,1.18E+07,9.20324781,1.60E+09,7.712745526,5.16E+07,8.781066991,6.04E+08,9.352653849,2.25E+09,8968801.32,23638755.78,0,4395862937,0,0,58051256.57
172,64d,-0.199685762,8.146032814,Mxg,300N,Control,32,7.535245713,3.43E+07,9.121516671,1.32E+09,8.229329079,1.70E+08,8.676788794,4.75E+08,9.293922426,1.97E+09,30601124.36,62351228.08,22152288.97,4316094572,30753005.91,86055096.66,108549455.7
173,65d,-0.190176916,5.672832926,Mxg,300N,Carbon,32,7.536305264,3.44E+07,9.118641987,1.31E+09,8.218595487,1.65E+08,8.725012984,5.31E+08,9.30329635,2.01E+09,17809207.3,71723311.19,23532929.45,4385457137,16025445.77,0,100875943.5
174,66d,-0.076070766,12.35490886,Mxg,300N,Nitrogen,32,7.550789458,3.55E+07,9.128393366,1.34E+09,8.267377833,1.85E+08,8.692097236,4.92E+08,9.305613428,2.02E+09,0,42599111.44,13923840.01,3840449858,21483931.9,77361672.9,84492580.71
175,67d,-0.009508846,0.565619705,Mxg,0N,Control,32,6.904223674,8.02E+06,9.341025064,2.19E+09,7.550641187,3.55E+07,8.863154607,7.30E+08,9.471024962,2.96E+09,0,0,0,5008797569,0,0,38490974.72
176,68d,0.152141533,0.670980239,Mxg,0N,Carbon,32,6.879647348,7.58E+06,9.279090429,1.90E+09,7.499168478,3.16E+07,8.845990326,7.01E+08,9.420694267,2.63E+09,0,0,11229566.77,4885833883,0,0,34141761.07
177,69d,0.076070766,3.022183719,Mxg,0N,Nitrogen,32,6.986275021,9.69E+06,9.283612747,1.92E+09,7.59658039,3.95E+07,8.903520899,8.01E+08,9.441171837,2.76E+09,0,0,0,4769666686,0,0,80846614.34
178,70d,-0.057053075,5.517564772,Mxg,100N,Control,32,7.463763848,2.91E+07,9.339457876,2.19E+09,8.094750838,1.24E+08,8.909611603,8.12E+08,9.494365616,3.12E+09,13419304.99,0,19442196.71,5566299607,0,42454106.91,67362693.5
179,71d,0.038035383,4.713497544,Mxg,100N,Carbon,32,7.247964352,1.77E+07,9.151912448,1.42E+09,7.889604584,7.76E+07,8.727807461,5.34E+08,9.307635709,2.03E+09,0,0,9006344.55,3233968431,22392305.88,0,42913166.88
180,72d,-0.057053075,9.970433628,Mxg,100N,Nitrogen,32,7.394719526,2.48E+07,9.225438017,1.68E+09,8.021842998,1.05E+08,8.800484978,6.32E+08,9.383333887,2.42E+09,12186794.96,19706873.29,9340429.072,3948418977,0,0,22190357.4
181,37f,0.127961746,16.69980827,Mxg,300N,Control,87,7.580045302,3.80E+07,8.972688844,9.39E+08,8.496340104,3.14E+08,8.433009978,2.71E+08,9.182885132,1.52E+09,61289346.52,64731572.41,61143677.9,1544713092,18512686.21,0,11774608.8
182,38f,0.049216056,15.98695078,Mxg,300N,Carbon,87,4.958561963,9.09E+04,6.668836089,4.66E+06,6.761431785,5.77E+06,6.167698395,1.47E+06,7.075894443,1.19E+07,0,0,0,0,0,0,0
183,39f,0,16.09163615,Mxg,300N,Nitrogen,87,7.644860018,4.41E+07,9.093079959,1.24E+09,8.550328701,3.55E+08,8.51573945,3.28E+08,9.283754567,1.92E+09,17887706.66,91823856.5,62012628.13,2475303866,30293595.45,33678448,25074209.13
184,40f,-0.019686422,16.09662116,Mxg,100N,Control,87,7.263664635,1.84E+07,9.008709764,1.02E+09,8.243765053,1.75E+08,8.414866218,2.60E+08,9.163008179,1.46E+09,33579771.25,40119040.61,84408759.45,2175229624,40246359.88,64719156.68,10288552.42
185,41f,0.07874569,13.42963686,Mxg,100N,Carbon,87,7.152365035,1.42E+07,9.021127408,1.05E+09,8.163256956,1.46E+08,8.453224299,2.84E+08,9.17009176,1.48E+09,0,24285729.27,54668973.66,2272670190,23494731.27,38356144.33,14107404.49
186,42f,0.137804957,15.92713057,Mxg,100N,Nitrogen,87,7.086990113,1.22E+07,8.971183809,9.36E+08,8.125564168,1.34E+08,8.367075102,2.33E+08,9.114669863,1.30E+09,0,0,34220788.42,1781542719,0,0,15893076.12
187,43f,0.118118535,6.241241777,Mxg,300N,Control,87,6.122581773,1.33E+06,8.410650544,2.57E+08,7.812049334,6.49E+07,7.851234069,7.10E+07,8.594714823,3.93E+08,0,0,0,612582566,0,0,0
188,44f,0.009843211,8.20533863,Mxg,300N,Carbon,87,6.008590701,1.02E+06,8.375930373,2.38E+08,7.778613225,6.01E+07,7.783635134,6.08E+07,8.554455498,3.58E+08,0,0,0,574320200.7,0,0,0
189,45f,0.167334591,10.70781736,Mxg,300N,Nitrogen,87,5.914146291,8.21E+05,8.242374466,1.75E+08,7.577746575,3.78E+07,7.652118398,4.49E+07,8.410679009,2.57E+08,0,0,0,316309263.8,0,0,0
190,46f,-0.147648169,8.100653265,Mxg,100N,Control,87,5.747806343,5.60E+05,7.913823506,8.20E+07,7.620206826,4.17E+07,7.380789025,2.40E+07,8.169499768,1.48E+08,0,0,0,391466095.1,0,0,0
191,47f,0.23623707,0.299101044,Mxg,100N,Carbon,87,6.49564772,3.13E+06,8.637260681,4.34E+08,7.902360317,7.99E+07,8.053644479,1.13E+08,8.79711807,6.27E+08,0,0,20307767.59,1085856278,0,0,0
192,48f,-0.177177802,9.775619109,Mxg,100N,Nitrogen,87,6.899924346,7.94E+06,9.004434206,1.01E+09,7.862542243,7.29E+07,8.411130079,2.58E+08,9.127377163,1.34E+09,0,31102718.59,17972405.28,2179085858,0,0,0
193,49f,0.033313761,9.236052221,Mxg,0N,Control,87,6.149353348,1.41E+06,8.34242653,2.20E+08,7.577649149,3.78E+07,7.950211073,8.92E+07,8.540309535,3.47E+08,0,0,18569031.82,675376336,0,0,0
194,50f,0.122150459,9.48936167,Mxg,0N,Carbon,87,6.646421049,4.43E+06,8.86694419,7.36E+08,7.642253848,4.39E+07,8.437909249,2.74E+08,9.022878245,1.05E+09,0,19515368.3,31203583.2,1877560109,0,0,11700378.23
195,51f,0.033313761,15.93900995,Mxg,0N,Nitrogen,87,6.599436569,3.98E+06,8.775832366,5.97E+08,7.613708226,4.11E+07,8.334650743,2.16E+08,8.931452906,8.54E+08,0,0,22826806.79,1508056315,0,0,14345900.52
196,52f,1.243713761,0.077941369,Mxg,0N,Control,87,6.498080646,3.15E+06,8.74514936,5.56E+08,7.696780013,4.97E+07,8.301593531,2.00E+08,8.906390894,8.06E+08,0,0,43226912.37,1609322681,0,0,15318898.95
197,53f,1.388073394,0.136397396,Mxg,0N,Carbon,87,6.508029646,3.22E+06,8.748215707,5.60E+08,7.745780932,5.57E+07,8.352570617,2.25E+08,8.924758465,8.41E+08,12137735.78,0,30223132.49,1750259140,0,0,9800162.25
198,54f,0.255405505,5.226943056,Mxg,0N,Nitrogen,87,6.445735007,2.79E+06,8.651568361,4.48E+08,7.684056522,4.83E+07,8.285701235,1.93E+08,8.838644955,6.90E+08,0,0,32085144.26,1486549640,0,0,7275062.172
199,55f,0.299823853,14.77963209,Mxg,300N,Control,87,7.722117155,5.27E+07,8.920507371,8.33E+08,8.618340429,4.15E+08,8.495198987,3.13E+08,9.19333799,1.56E+09,66013673.33,131887079.1,68969007.4,1676593538,54488187.6,53495303.61,21040472.61
200,56f,0.255405505,13.29387474,Mxg,300N,Carbon,87,7.795915055,6.25E+07,9.02464614,1.06E+09,8.660939883,4.58E+08,8.586960107,3.86E+08,9.279393363,1.90E+09,99463612.72,133431744.1,89936156.61,2287316704,54969195.68,65389124.79,28426172.48
201,57f,0.044418349,16.36281615,Mxg,300N,Nitrogen,87,7.703813557,5.06E+07,8.988960676,9.75E+08,8.575282516,3.76E+08,8.564271555,3.67E+08,9.2349347,1.72E+09,57963313.39,107749082.2,52435551.74,2002607463,23347404.82,56384587.93,17963929.99
202,58f,0.055522936,10.931277,Mxg,100N,Control,87,6.765398299,5.83E+06,8.75551071,5.70E+08,7.827831619,6.73E+07,8.342110936,2.20E+08,8.932796314,8.57E+08,0,0,24729297.02,1340475455,0,0,0
203,59f,0.033313761,10.20057666,Mxg,100N,Carbon,87,7.098133919,1.25E+07,8.762603282,5.79E+08,8.120062811,1.32E+08,8.322234727,2.10E+08,8.964142599,9.21E+08,15108022.69,39805872.9,19614947.72,1614011235,18006113.08,19234417.81,0
204,60f,0.088836697,14.82834544,Mxg,100N,Nitrogen,87,7.041054402,1.10E+07,8.763878326,5.81E+08,8.114855636,1.30E+08,8.334672292,2.16E+08,8.967072152,9.27E+08,15988841.05,0,13077701.86,1449600428,0,0,0
205,61f,0.133255046,9.416291637,Mxg,0N,Control,87,6.765464324,5.83E+06,8.779258422,6.02E+08,7.814475175,6.52E+07,8.405825791,2.55E+08,8.964423049,9.21E+08,0,0,45921994.72,1774918420,0,10362940.48,0
206,62f,0.15546422,7.506728098,Mxg,0N,Carbon,87,6.756363305,5.71E+06,8.827058107,6.72E+08,7.82140935,6.63E+07,8.397004466,2.49E+08,8.994433666,9.87E+08,0,0,26857936.9,2034650531,0,0,0
207,63f,0.222091743,10.27851803,Mxg,0N,Nitrogen,87,6.857952315,7.21E+06,8.916093475,8.24E+08,7.804363278,6.37E+07,8.469786294,2.95E+08,9.07299359,1.18E+09,0,0,42476589.07,2155520078,0,0,11511557.69
208,64f,0.099941284,6.722443072,Mxg,300N,Control,87,7.363957499,2.31E+07,8.723511338,5.29E+08,8.407442142,2.56E+08,8.281653556,1.91E+08,8.98939237,9.76E+08,39884047.93,39886649.83,29902077.96,1340567181,0,20491235.54,15920505.61
209,65f,0.033313761,9.162982188,Mxg,300N,Carbon,87,7.321595427,2.10E+07,8.737400133,5.46E+08,8.418774398,2.62E+08,8.338949285,2.18E+08,9.01148332,1.03E+09,31935717.56,27536353.28,26827120.08,1495811868,16624495.99,28484786.97,0
210,66f,0.099941284,12.59727376,Mxg,300N,Nitrogen,87,7.216776106,1.65E+07,8.64264272,4.39E+08,8.293166868,1.96E+08,8.235192804,1.72E+08,8.907120355,8.07E+08,19516958.78,0,32531741.57,1264961325,0,9890985.371,10721654.39
211,67f,0.066627523,6.478876294,Mxg,0N,Control,87,6.54731168,3.53E+06,8.933842492,8.59E+08,7.644093124,4.41E+07,8.46087279,2.89E+08,9.076185269,1.19E+09,0,0,27064190.34,2775063265,0,0,0
212,68f,0.055522936,5.855345343,Mxg,0N,Carbon,87,6.640207399,4.37E+06,8.924827678,8.41E+08,7.720507453,5.25E+07,8.477696511,3.00E+08,9.077004725,1.19E+09,13973513.31,0,25476124.57,2420187909,0,0,0
213,69f,0.210987156,7.292389333,Mxg,0N,Nitrogen,87,6.727188913,5.34E+06,8.986901006,9.70E+08,7.772371951,5.92E+07,8.545650078,3.51E+08,9.14012226,1.38E+09,0,0,36923449.83,2837280442,0,11211034.84,0
214,70f,0.044418349,14.27788453,Mxg,100N,Control,87,7.510555116,3.24E+07,8.922061669,8.36E+08,8.447052305,2.80E+08,8.493274008,3.11E+08,9.154430531,1.43E+09,0,55766001.3,38707119.05,2571373006,18772309.3,33076770.04,14715915.61
215,71f,0.133255046,12.32447897,Mxg,100N,Carbon,87,7.344209966,2.21E+07,8.932085842,8.55E+08,8.31966813,2.09E+08,8.487671431,3.07E+08,9.1371587,1.37E+09,24697080.66,51300424.68,35447931.22,2832464760,34305840.87,19153067.86,32372951.99
216,72f,-0.022209174,14.66759137,Mxg,100N,Nitrogen,87,7.532092091,3.40E+07,8.833902958,6.82E+08,8.481710205,3.03E+08,8.428540798,2.68E+08,9.098167175,1.25E+09,42086497.75,53972237.62,105181619,4204789929,23789384.1,31816649.1,12972304.34