"crop_T1","fert_T1","doe_T1","unique_soil_T1","Cntrl_CO2_flux_ug_g_d","Cntrl_CO2_flux_ug_g_d_glu","Cntrl_CO2_flux_ug_g_d_soil","Cntrl_cum_CO2_flux_ug_g","Cntrl_cum_CO2_flux_ug_g_glu","Cntrl_cum_CO2_flux_ug_g_soil","glucose_CO2_flux_ug_g_d","glucose_CO2_flux_ug_g_d_glu","glucose_CO2_flux_ug_g_d_soil","glucose_cum_CO2_flux_ug_g","glucose_cum_CO2_flux_ug_g_glu","glucose_cum_CO2_flux_ug_g_soil","priming_CO2_flux_ug_g_d","priming_cum_CO2_flux_ug_g_soil","relativePE_cum_CO2_flux_ug_g_soil"
"Corn","0N",5,1,27.6819591995569,NA,27.6819591995569,138.409795997785,NA,138.409795997785,33.1976842763904,7.79664228169451,25.4010419946959,165.988421381952,38.9832114084725,127.005209973479,-2.28091720486107,-11.4045860243053,-11.4045860243053
"Corn","0N",5,3,16.1603029450309,NA,16.1603029450309,80.8015147251547,NA,80.8015147251547,20.3472206269804,4.86648150260535,15.4807391243751,101.736103134902,24.3324075130268,77.4036956218754,-0.679563820655851,-3.39781910327926,-3.39781910327926
"Corn","0N",5,10,26.9727571072868,NA,26.9727571072868,134.863785536434,NA,134.863785536434,21.560254671306,5.35028523470081,16.2099694366052,107.80127335653,26.751426173504,81.0498471830259,-10.7627876706816,-53.8139383534079,-53.8139383534079
"Corn","0N",5,12,26.3226235921768,NA,26.3226235921768,131.613117960884,NA,131.613117960884,27.8751188861077,5.0106282236175,22.8644906624902,139.375594430538,25.0531411180875,114.322453312451,-3.4581329296866,-17.290664648433,-17.290664648433
"Corn","0N",10,1,25.9555225655093,NA,25.9555225655093,268.187408825331,NA,268.187408825331,28.4243140200475,4.27561836019286,24.1486956598547,308.10999148219,60.3613032094369,247.748688272753,-1.80682690565462,-20.4387205525784,-20.4387205525784
"Corn","0N",10,3,16.8618650551776,NA,16.8618650551776,165.110840001043,NA,165.110840001043,21.0697077174865,3.47232118626159,17.597386531225,207.084641722335,41.6940134443347,165.390628278,0.735521476047303,0.279788276957248,0.279788276957248
"Corn","0N",10,10,26.0210279574735,NA,26.0210279574735,264.968925323801,NA,264.968925323801,21.1620527796961,2.81013439936042,18.3519183803357,213.61153725501,40.8020981703061,172.809439084704,-7.66910957713788,-92.1594862390973,-92.1594862390973
"Corn","0N",10,12,25.8037742391769,NA,25.8037742391769,260.631989156769,NA,260.631989156769,28.9482175948191,3.42280157632554,25.5254160184935,284.116682404634,42.1671489997152,241.949533404919,-0.278358220683394,-18.6824557518499,-18.6824557518499
"Corn","0N",16,1,28.8952083558885,NA,28.8952083558885,441.558658960662,NA,441.558658960662,37.9971496591041,4.84946298865816,33.1476866704459,536.092889436814,89.4580811413858,446.634808295428,4.25247831455744,5.07614933476623,5.07614933476623
"Corn","0N",16,3,16.0986448544122,NA,16.0986448544122,261.702709127516,NA,261.702709127516,25.5397954323966,4.15720928606284,21.3825861463338,360.323414316715,66.6372691607118,293.686145156003,5.28394129192156,31.9834360284866,31.9834360284866
"Corn","0N",16,10,22.4250796716635,NA,22.4250796716635,399.519403353782,NA,399.519403353782,24.5243421315098,3.04374000697573,21.480602124534,360.757590044069,59.0645382121605,301.693051831909,-0.944477547129413,-97.8263515218737,-97.8263515218737
"Corn","0N",16,12,25.9418377296048,NA,25.9418377296048,416.283015534397,NA,416.283015534397,30.5659287714342,3.11660036772593,27.4493284037083,467.512255033239,60.8667512060708,406.645503827169,1.50749067410349,-9.63751170722895,-9.63751170722895
"Corn","0N",24,1,34.2075675820718,NA,34.2075675820718,715.219199617236,NA,715.219199617236,38.671487429132,3.82357188220244,34.8479155469296,845.46478886987,120.046656199005,725.418132670865,0.640347964857831,10.1989330536289,10.1989330536289
"Corn","0N",24,3,15.7602896945163,NA,15.7602896945163,387.785026683647,NA,387.785026683647,22.7644952880361,2.78674263263899,19.9777526553971,542.439376621003,88.9312102218236,453.50816639918,4.21746296088078,65.7231397155328,65.7231397155328
"Corn","0N",24,10,31.3585449667871,NA,31.3585449667871,650.387763088079,NA,650.387763088079,33.6144817459791,3.56458271215455,30.0498990338246,629.673444011902,87.5811999093969,542.092244102505,-1.3086459329625,-108.295518985574,-108.295518985574
"Corn","0N",24,12,29.3020263669744,NA,29.3020263669744,650.699226470193,NA,650.699226470193,32.827571058437,2.66761173678091,30.1599593216561,730.132823500735,82.207645100318,647.925178400417,0.857932954681655,-2.77404806977586,-2.77404806977586
"Corn","0N",31,1,41.3781325219954,NA,41.3781325219954,1004.8661272712,NA,1004.8661272712,44.7716195026553,2.62044542764629,42.151174075009,1158.86612538846,138.389774192529,1020.47635119593,0.773041553013648,15.6102239247243,15.6102239247243
"Corn","0N",31,3,15.9968215788772,NA,15.9968215788772,499.762777735787,NA,499.762777735787,22.9467933559114,2.15390155543816,20.7928918004732,703.066930112383,104.008521109891,599.058409002492,4.79607022159604,99.2956312667051,99.2956312667051
"Corn","0N",31,10,32.4595591942052,NA,32.4595591942052,877.604677447515,NA,877.604677447515,34.1106442938588,3.10834097744091,31.0023033164179,868.447954068914,109.339586751483,759.108367317431,-1.45725587778728,-118.496310130085,-118.496310130085
"Corn","0N",31,12,28.3233820381939,NA,28.3233820381939,848.96290073755,NA,848.96290073755,29.5889413297436,1.87445164607235,27.7144896836713,937.25541280894,95.3288066228244,841.926606186116,-0.608892354522649,-7.03629455143437,-7.03629455143437
"Corn","0N",38,1,27.4408854504746,NA,27.4408854504746,1196.95232542453,NA,1196.95232542453,38.6606423653876,2.64804033359296,36.0126020317946,1429.49062194617,156.92605652768,1272.56456541849,8.57171658132005,75.6122399939647,75.6122399939647
"Corn","0N",38,3,13.4766666250931,NA,13.4766666250931,594.099444111439,NA,594.099444111439,17.5802855853595,1.44753527347956,16.1327503118799,826.128929209899,114.141268024248,711.987661185652,2.6560836867868,117.888217074213,117.888217074213
"Corn","0N",38,10,26.9139311180285,NA,26.9139311180285,1066.00219527371,NA,1066.00219527371,35.1144475717809,3.00043741164506,32.1140101601358,1114.24908707138,130.342648632999,983.906438438381,5.2000790421073,-82.0957568353336,-82.0957568353336
"Corn","0N",38,12,23.1372364330437,NA,23.1372364330437,1010.92355576886,NA,1010.92355576886,23.825686642454,1.3142963207539,22.5113903217001,1104.03521930612,104.528880868102,999.506338438017,-0.625846111343538,-11.4172173308392,-11.4172173308392
"Corn","0N",47,1,22.8011026448854,NA,22.8011026448854,1402.16224922849,NA,1402.16224922849,39.5124654559958,2.31987647850856,37.1925889774872,1785.10281105013,177.804944834257,1607.29786621588,14.3914863326018,205.135616987381,205.135616987381
"Corn","0N",47,3,13.7938266104398,NA,13.7938266104398,718.243883605397,NA,718.243883605397,14.6296521996571,0.998772089758306,13.6308801098988,957.795799006813,123.130216832072,834.665582174741,-0.162946500541054,116.421698569343,116.421698569343
"Corn","0N",47,10,27.0475109824401,NA,27.0475109824401,1309.42979411568,NA,1309.42979411568,22.1487668982668,1.33810337102259,20.8106635272442,1313.58798915578,142.385578972202,1171.20241018358,-6.23684745519591,-138.227383932097,-138.227383932097
"Corn","0N",47,12,20.5138648219522,NA,20.5138648219522,1195.54833916643,NA,1195.54833916643,23.0094881003794,1.19462488789554,21.8148632124838,1311.12061220953,115.280504859162,1195.84010735037,1.3009983905316,0.291768183945578,0.291768183945578
"Corn","0N",54,1,27.3689487945397,NA,27.3689487945397,1593.74489079027,NA,1593.74489079027,45.2665722181031,2.25116987423781,43.0154023438653,2101.96881657685,193.563133953922,1908.40568262293,15.6464535493256,314.66079183266,314.66079183266
"Corn","0N",54,3,13.7754750588916,NA,13.7754750588916,814.672209017639,NA,814.672209017639,13.8449889083894,0.813069862018854,13.0319190463705,1054.71072136554,128.821705866204,925.889015499334,-0.743556012521115,111.216806481695,111.216806481695
"Corn","0N",54,10,26.652647153979,NA,26.652647153979,1495.99832419353,NA,1495.99832419353,24.9882233732456,1.31588036841341,23.6723430048322,1488.5055527685,151.596741551096,1336.9088112174,-2.9803041491468,-159.089512976125,-159.089512976125
"Corn","0N",54,12,20.2924470670256,NA,20.2924470670256,1337.59546863561,NA,1337.59546863561,22.5372205722302,1.03390023609446,21.5033203361357,1468.88115621514,122.517806511823,1346.36334970332,1.21087326911017,8.76788106771664,8.76788106771664
"Corn","0N",60,1,13.0395976328798,NA,13.0395976328798,1671.98247658755,NA,1671.98247658755,32.7447765156015,1.43489858362618,31.3098779319753,2298.43747567046,202.172525455679,2096.26495021478,18.2702802990954,424.282473627233,424.282473627233
"Corn","0N",60,3,11.8578425157147,NA,11.8578425157147,885.819264111927,NA,885.819264111927,11.2101278589689,0.543024042034565,10.6671038169343,1121.97148851935,132.079850118412,989.89163840094,-1.19073869878039,104.072374289013,104.072374289013
"Corn","0N",60,10,18.6464710951433,NA,18.6464710951433,1607.87715076439,NA,1607.87715076439,20.8462217316167,0.938748704185946,19.9074730274308,1613.5828831582,157.229233776212,1456.35364938199,1.26100193228753,-151.523501382399,-151.523501382399
"Corn","0N",60,12,17.0267298229374,NA,17.0267298229374,1439.75584757323,NA,1439.75584757323,18.9619332718863,0.770755456364185,18.1911778155221,1582.65275584646,127.142339250008,1455.51041659645,1.16444799258478,15.7545690232255,15.7545690232255
"Corn","0N",67,1,17.24128747748,NA,17.24128747748,1792.67148892991,NA,1792.67148892991,24.0490596306464,1.08138672002855,22.9676729106179,2466.78089308499,209.742232495879,2257.03866058911,5.72638543313782,464.367171659198,464.367171659198
"Corn","0N",67,3,9.75290837019088,NA,9.75290837019088,954.089622703263,NA,954.089622703263,8.32977209514826,0.461405689580785,7.86836640556748,1180.27989318539,135.309689945477,1044.97020323991,-1.8845419646234,90.8805805366493,90.8805805366493
"Corn","0N",67,10,14.5934165961627,NA,14.5934165961627,1710.03106693753,NA,1710.03106693753,16.6867995701264,0.661765232412706,16.0250343377137,1730.39048014909,161.8615904031,1568.52888974599,1.43161774155099,-141.502177191542,-141.502177191542
"Corn","0N",67,12,13.1118672178092,NA,13.1118672178092,1531.53891809789,NA,1531.53891809789,15.1302219146359,0.548093598747825,14.5821283158881,1688.56430924891,130.978994441243,1557.58531480767,1.4702610980789,26.0463967097776,26.0463967097776
"Corn","0N",76,1,23.9123209173031,NA,23.9123209173031,2007.88237718564,NA,2007.88237718564,27.7645992553462,1.09558547010026,26.669013785246,2716.6622863831,219.602501726781,2497.05978465632,2.75669286794284,489.177407470683,489.177407470683
"Corn","0N",76,3,10.5632597873278,NA,10.5632597873278,1049.15896078921,NA,1049.15896078921,8.29789330137971,0.405775615324309,7.89211768605541,1254.96093289781,138.961670483396,1115.99926241441,-2.6711421012724,66.8403016251978,66.8403016251978
"Corn","0N",76,10,15.1798943555625,NA,15.1798943555625,1846.65011613759,NA,1846.65011613759,15.206894736893,0.564705024835088,14.6421897120579,1867.25253278112,166.943935626616,1700.30859715451,-0.537704643504565,-146.341518983083,-146.341518983083
"Corn","0N",76,12,12.7945244713129,NA,12.7945244713129,1646.68963833971,NA,1646.68963833971,14.0200511920319,0.466466938750937,13.5535842532809,1814.7447699772,135.177196890001,1679.5675730872,0.759059781968029,32.8779347474897,32.8779347474897
"Corn","0N",87,1,13.0280574270691,NA,13.0280574270691,2151.1910088834,NA,2151.1910088834,22.0513126437408,0.779009678845361,21.2723029648955,2959.22672546425,228.17160819408,2731.05511727017,8.24424553782641,579.864108386774,579.864108386774
"Corn","0N",87,3,7.39010347919835,NA,7.39010347919835,1130.4500990604,NA,1130.4500990604,7.51761386138365,0.30327261110156,7.21434125028209,1337.65468537303,142.297669205513,1195.35701616751,-0.175762228916265,64.9069171071187,64.9069171071187
"Corn","0N",87,10,12.6277182475991,NA,12.6277182475991,1985.55501686118,NA,1985.55501686118,13.250842137714,0.408566323764942,12.8422758139491,2013.01179629598,171.438165188031,1841.57363110795,0.214557566349923,-143.981385753234,-143.981385753234
"Corn","0N",87,12,10.6726976256025,NA,10.6726976256025,1764.08931222134,NA,1764.08931222134,11.932451923859,0.343089713198456,11.5893622106606,1946.00174113965,138.951183735184,1807.05055740447,0.91666458505804,42.9612451831283,42.9612451831283
"Corn","0N",100,1,20.4016065397538,NA,20.4016065397538,2416.4118939002,NA,2416.4118939002,20.9974136097277,0.744861948651753,20.2525516610759,3232.19310239071,237.854813526553,2994.33828886416,-0.149054878677887,577.926394963961,577.926394963961
"Corn","0N",100,3,7.11598719600341,NA,7.11598719600341,1222.95793260844,NA,1222.95793260844,7.31233650566787,0.27902357949382,7.03331292617404,1432.71505994671,145.924975738933,1286.79008420778,-0.0826742698293685,63.8321515993371,63.8321515993371
"Corn","0N",100,10,14.6419354986052,NA,14.6419354986052,2175.90017834305,NA,2175.90017834305,14.9709925101057,0.439607366111899,14.5313851439938,2207.63469892735,177.153060947485,2030.48163797987,-0.110550354611391,-145.418540363182,-145.418540363182
"Corn","0N",100,12,11.2333494546641,NA,11.2333494546641,1910.12285513197,NA,1910.12285513197,11.0789226256893,0.310951726765484,10.7679708989238,2090.02773527361,142.993556183135,1947.03417909048,-0.465378555740291,36.9113239585047,36.9113239585047
"Corn","0N",114,1,20.028617798644,NA,20.028617798644,2696.81254308122,NA,2696.81254308122,18.4900907513565,0.610453952586672,17.8796367987699,3491.0543729097,246.401168862766,3244.65320404694,-2.14898099987411,547.840660965724,547.840660965724
"Corn","0N",114,3,6.28811874020589,NA,6.28811874020589,1310.99159497132,NA,1310.99159497132,7.09680855706138,0.244132005086,6.85267655197539,1532.07037974557,149.342823810137,1382.72755593543,0.564557811769494,71.7359609641098,71.7359609641098
"Corn","0N",114,10,11.5868084022703,NA,11.5868084022703,2338.11549597483,NA,2338.11549597483,8.59145658667835,0.238656678693684,8.35279990798467,2327.91509114085,180.494254449197,2147.42083669165,-3.23400849428563,-190.694659283181,-190.694659283181
"Corn","0N",114,12,9.77195151490927,NA,9.77195151490927,2046.9301763407,NA,2046.9301763407,9.91285279116133,0.244936952614481,9.66791583854685,2228.80767434987,146.422673519738,2082.38500083013,-0.104035676362427,35.4548244894308,35.4548244894308
"Corn","0N",132,1,20.1492209959447,NA,20.1492209959447,3059.49852100822,NA,3059.49852100822,20.3827367019894,0.599043003485439,19.783693698504,3857.94363354551,257.183942925504,3600.75969062001,-0.365527297440742,541.26116961179,541.26116961179
"Corn","0N",132,3,5.92807640188502,NA,5.92807640188502,1417.69697020525,NA,1417.69697020525,7.29907112595384,0.225680581738104,7.07339054421574,1663.45366001274,153.405074281423,1510.04858573132,1.14531414233071,92.3516155260631,92.3516155260631
"Corn","0N",132,10,12.0847840756921,NA,12.0847840756921,2555.64160933729,NA,2555.64160933729,12.5417010131833,0.311526856215972,12.2301741569673,2553.66570937815,186.101737861084,2367.56397151706,0.145390081275158,-188.077637820229,-188.077637820229
"Corn","0N",132,12,8.72713196339308,NA,8.72713196339308,2204.01855168178,NA,2204.01855168178,9.30440098181486,0.22191984888083,9.08248113293403,2396.28689202254,150.417230799593,2245.86966122294,0.355349169540958,41.8511095411677,41.8511095411677
"Corn","0N",146,1,18.8331923604191,NA,18.8331923604191,3323.16321405409,NA,3323.16321405409,19.4704682926528,0.542217316464136,18.9282509761886,4130.53018964265,264.774985356002,3865.75520428665,0.0950586157695277,542.591990232563,542.591990232563
"Corn","0N",146,3,6.37556077684616,NA,6.37556077684616,1506.9548210811,NA,1506.9548210811,7.45025582202784,0.218069445602227,7.23218637642561,1767.75724152113,156.458046519854,1611.29919500127,0.85662559957945,104.344373920175,104.344373920175
"Corn","0N",146,10,12.6850922645534,NA,12.6850922645534,2733.23290104104,NA,2733.23290104104,12.9625891806824,0.296948546761499,12.6656406339209,2735.1419579077,190.259017515745,2544.88294039195,-0.0194516306325898,-188.349960649085,-188.349960649085
"Corn","0N",146,12,9.33305805700718,NA,9.33305805700718,2334.68136447988,NA,2334.68136447988,10.512933205757,0.236636974010613,10.2762962317464,2543.46795690313,153.730148435742,2389.73780846739,0.943238174739177,55.0564439875161,55.0564439875161
"Corn","112N",5,2,26.3609547418452,NA,26.3609547418452,131.804773709226,NA,131.804773709226,26.8768250172336,7.93225870169161,18.944566315542,134.384125086168,39.6612935084581,94.7228315777099,-7.41638842630319,-37.0819421315159,-37.0819421315159
"Corn","112N",5,4,25.5154933844871,NA,25.5154933844871,127.577466922435,NA,127.577466922435,29.5005748643835,8.14806614766482,21.3525087167186,147.502874321917,40.7403307383241,106.762543583593,-4.16298466776843,-20.8149233388421,-20.8149233388421
"Corn","112N",5,7,15.9179865039646,NA,15.9179865039646,79.5899325198232,NA,79.5899325198232,22.2607910809114,5.8832315587401,16.3775595221713,111.303955404557,29.4161577937005,81.8877976108564,0.459573018206644,2.29786509103322,2.29786509103322
"Corn","112N",5,11,18.7476765875283,NA,18.7476765875283,93.7383829376415,NA,93.7383829376415,26.032336600314,6.58507751182796,19.4472590884861,130.16168300157,32.9253875591398,97.2362954424303,0.699582500957764,3.49791250478881,3.49791250478881
"Corn","112N",10,2,19.6661844107133,NA,19.6661844107133,230.135695762793,NA,230.135695762793,21.2994116739569,3.52988371453738,17.7695279594195,240.881183455953,57.310712081145,183.570471374808,-1.8966564512938,-46.565224387985,-46.565224387985
"Corn","112N",10,4,20.4429060653481,NA,20.4429060653481,229.791997249176,NA,229.791997249176,22.2869292781878,3.2093443801857,19.0775848980021,258.937520712856,56.7870526392526,202.150468073604,-1.36532116734606,-27.6415291755724,-27.6415291755724
"Corn","112N",10,7,16.5823695332416,NA,16.5823695332416,162.501780186031,NA,162.501780186031,18.5359571363198,2.98676594291223,15.5491911934075,203.983741086156,44.3499875082616,159.633753577894,-1.03317833983408,-2.86802660813717,-2.86802660813717
"Corn","112N",10,11,20.1426260675834,NA,20.1426260675834,194.451513275559,NA,194.451513275559,22.0331169365392,2.70195004953422,19.3311668870049,240.327267684266,46.4351378068109,193.892129877455,-0.811459180578495,-0.559383398103677,-0.559383398103677
"Corn","112N",16,2,22.3399775192602,NA,22.3399775192602,364.175560878354,NA,364.175560878354,26.8024412333416,3.68136390685534,23.1210773264863,401.695830856002,79.398895522277,322.296935333725,0.781099807226099,-41.8786255446283,-41.8786255446283
"Corn","112N",16,4,23.581068614521,NA,23.581068614521,371.278408936302,NA,371.278408936302,27.1865942729838,3.31042065540084,23.876173617583,422.057086350759,76.6495765716576,345.407509779102,0.295105003062027,-25.8708991572003,-25.8708991572003
"Corn","112N",16,7,15.0031603373813,NA,15.0031603373813,252.520742210319,NA,252.520742210319,15.7246181912099,2.21923358700058,13.5053846042093,298.331450233415,57.6653890302651,240.66606120315,-1.49777573317198,-11.8546810071691,-11.8546810071691
"Corn","112N",16,11,18.5455849333508,NA,18.5455849333508,305.725022875663,NA,305.725022875663,19.7223145724801,1.80117217832874,17.9211423941513,358.661155119146,57.2421708767834,301.418984242363,-0.624442539199457,-4.30603863330037,-4.30603863330037
"Corn","112N",24,2,23.0262614805459,NA,23.0262614805459,548.385652722721,NA,548.385652722721,27.3377247427561,3.29780763568152,24.0399171070746,620.397628798051,105.781356607729,514.616272190322,1.01365562652868,-33.7693805323989,-33.7693805323989
"Corn","112N",24,4,24.4562287410343,NA,24.4562287410343,566.928238864576,NA,566.928238864576,27.6494755507989,2.75729720088978,24.8921783499092,643.252890757151,98.7079541787759,544.544936578375,0.435949608874868,-22.3833022862013,-22.3833022862013
"Corn","112N",24,7,12.2365488775708,NA,12.2365488775708,350.413133230885,NA,350.413133230885,13.8682195243321,1.616793290301,12.2514262340311,409.277206428072,70.5997353526731,338.677471075399,0.0148773564603619,-11.7356621554862,-11.7356621554862
"Corn","112N",24,11,17.7349874261776,NA,17.7349874261776,447.604922285084,NA,447.604922285084,17.9140492506221,1.31411586271092,16.5999333879112,501.973549124123,67.7550977784707,434.218451345652,-1.13505403826643,-13.3864709394318,-13.3864709394318
"Corn","112N",31,2,30.0338485713609,NA,30.0338485713609,758.622592722247,NA,758.622592722247,36.5769791299102,3.37495930412759,33.2020198257826,876.436482707423,129.406071736622,747.0304109708,3.16817125442176,-11.5921817514466,-11.5921817514466
"Corn","112N",31,4,30.4096376579849,NA,30.4096376579849,779.795702470471,NA,779.795702470471,35.9756313761717,2.74919728375258,33.2264340924191,895.082310390353,117.952335165044,777.129975225309,2.8167964344342,-2.66572724516197,-2.66572724516197
"Corn","112N",31,7,12.3602457066218,NA,12.3602457066218,436.934853177238,NA,436.934853177238,14.9757247025118,1.34527995350292,13.6304447490089,514.107279345655,80.0166950271935,434.090584318461,1.27019904238709,-2.84426885877645,-2.84426885877645
"Corn","112N",31,11,17.3681849980689,NA,17.3681849980689,569.182217271566,NA,569.182217271566,19.3693147653937,1.1722236701203,18.1970910952734,637.558752481879,75.9606634693128,561.598089012566,0.828906097204502,-7.58412825900029,-7.58412825900029
"Corn","112N",38,2,21.6422751999055,NA,21.6422751999055,910.118519121586,NA,910.118519121586,28.2199811005522,2.30221585415904,25.9177652463932,1073.97635041129,145.521582715736,928.454767695553,4.27549004648766,18.3362485739671,18.3362485739671
"Corn","112N",38,4,22.4554120725941,NA,22.4554120725941,936.98358697863,NA,936.98358697863,32.9188684482783,2.3384214380683,30.58044701021,1125.5143895283,134.321285231522,991.193104296778,8.12503493761583,54.2095173181486,54.2095173181486
"Corn","112N",38,7,11.0613281774188,NA,11.0613281774188,514.364150419169,NA,514.364150419169,15.6135447815621,1.24752236848271,14.3660224130794,623.40209281659,88.7493516065725,534.652741210017,3.30469423566063,20.2885907908478,20.2885907908478
"Corn","112N",38,11,15.0923196726939,NA,15.0923196726939,674.828454980424,NA,674.828454980424,17.4237722962774,0.979752885880323,16.4440194103971,759.525158555821,82.818933670475,676.706224885346,1.3516997377032,1.87776990492205,1.87776990492205
"Corn","112N",47,2,24.5546042955152,NA,24.5546042955152,1131.10995778122,NA,1131.10995778122,32.2405798352319,2.37883176359068,29.8617480716412,1364.14156892837,166.931068588052,1197.21050034032,5.30714377612598,66.1005425591009,66.1005425591009
"Corn","112N",47,4,26.3895573376979,NA,26.3895573376979,1174.48960301791,NA,1174.48960301791,28.5479319221836,1.98365805669853,26.564273865485,1382.44577682795,152.174207741809,1230.27156908614,0.174716527787172,55.7819660682333,55.7819660682333
"Corn","112N",47,7,10.5958825805327,NA,10.5958825805327,609.727093643964,NA,609.727093643964,20.155724088258,1.34319945443346,18.8125246338246,804.803609610912,100.838146696474,703.965462914438,8.21664205329183,94.2383692704744,94.2383692704744
"Corn","112N",47,11,13.8389270477335,NA,13.8389270477335,799.378798410025,NA,799.378798410025,17.5907694370513,0.911142716812954,16.6796267202384,917.842083489282,91.0192181217916,826.822865367491,2.84069967250488,27.4440669574661,27.4440669574661
"Corn","112N",54,2,31.9840571839099,NA,31.9840571839099,1354.99835806859,NA,1354.99835806859,34.391273673932,2.29691476238631,32.0943589115457,1604.8804846459,183.009471924756,1421.87101272114,0.110301727635797,66.8726546525513,66.8726546525513
"Corn","112N",54,4,32.7565427398525,NA,32.7565427398525,1403.78540219688,NA,1403.78540219688,34.0074179061404,1.83839619087183,32.1690217152686,1620.49770217094,165.042981077912,1455.45472109302,-0.587521024583879,51.6693188961463,51.6693188961463
"Corn","112N",54,7,10.2671095525062,NA,10.2671095525062,681.596860511508,NA,681.596860511508,20.9564391758582,1.13430842716138,19.8221307486969,951.49868384192,108.778305686603,842.720378155316,9.55502119619064,161.123517643809,161.123517643809
"Corn","112N",54,11,14.4139648361407,NA,14.4139648361407,900.27655226301,NA,900.27655226301,17.3309953754575,0.834297015482098,16.4966983599754,1039.15905111748,96.8592972301663,942.299753887318,2.08273352383465,42.0232016243085,42.0232016243085
"Corn","112N",60,2,26.8977204339801,NA,26.8977204339801,1516.38468067247,NA,1516.38468067247,26.8200491581319,1.49080261289543,25.3292465452365,1765.80077959469,191.954287602128,1573.84649199256,-1.56847388874361,57.4618113200897,57.4618113200897
"Corn","112N",60,4,28.2008398779899,NA,28.2008398779899,1572.99044146482,NA,1572.99044146482,27.3113974674896,1.30575131872629,26.0056461487634,1784.36608697587,172.877488990269,1611.4885979856,-2.19519372922654,38.4981565207868,38.4981565207868
"Corn","112N",60,7,9.72655478690836,NA,9.72655478690836,739.956189232958,NA,739.956189232958,16.623899974802,0.722554445970777,15.9013455288312,1051.24208369073,113.113632362428,938.128451328304,6.17479074192285,198.172262095346,198.172262095346
"Corn","112N",60,11,13.0244635653284,NA,13.0244635653284,978.42333365498,NA,978.42333365498,15.3484468046234,0.631552443569203,14.7168943610542,1131.24973194522,100.648611891582,1030.60112005364,1.69243079572582,52.1777863986633,52.1777863986633
"Corn","112N",67,2,20.6050382050178,NA,20.6050382050178,1660.6199481076,NA,1660.6199481076,23.1615049050602,1.18460219145907,21.9769027136012,1927.93131393011,200.246502942342,1727.68481098777,1.37186450858331,67.064862880173,67.064862880173
"Corn","112N",67,4,21.3827440240827,NA,21.3827440240827,1722.6696496334,NA,1722.6696496334,22.2002351910766,0.995783149411721,21.2044520416649,1939.76773331341,179.847971036151,1759.91976227726,-0.178291982417786,37.2501126438626,37.2501126438626
"Corn","112N",67,7,9.26107020225471,NA,9.26107020225471,804.783680648741,NA,804.783680648741,12.1830321019389,0.501530952922266,11.6815011490167,1136.5233084043,116.624349032884,1019.89895937142,2.42043094676194,215.115278722679,215.115278722679
"Corn","112N",67,11,11.1765912144453,NA,11.1765912144453,1056.6594721561,NA,1056.6594721561,13.1470001109976,0.508593536008343,12.6384065749893,1223.27873272221,104.20876664364,1119.06996607857,1.46181536054396,62.4104939224712,62.4104939224712
"Corn","112N",76,2,20.9371828161026,NA,20.9371828161026,1849.05459345252,NA,1849.05459345252,22.073274589986,1.03310685525882,21.0401677347271,2126.59078523999,209.544464639671,1917.04632060031,0.102984918624493,67.9917271477934,67.9917271477934
"Corn","112N",76,4,24.6572723118499,NA,24.6572723118499,1944.58510044005,NA,1944.58510044005,24.6052435883924,1.02917566062742,23.576067927765,2161.21492560894,189.110551981798,1972.10437362714,-1.08120438408491,27.5192731870982,27.5192731870982
"Corn","112N",76,7,10.419926112928,NA,10.419926112928,898.563015665093,NA,898.563015665093,10.7741606645382,0.452311355686454,10.3218493088517,1233.49075438515,120.695151234062,1112.79560315109,-0.0980768040763209,214.232587485993,214.232587485993
"Corn","112N",76,11,10.2296850060603,NA,10.2296850060603,1148.72663721064,NA,1148.72663721064,11.9548011545518,0.4415532179939,11.5132479365579,1330.87194311317,108.182745605585,1222.68919750759,1.28356293049758,73.9625602969495,73.9625602969495
"Corn","112N",87,2,17.1350371358842,NA,17.1350371358842,2037.54000194725,NA,2037.54000194725,18.5573922166879,0.700297169848741,17.8570950468392,2330.72209962355,217.247733508007,2113.47436611555,0.722057910955009,75.9343641682985,75.9343641682985
"Corn","112N",87,4,19.0794740294102,NA,19.0794740294102,2154.45931476356,NA,2154.45931476356,18.6833850654217,0.733142374210511,17.9502426912112,2366.73216132858,197.175118098114,2169.55704323047,-1.12923133819899,15.0977284669098,15.0977284669098
"Corn","112N",87,7,10.9174107786546,NA,10.9174107786546,1018.65453423029,NA,1018.65453423029,9.0857449853961,0.376109544681582,8.70963544071452,1333.4339492245,124.832356225559,1208.60159299895,-2.20777533794008,189.947058768652,189.947058768652
"Corn","112N",87,11,8.69547345864354,NA,8.69547345864354,1244.37684525572,NA,1244.37684525572,9.83511051628461,0.33313317077609,9.50197734550852,1439.05815879231,111.847210484122,1327.21094830818,0.806503886864977,82.8341030524639,82.8341030524639
"Corn","112N",100,2,14.8686661019711,NA,14.8686661019711,2230.83266127287,NA,2230.83266127287,16.2979775285555,0.545822420923137,15.7521551076324,2542.59580749477,224.343424980008,2318.25238251477,0.883489005661293,87.4197212418949,87.4197212418949
"Corn","112N",100,4,16.1162273971496,NA,16.1162273971496,2363.9702709265,NA,2363.9702709265,19.0582898803562,0.738801275030985,18.3194886053253,2614.48992977321,206.779534673517,2407.71039509969,2.20326120817568,43.7401241731932,43.7401241731932
"Corn","112N",100,7,13.0307594595723,NA,13.0307594595723,1188.05440720473,NA,1188.05440720473,9.20637564785325,0.378481557416867,8.82789409043638,1453.1168326466,129.752616471979,1323.36421617462,-4.20286536913594,135.309808969885,135.309808969885
"Corn","112N",100,11,9.14492801426459,NA,9.14492801426459,1363.26090944116,NA,1363.26090944116,9.59927070161203,0.307715622356742,9.29155507925529,1563.84867791326,115.84751357476,1448.0011643385,0.146627064990698,84.7402548973432,84.7402548973432
"Corn","112N",114,2,14.6292156076939,NA,14.6292156076939,2435.64167978059,NA,2435.64167978059,13.5475966871546,0.456579544721367,13.0910171424332,2732.26216111494,230.735538606107,2501.52662250883,-1.53819846526068,65.8849427282457,65.8849427282457
"Corn","112N",114,4,15.2801374586062,NA,15.2801374586062,2577.89219534699,NA,2577.89219534699,18.6486690211669,0.717806688925517,17.9308623322414,2875.57129606955,216.828828318474,2658.74246775107,2.6507248736352,80.8502724040859,80.8502724040859
"Corn","112N",114,7,10.7817577169144,NA,10.7817577169144,1338.99901524154,NA,1338.99901524154,8.59932828288026,0.33122403252851,8.26810425035175,1573.50742860692,134.389752927378,1439.11767567954,-2.51365346656268,100.118660438007,100.118660438007
"Corn","112N",114,11,8.55839943118743,NA,8.55839943118743,1483.07850147778,NA,1483.07850147778,8.97788538118936,0.261749887076508,8.71613549411286,1689.53907324991,119.512011993831,1570.02706125608,0.157736062925423,86.9485597782989,86.9485597782989
"Corn","112N",132,2,15.1487458181061,NA,15.1487458181061,2708.3191045065,NA,2708.3191045065,14.6777859657722,0.432523039421388,14.2452629263509,2996.46230849884,238.520953315692,2757.94135518315,-0.903482891755274,49.6222506766508,49.6222506766508
"Corn","112N",132,4,13.6760327671902,NA,13.6760327671902,2824.06078515641,NA,2824.06078515641,18.3256097532971,0.651879416426454,17.6737303368707,3205.4322716289,228.56265781415,2976.86961381475,3.99769756968053,152.808828658336,152.808828658336
"Corn","112N",132,7,8.94090001746285,NA,8.94090001746285,1499.93521555587,NA,1499.93521555587,8.38372382786081,0.31238050607518,8.07134332178563,1724.41445750842,140.012602036731,1584.40185547168,-0.86955669567722,84.466639915817,84.466639915817
"Corn","112N",132,11,8.27440563778406,NA,8.27440563778406,1632.0178029579,NA,1632.0178029579,9.02824459460415,0.234191102163028,8.79405349244112,1852.04747595279,123.727451832765,1728.32002412002,0.519647854657062,96.302221162126,96.302221162126
"Corn","112N",146,2,13.7530189890365,NA,13.7530189890365,2900.86137035301,NA,2900.86137035301,14.7100766114767,0.396151603941123,14.3139250075356,3202.40338105951,244.067075770868,2958.33630528864,0.560906018499077,57.4749349356375,57.4749349356375
"Corn","112N",146,4,14.9066691998329,NA,14.9066691998329,3032.75415395407,NA,3032.75415395407,18.4052311100049,0.577780201529298,17.8274509084756,3463.10550716897,236.65158063556,3226.45392653341,2.92078170864269,193.699772579334,193.699772579334
"Corn","112N",146,7,8.31288334790751,NA,8.31288334790751,1616.31558242657,NA,1616.31558242657,9.81632179860855,0.357635200115493,9.45868659849305,1861.84296268894,145.019494838348,1716.82346785059,1.14580325058554,100.507885424015,100.507885424015
"Corn","112N",146,11,8.8276782506238,NA,8.8276782506238,1755.60529846663,NA,1755.60529846663,10.0279374123699,0.249843993091114,9.77809341927875,1992.43859972597,127.225267736041,1865.21333198992,0.950415168654953,109.608033523295,109.608033523295
"Corn","336N",5,5,13.492725794752,NA,13.492725794752,67.4636289737598,NA,67.4636289737598,23.2196457097231,7.68483221804582,15.5348134916773,116.098228548616,38.4241610902291,77.6740674583865,2.04208769692534,10.2104384846267,10.2104384846267
"Corn","336N",5,6,13.4242438544373,NA,13.4242438544373,67.1212192721864,NA,67.1212192721864,24.1235523453158,7.22778348428121,16.8957688610346,120.617761726579,36.138917421406,84.478844305173,3.47152500659731,17.3576250329866,17.3576250329866
"Corn","336N",5,8,22.7688726579655,NA,22.7688726579655,113.844363289828,NA,113.844363289828,29.6382958027074,8.85297010585797,20.7853256968495,148.191479013537,44.2648505292899,103.926628484247,-1.98354696111608,-9.91773480558039,-9.91773480558039
"Corn","336N",5,9,24.8762466406891,NA,24.8762466406891,124.381233203446,NA,124.381233203446,31.2557096753911,9.13839091426195,22.1173187611291,156.278548376955,45.6919545713098,110.586593805646,-2.75892787955996,-13.7946393977998,-13.7946393977998
"Corn","336N",10,5,14.9731261595367,NA,14.9731261595367,142.329259771443,NA,142.329259771443,19.5254835446545,3.51803987016806,16.0074436744864,213.725646271888,56.0143604410694,157.711285830819,1.03431751494972,15.3820260593753,15.3820260593753
"Corn","336N",10,6,13.7032000786989,NA,13.7032000786989,135.637219665681,NA,135.637219665681,19.6076705067015,2.96417676026499,16.6434937464365,218.656114260086,50.959801222731,167.696313037356,2.94029366773766,32.0590933716748,32.0590933716748
"Corn","336N",10,8,18.5945579674842,NA,18.5945579674842,206.817153127249,NA,206.817153127249,23.0231849797884,3.88350141427067,19.1396835655177,263.307403912479,63.6823576006432,199.625046311836,0.545125598033476,-7.19210681541296,-7.19210681541296
"Corn","336N",10,9,25.014520312184,NA,25.014520312184,249.453834764366,NA,249.453834764366,28.897183048392,5.20032848939903,23.696854558993,300.764463618916,71.6935970183049,229.070866600611,-1.31766575319102,-20.3829681637549,-20.3829681637549
"Corn","336N",16,5,13.5717534461798,NA,13.5717534461798,223.759780448522,NA,223.759780448522,17.2773314381736,2.19008656853859,15.087244869635,317.38963490093,69.1548798523009,248.234755048629,1.51549142345521,24.4749746001066,24.4749746001066
"Corn","336N",16,6,11.9832115766564,NA,11.9832115766564,207.536489125619,NA,207.536489125619,16.2588845319635,1.86728786087548,14.391596671088,316.209421451867,62.1635283879838,254.045893063884,2.40838509443157,46.5094039382643,46.5094039382643
"Corn","336N",16,8,21.4942655460477,NA,21.4942655460477,335.782746403535,NA,335.782746403535,26.5738412546957,3.33889852443249,23.2349427302632,422.750451440653,83.7157487472382,339.034702693415,1.74067718421549,3.25195628987996,3.25195628987996
"Corn","336N",16,9,21.2210525121131,NA,21.2210525121131,376.780149837044,NA,376.780149837044,25.01646050955,3.92487431584995,21.0915861937001,450.863226676216,95.2428429134046,355.620383762811,-0.129466318413002,-21.1597660742329,-21.1597660742329
"Corn","336N",24,5,10.6258504192372,NA,10.6258504192372,308.76658380242,NA,308.76658380242,12.8047559519907,1.36137095955768,11.4433849924331,419.827682516856,80.0458475287624,339.781834988093,0.81753457319585,31.0152511856734,31.0152511856734
"Corn","336N",24,6,12.5712825283093,NA,12.5712825283093,308.106749352094,NA,308.106749352094,16.0089566505758,1.57460664640648,14.4343500041693,444.281074656473,74.7603815592357,369.520693097238,1.86306747585996,61.413943745144,61.413943745144
"Corn","336N",24,8,28.2363515079788,NA,28.2363515079788,561.673558467366,NA,561.673558467366,35.6238711411857,3.72783069115596,31.8960404500297,707.741420570139,113.538394276486,594.203026293653,3.6596889420509,32.5294678262871,32.5294678262871
"Corn","336N",24,9,32.6958060319069,NA,32.6958060319069,638.346598092299,NA,638.346598092299,35.5914789720977,4.15522315830936,31.4362558137883,735.595058452997,128.48462817988,607.110430273118,-1.25955021811862,-31.2361678191819,-31.2361678191819
"Corn","336N",31,5,10.4361749358356,NA,10.4361749358356,381.819808353269,NA,381.819808353269,13.7911063615576,1.28465672708927,12.5064496344683,516.365427047759,89.0384446183872,427.326982429371,2.07027469863273,45.5071740761025,45.5071740761025
"Corn","336N",31,6,13.1630144358391,NA,13.1630144358391,400.247850402968,NA,400.247850402968,16.6170741084061,1.41733387009319,15.1997402383129,560.600593415316,84.681718649888,475.918874765428,2.03672580247377,75.6710243624603,75.6710243624603
"Corn","336N",31,8,27.6580786241421,NA,27.6580786241421,755.28010883636,NA,755.28010883636,35.7230830032986,3.11168670761234,32.6113962956863,957.803001593229,135.320201229772,822.482800363457,4.95331767154419,67.2026915270964,67.2026915270964
"Corn","336N",31,9,30.3637615567058,NA,30.3637615567058,850.89292898924,NA,850.89292898924,34.2600893080304,3.16398075880532,31.0961085492251,975.41568360921,150.632493491517,824.783190117693,0.732346992519297,-26.1097388715468,-26.1097388715468
"Corn","336N",38,5,10.7380308803953,NA,10.7380308803953,456.986024516036,NA,456.986024516036,11.5794850365627,0.890183287169229,10.6893017493935,597.421822303698,95.2697276285718,502.152094675126,-0.0487291310018083,45.1660701590898,45.1660701590898
"Corn","336N",38,6,11.5977891977848,NA,11.5977891977848,481.432374787461,NA,481.432374787461,14.8493862157837,1.07567028309871,13.773715932685,664.546296925802,92.211410631579,572.334886294223,2.17592673490023,90.9025115067619,90.9025115067619
"Corn","336N",38,8,21.9283046477342,NA,21.9283046477342,908.7782413705,NA,908.7782413705,27.1773142332169,2.01271434868501,25.1645998845318,1148.04420122575,149.409201670567,998.63499955518,3.23629523679764,89.85675818468,89.85675818468
"Corn","336N",38,9,21.7496250683415,NA,21.7496250683415,1003.14030446763,NA,1003.14030446763,28.4049679558487,2.16560650664342,26.2393614492053,1174.25045930015,165.791739038021,1008.45872026213,4.48973638086374,5.3184157944994,5.3184157944994
"Corn","336N",47,5,10.2053973829606,NA,10.2053973829606,548.834600962681,NA,548.834600962681,10.3829868385229,0.635507658816544,9.74747917970634,690.868703850404,100.989296557921,589.879407292483,-0.45791820325422,41.0448063298019,41.0448063298019
"Corn","336N",47,6,8.44271373643481,NA,8.44271373643481,557.416798415374,NA,557.416798415374,14.4744591225267,0.922736317876273,13.5517228046505,794.816429028542,100.516037492465,694.300391536077,5.10900906821565,136.883593120703,136.883593120703
"Corn","336N",47,8,15.6973990192143,NA,15.6973990192143,1050.05483254343,NA,1050.05483254343,32.169528671523,2.1788530783029,29.9906755932201,1437.56995926945,169.018879375293,1268.55107989416,14.2932765740058,218.496247350732,218.496247350732
"Corn","336N",47,9,27.0934610119561,NA,27.0934610119561,1246.98145357524,NA,1246.98145357524,33.1367034979223,2.31960397918247,30.8170995187399,1472.48079078145,186.668174850663,1285.81261593079,3.72363850678375,38.8311623555533,38.8311623555533
"Corn","336N",54,5,9.57259398151778,NA,9.57259398151778,615.842758833305,NA,615.842758833305,11.2135218896122,0.61320851916656,10.6003133704456,769.363357077689,105.281756192087,664.081600885602,1.02771938892782,48.2388420522966,48.2388420522966
"Corn","336N",54,6,11.3058723322265,NA,11.3058723322265,636.557904740959,NA,636.557904740959,12.8150560683579,0.726778285262355,12.0882777830956,884.521821507048,105.603485489302,778.918336017746,0.782405450869106,142.360431276787,142.360431276787
"Corn","336N",54,8,26.3382441655078,NA,26.3382441655078,1234.42254170198,NA,1234.42254170198,33.6932953057002,2.03700449736643,31.6562908083338,1673.42302640936,183.277910856858,1490.1451155525,5.31804664282591,255.722573850514,255.722573850514
"Corn","336N",54,9,32.0427571441726,NA,32.0427571441726,1471.28075358444,NA,1471.28075358444,41.9095790016927,2.52196327501837,39.3876157266743,1765.8478437933,204.321917775791,1561.52592601751,7.34485858250177,90.2451724330656,90.2451724330656
"Corn","336N",60,5,8.17430604373886,NA,8.17430604373886,664.888595095739,NA,664.888595095739,10.4066209757295,0.490339439833823,9.91628153589566,831.803082932066,108.22379283109,723.579290100976,1.7419754921568,58.6906950052374,58.6906950052374
"Corn","336N",60,6,9.94887237926797,NA,9.94887237926797,696.251139016567,NA,696.251139016567,10.9714588558384,0.549346541151893,10.4221123146865,950.350574642078,108.899564736213,841.451009905865,0.473239935418537,145.199870889298,145.199870889298
"Corn","336N",60,8,23.7194705718286,NA,23.7194705718286,1376.73936513296,NA,1376.73936513296,29.823703001544,1.52902004463831,28.2946829569057,1852.36524441862,192.452031124688,1659.91321329393,4.57521238507709,283.173848160976,283.173848160976
"Corn","336N",60,9,28.9021793856185,NA,28.9021793856185,1644.69382989815,NA,1644.69382989815,32.821861071852,1.71079008866076,31.1110709831912,1962.77901022441,214.586658307756,1748.19235191666,2.2088915975727,103.498522018502,103.498522018502
"Corn","336N",67,5,8.15955551066584,NA,8.15955551066584,722.005483670399,NA,722.005483670399,9.63837456723995,0.425321405499945,9.21305316174,899.271704902745,111.201042669589,788.070662233156,1.05349765107416,66.0651785627564,66.0651785627564
"Corn","336N",67,6,8.26145557396483,NA,8.26145557396483,754.081328034321,NA,754.081328034321,9.12570080770898,0.431254517270381,8.6944462904386,1014.23048029604,111.918346357106,902.312133938935,0.432990716473766,148.230805904614,148.230805904614
"Corn","336N",67,8,21.0827105949889,NA,21.0827105949889,1524.31833929788,NA,1524.31833929788,24.2221883837416,1.24099789360217,22.9811904901394,2021.92056310481,201.139016379903,1820.78154672491,1.89847989515054,296.46320742703,296.46320742703
"Corn","336N",67,9,23.0801851061401,NA,23.0801851061401,1806.25512564114,NA,1806.25512564114,22.9553978775051,1.22427599087766,21.7311218866275,2123.46679536695,223.1565902439,1900.31020512305,-1.3490632195126,94.0550794819135,94.0550794819135
"Corn","336N",76,5,8.61277214868552,NA,8.61277214868552,799.520433008569,NA,799.520433008569,10.5259679253944,0.448791159939774,10.0771767654547,994.005416231295,115.240163109047,878.765253122248,1.46440461676915,79.2448201136788,79.2448201136788
"Corn","336N",76,6,8.13234742267277,NA,8.13234742267277,827.272454838376,NA,827.272454838376,9.01168703165141,0.396078518831774,8.61560851281963,1095.3356635809,115.483053026592,979.852610554312,0.483261090146861,152.580155715936,152.580155715936
"Corn","336N",76,8,19.461816350436,NA,19.461816350436,1699.4746864518,NA,1699.4746864518,25.4868616224256,1.21907731486634,24.2677843075592,2251.30231770664,212.1107122137,2039.19160549294,4.8059679571232,339.716919041139,339.716919041139
"Corn","336N",76,9,26.5169600262577,NA,26.5169600262577,2044.90776587745,NA,2044.90776587745,26.1248178696789,1.1776484254434,24.9471694442355,2358.59015619406,233.75542607289,2124.83473012117,-1.56979058202224,79.9269642437134,79.9269642437134
"Corn","336N",87,5,8.60305260953565,NA,8.60305260953565,894.154011713461,NA,894.154011713461,10.4905765173031,0.415486477154428,10.0750900401487,1109.40175792163,119.810514357746,989.591243563883,1.47203743061302,95.4372318504221,95.4372318504221
"Corn","336N",87,6,6.48698594688891,NA,6.48698594688891,898.629300254154,NA,898.629300254154,7.41969894158188,0.302851866322937,7.11684707525894,1176.9523519383,118.814423556144,1058.13792838216,0.629861128370028,159.508628128006,159.508628128006
"Corn","336N",87,8,16.1663561397594,NA,16.1663561397594,1877.30460398916,NA,1877.30460398916,18.9991420327638,0.811191115695858,18.1879509170679,2460.29288006704,221.033814486355,2239.25906558069,2.02159477730849,361.954461591532,361.954461591532
"Corn","336N",87,9,20.1567563034841,NA,20.1567563034841,2266.63208521578,NA,2266.63208521578,20.5953069933563,0.81647964606507,19.7788273472913,2585.13853312098,242.736702179606,2342.40183094137,-0.377928956192832,75.7697457255917,75.7697457255917
"Corn","336N",100,5,8.9556806617745,NA,8.9556806617745,1010.57786031653,NA,1010.57786031653,10.9211983499447,0.438765878420331,10.4824324715243,1251.37733647091,125.51447077721,1125.8628656937,1.52675180974982,115.28500537717,115.28500537717
"Corn","336N",100,6,6.70268823395347,NA,6.70268823395347,985.764247295549,NA,985.764247295549,7.66145910285696,0.303723064247438,7.35773603860952,1276.55132027545,122.762823391361,1153.78849688408,0.655047804656056,168.024249588535,168.024249588535
"Corn","336N",100,8,18.1771136891977,NA,18.1771136891977,2113.60708194872,NA,2113.60708194872,22.5204701524145,0.884273687379571,21.6361964650349,2753.05899204843,232.529372422289,2520.52961962614,3.45908277583723,406.922537677417,406.922537677417
"Corn","336N",100,9,23.5593476200364,NA,23.5593476200364,2572.90360427625,NA,2572.90360427625,24.352183729769,0.904218415745062,23.4479653140239,2901.71692160797,254.491541584292,2647.22538002368,-0.111382306012551,74.321775747429,74.321775747429
"Corn","336N",114,5,8.37572375146982,NA,8.37572375146982,1127.83799283711,NA,1127.83799283711,9.97469142192934,0.3865958671784,9.58809555475094,1391.02301637792,130.926812917708,1260.09620346021,1.21237180328112,132.258210623105,132.258210623105
"Corn","336N",114,6,5.77471626762373,NA,5.77471626762373,1066.61027504228,NA,1066.61027504228,6.84290050876483,0.243748966394362,6.59915154237046,1372.35192739815,126.175308920882,1246.17661847727,0.824435274746735,179.566343434989,179.566343434989
"Corn","336N",114,8,15.2463553847292,NA,15.2463553847292,2327.05605733493,NA,2327.05605733493,19.2492702722086,0.652109957960161,18.5971603142485,3022.54877585935,241.658911833732,2780.88986402562,3.35080492951924,453.833806690685,453.833806690685
"Corn","336N",114,9,17.7968353764136,NA,17.7968353764136,2822.05929954604,NA,2822.05929954604,18.8164331368728,0.659132871591328,18.1573002652814,3165.14698552419,263.71940178657,2901.42758373762,0.360464888867792,79.3682841915784,79.3682841915784
"Corn","336N",132,5,7.76917389329706,NA,7.76917389329706,1267.68312291645,NA,1267.68312291645,9.02782632448599,0.311556937043805,8.71626938744218,1553.52389021867,136.534837784496,1416.98905243417,0.947095494145121,149.305929517717,149.305929517717
"Corn","336N",132,6,5.7816252164642,NA,5.7816252164642,1170.67952893864,NA,1170.67952893864,6.11580077736917,0.202110906138714,5.91368987123046,1482.4363413908,129.813305231379,1352.62303615942,0.132064654766264,181.943507220782,181.943507220782
"Corn","336N",132,8,12.9516679136671,NA,12.9516679136671,2560.18607978094,NA,2560.18607978094,18.4985045635324,0.551576994129181,17.9469275694032,3355.52185800293,251.587297728057,3103.93456027488,4.99525965573605,543.748480493934,543.748480493934
"Corn","336N",132,9,18.0437144606931,NA,18.0437144606931,3146.84615983852,NA,3146.84615983852,19.1014154289817,0.633415755172394,18.4679996738093,3508.97246324586,275.120885379674,3233.85157786619,0.424285213116175,87.0054180276697,87.0054180276697
"Corn","336N",146,5,8.0801374882181,NA,8.0801374882181,1380.80504775151,NA,1380.80504775151,9.08026614014498,0.2752148681982,8.80505127194678,1680.6476161807,140.387845939271,1540.25977024143,0.724913783728686,159.454722489919,159.454722489919
"Corn","336N",146,6,5.69873420733276,NA,5.69873420733276,1250.4618078413,NA,1250.4618078413,6.78935845898682,0.200179696654793,6.58917876233203,1577.48735981661,132.615820984546,1444.87153883207,0.890444554999269,194.409730990772,194.409730990772
"Corn","336N",146,8,13.3578716662049,NA,13.3578716662049,2747.19628310781,NA,2747.19628310781,18.9902956087567,0.496742809612571,18.4935527991441,3621.38599652553,258.541697062633,3362.84429946289,5.13568113293925,615.648016355084,615.648016355084
"Corn","336N",146,9,18.4448707662025,NA,18.4448707662025,3405.07435056536,NA,3405.07435056536,18.4070770302141,0.576354419897343,17.8307226103168,3766.67154166886,283.189847258236,3483.48169441062,-0.614148155885736,78.4073438452688,78.4073438452688
"Mxg","0N",5,17,30.5682679606562,NA,30.5682679606562,152.841339803281,NA,152.841339803281,34.9449562785253,5.74841811314208,29.1965381653832,174.724781392626,28.7420905657104,145.982690826916,-1.37172979527298,-6.85864897636489,-6.85864897636489
"Mxg","0N",5,18,18.7399258343444,NA,18.7399258343444,93.6996291717219,NA,93.6996291717219,25.5835880293801,6.70053892560143,18.8830491037787,127.917940146901,33.5026946280071,94.4152455188936,0.143123269434334,0.715616347171661,0.715616347171661
"Mxg","0N",5,21,29.0887844767859,NA,29.0887844767859,145.44392238393,NA,145.44392238393,34.9527418913702,9.75604136070086,25.1967005306694,174.763709456851,48.7802068035043,125.983502653347,-3.89208394611655,-19.4604197305828,-19.4604197305828
"Mxg","0N",5,23,27.7257661906405,NA,27.7257661906405,138.628830953202,NA,138.628830953202,33.6112538885597,8.38525590253905,25.2259979860207,168.056269442799,41.9262795126953,126.129989930103,-2.49976820461979,-12.498841023099,-12.498841023099
"Mxg","0N",10,17,33.9006150821983,NA,33.9006150821983,322.344415214272,NA,322.344415214272,37.2870187976661,4.20387416988629,33.0831446277798,361.159875380957,49.7614614151418,311.398413965815,-0.817470454418498,-10.9460012484574,-10.9460012484574
"Mxg","0N",10,18,18.6934984365217,NA,18.6934984365217,187.16712135433,NA,187.16712135433,17.9113353203676,3.43979007818247,14.4715452421851,217.474616748739,50.7016450189195,166.772971729819,-4.22195319433658,-20.3941496245112,-20.3941496245112
"Mxg","0N",10,21,29.47220459152,NA,29.47220459152,292.80494534153,NA,292.80494534153,31.6321774729869,5.10599172942786,26.5261857435591,332.924596821786,74.3101654506436,258.614431371142,-2.94601884796089,-34.1905139703872,-34.1905139703872
"Mxg","0N",10,23,31.2092429358784,NA,31.2092429358784,294.675045632594,NA,294.675045632594,32.6087028053948,4.33130595319435,28.2773968522005,331.099783469773,63.582809278667,267.516974191106,-2.93184608367792,-27.1580714414886,-27.1580714414886
"Mxg","0N",16,17,27.5152600799253,NA,27.5152600799253,487.435975693824,NA,487.435975693824,40.9052009191722,4.3631228806834,36.5420780384888,606.59108089599,75.9401986992423,530.650882196748,9.02681795856354,43.2149065029238,43.2149065029238
"Mxg","0N",16,18,14.3553544573372,NA,14.3553544573372,273.299248098353,NA,273.299248098353,12.8036969983018,2.46491782641191,10.3387791718899,294.296798738549,65.4911519773909,228.805646761158,-4.01657528544729,-44.493601337195,-44.493601337195
"Mxg","0N",16,21,24.0161522200879,NA,24.0161522200879,436.901858662057,NA,436.901858662057,27.7765585072881,3.79610647239654,23.9804520348916,499.583947865515,97.0868042850228,402.497143580492,-0.0357001851962835,-34.4047150815649,-34.4047150815649
"Mxg","0N",16,23,31.8476695008839,NA,31.8476695008839,485.761062637898,NA,485.761062637898,25.6578047905395,2.83890577312185,22.8188990174176,485.046612213009,80.6162439173981,404.430368295611,-9.02877048346633,-81.3306943422866,-81.3306943422866
"Mxg","0N",24,17,35.7801495451341,NA,35.7801495451341,773.677172054897,NA,773.677172054897,40.4755329635938,3.30140313287393,37.1741298307199,930.395344604741,102.351423762234,828.043920842507,1.39398028558579,54.3667487876103,54.3667487876103
"Mxg","0N",24,18,14.5419785148615,NA,14.5419785148615,389.635076217246,NA,389.635076217246,15.0283379292191,2.11372562164605,12.9146123075731,414.523502172302,82.4009569505593,332.122545221743,-1.62736620728845,-57.5125309955025,-57.5125309955025
"Mxg","0N",24,21,34.4142456735039,NA,34.4142456735039,712.215824050088,NA,712.215824050088,38.7098910948924,4.40347772308701,34.3064133718054,809.263076624654,132.314626069719,676.948450554935,-0.107832301698473,-35.2673734951527,-35.2673734951527
"Mxg","0N",24,23,43.2161614248433,NA,43.2161614248433,831.490354036644,NA,831.490354036644,44.4526629542706,4.70830377814856,39.744359176122,840.667915847174,118.282674142587,722.385241704587,-3.47180224872125,-109.105112332057,-109.105112332057
"Mxg","0N",31,17,30.4919833725059,NA,30.4919833725059,987.121055662438,NA,987.121055662438,35.2636588362289,2.18957333386986,33.074085502359,1177.24095645834,117.678437099323,1059.56251935902,2.58210212985317,72.4414636965822,72.4414636965822
"Mxg","0N",31,18,16.0430846959927,NA,16.0430846959927,501.936669089194,NA,501.936669089194,17.1539282071244,1.71682408517016,15.4371041219542,534.600999622173,94.4187255467504,440.182274075423,-0.605980574038435,-61.7543950137716,-61.7543950137716
"Mxg","0N",31,21,33.5374394733781,NA,33.5374394733781,946.977900363735,NA,946.977900363735,37.5932782870267,2.84795946743317,34.7453188195935,1072.41602463384,152.250342341751,920.16568229209,1.20787934621541,-26.8122180716448,-26.8122180716448
"Mxg","0N",31,23,45.6419379198938,NA,45.6419379198938,1150.9839194759,NA,1150.9839194759,46.5654098144219,2.87822491294015,43.6871849014818,1166.62578454813,138.430248533168,1028.19553601496,-1.95475301841208,-122.788383460941,-122.788383460941
"Mxg","0N",38,17,23.2038927087071,NA,23.2038927087071,1149.54830462339,NA,1149.54830462339,26.8052652540179,1.38733218907742,25.4179330649405,1364.87781323647,127.389762422865,1237.4880508136,2.21404035623333,87.9397461902158,87.9397461902158
"Mxg","0N",38,18,16.9857976789405,NA,16.9857976789405,620.837252841778,NA,620.837252841778,19.4890542607454,1.5365369981766,17.9525172625688,671.024379447391,105.174484533987,565.849894913404,0.966719583628233,-54.987357928374,-54.987357928374
"Mxg","0N",38,21,24.9446525206028,NA,24.9446525206028,1121.59046800795,NA,1121.59046800795,33.0810944460955,2.60304255257155,30.478051893524,1303.98368575651,170.471640209752,1133.51204554676,5.53339937292121,11.9215775388036,11.9215775388036
"Mxg","0N",38,23,36.5613621338315,NA,36.5613621338315,1406.91345441272,NA,1406.91345441272,36.3013528316453,2.18044844184079,34.1209043898045,1420.73525436964,153.693387626053,1267.04186674359,-2.44045774402701,-139.87158766913,-139.87158766913
"Mxg","0N",47,17,21.5097677014282,NA,21.5097677014282,1343.13621393624,NA,1343.13621393624,25.4161085776125,1.18799844732201,24.2281101302905,1593.62279043498,138.081748448763,1455.54104198622,2.71834242886229,112.404828049976,112.404828049976
"Mxg","0N",47,18,16.6552040482321,NA,16.6552040482321,770.734089275867,NA,770.734089275867,17.0390335023423,1.0442835005136,15.9947500018287,824.375680968472,114.573036038609,709.802644929863,-0.660454046403405,-60.9314443460046,-60.9314443460046
"Mxg","0N",47,21,30.7669489878947,NA,30.7669489878947,1398.49300889901,NA,1398.49300889901,39.7977068857899,2.98942961480209,36.8082772709878,1662.16304772862,197.376506742971,1464.78654098565,6.04132828309311,66.2935320866416,66.2935320866416
"Mxg","0N",47,23,36.4807322412609,NA,36.4807322412609,1735.24004458407,NA,1735.24004458407,39.7555160727181,1.76695329203835,37.9885627806797,1778.53489902411,169.595967254398,1608.93893176971,1.50783053941881,-126.301112814361,-126.301112814361
"Mxg","0N",54,17,23.0679175985662,NA,23.0679175985662,1504.61163712621,NA,1504.61163712621,25.5588003198772,1.04270257481398,24.5160977450633,1772.53439267412,145.380666472461,1627.15372620166,1.44818014649702,122.542089075455,122.542089075455
"Mxg","0N",54,18,15.8421089987991,NA,15.8421089987991,881.628852267461,NA,881.628852267461,14.6364347848939,0.779579380535851,13.856855404358,926.830724462729,120.03009170236,806.800632760369,-1.98525359444104,-74.8282195070919,-74.8282195070919
"Mxg","0N",54,21,40.5089588030906,NA,40.5089588030906,1682.05572052064,NA,1682.05572052064,47.9882700438797,3.13251540320165,44.855754640678,1998.08093803578,219.304114565382,1778.77682347039,4.34679583758738,96.7211029497535,96.7211029497535
"Mxg","0N",54,23,39.5815546777756,NA,39.5815546777756,2012.3109273285,NA,2012.3109273285,50.7294002896991,2.07043173688221,48.6589685528169,2133.640701052,184.088989412574,1949.55171163943,9.07741387504133,-62.7592156890712,-62.7592156890712
"Mxg","0N",60,17,19.796468017848,NA,19.796468017848,1623.39044523329,NA,1623.39044523329,22.0095704495774,0.775330589738521,21.2342398598388,1904.59181537159,150.032650010892,1754.55916536069,1.43777184199089,131.168720127401,131.168720127401
"Mxg","0N",60,18,12.1214018481661,NA,12.1214018481661,954.357263356457,NA,954.357263356457,11.9834513378027,0.609511885787125,11.3739394520155,998.731432489545,123.687163017083,875.044269472462,-0.747462396150507,-79.312993883995,-79.312993883995
"Mxg","0N",60,21,34.5877618199741,NA,34.5877618199741,1889.58229144048,NA,1889.58229144048,33.7499580358535,1.78503773134207,31.9649203045114,2200.5806862509,230.014340953435,1970.56634529746,-2.62284151546264,80.9840538569774,80.9840538569774
"Mxg","0N",60,23,34.8800097588862,NA,34.8800097588862,2221.59098588182,NA,2221.59098588182,41.2733948644474,1.57979109541088,39.6936037690365,2381.28107023869,193.567735985039,2187.71333425365,4.81359401015032,-33.8776516281696,-33.8776516281696
"Mxg","0N",67,17,16.0753770140478,NA,16.0753770140478,1735.91808433163,NA,1735.91808433163,18.6494367981968,0.599051890818561,18.0503849073782,2035.13787295896,154.226013246622,1880.91185971234,1.97500789333046,144.993775380714,144.993775380714
"Mxg","0N",67,18,10.6723555489837,NA,10.6723555489837,1029.06375219934,NA,1029.06375219934,10.6543897238618,0.477252943794296,10.1771367800675,1073.31216055658,127.027933623643,946.284226932935,-0.495218768916169,-82.7795252664082,-82.7795252664082
"Mxg","0N",67,21,24.9372849146968,NA,24.9372849146968,2064.14328584336,NA,2064.14328584336,26.1047277181021,1.30512124510434,24.7996064729977,2383.31378027761,239.150189669165,2144.16359060845,-0.137678441699073,80.0203047650839,80.0203047650839
"Mxg","0N",67,23,28.4482300072941,NA,28.4482300072941,2420.72859593287,NA,2420.72859593287,34.2178584926301,1.27661888089636,32.9412396117337,2620.8060796871,202.504068151314,2418.30201153578,4.49300960443957,-2.42658439709248,-2.42658439709248
"Mxg","0N",76,17,17.0855905125966,NA,17.0855905125966,1889.688398945,NA,1889.688398945,18.6427523493453,0.569784827859971,18.0729675214854,2202.92264410307,159.354076697361,2043.56856740571,0.987377008888739,153.880168460712,153.880168460712
"Mxg","0N",76,18,8.99463843192921,NA,8.99463843192921,1110.01549808671,NA,1110.01549808671,8.80624007064254,0.447584742667828,8.35865532797471,1152.56832119236,131.056196307653,1021.51212488471,-0.6359831039545,-88.5033732019987,-88.5033732019987
"Mxg","0N",76,21,29.3138434891139,NA,29.3138434891139,2327.96787724539,NA,2327.96787724539,28.2100490412782,1.21556200296481,26.9944870383134,2637.20422164912,250.090247695848,2387.11397395327,-2.31935645080053,59.1460967078792,59.1460967078792
"Mxg","0N",76,23,30.4089968254455,NA,30.4089968254455,2694.40956736188,NA,2694.40956736188,36.2846316718687,1.25212532479546,35.0325063470732,2947.36776473391,213.773196074473,2733.59456865944,4.62350952162774,39.1850012975569,39.1850012975569
"Mxg","0N",87,17,15.0741053783748,NA,15.0741053783748,2055.50355810712,NA,2055.50355810712,16.1441129688247,0.44817370401376,15.6959392648109,2380.50788676014,164.283987441513,2216.22389931863,0.621833886436054,160.72034121151,160.72034121151
"Mxg","0N",87,18,8.27149988226553,NA,8.27149988226553,1201.00199679163,NA,1201.00199679163,8.31952575569102,0.37578487415373,7.94374088153729,1244.08310450496,135.189829923344,1108.89327458162,-0.327759000728244,-92.1087222100091,-92.1087222100091
"Mxg","0N",87,21,22.5211984941454,NA,22.5211984941454,2575.70106068099,NA,2575.70106068099,21.4264691520389,0.830629771792424,20.5958393802464,2872.89538232154,259.227175185565,2613.66820713598,-1.92535911389896,37.9671464549906,37.9671464549906
"Mxg","0N",87,23,26.0687613552622,NA,26.0687613552622,2981.16594226977,NA,2981.16594226977,29.0892868458305,0.870975114642417,28.2183117311881,3267.34992003805,223.353922335539,3043.99599770251,2.14955037592586,62.8300554327416,62.8300554327416
"Mxg","0N",100,17,15.7542191823909,NA,15.7542191823909,2260.3084074782,NA,2260.3084074782,16.9830325468693,0.459053603862553,16.5239789430068,2601.28730986944,170.251684291726,2431.03562557772,0.769759760615866,170.727218099515,170.727218099515
"Mxg","0N",100,18,8.98169426934464,NA,8.98169426934464,1317.76402229311,NA,1317.76402229311,8.81914972241741,0.402424085508063,8.41672563690934,1358.73205089639,140.421343034949,1218.31070786144,-0.564968632435296,-99.4533144316681,-99.4533144316681
"Mxg","0N",100,21,26.394968862339,NA,26.394968862339,2918.83565589139,NA,2918.83565589139,23.0850054448678,0.853742442678931,22.2312630021888,3173.00045310482,270.325826940391,2902.67462616443,-4.16370586015019,-16.1610297269617,-16.1610297269617
"Mxg","0N",100,23,28.2999397954446,NA,28.2999397954446,3349.06515961055,NA,3349.06515961055,34.6084399451584,1.01830456190484,33.5901353832536,3717.25963932511,236.591881640302,3480.66775768481,5.29019558780894,131.602598074257,131.602598074257
"Mxg","0N",114,17,10.3145948826695,NA,10.3145948826695,2404.71273583558,NA,2404.71273583558,14.3149173441699,0.36083201002084,13.9540853341491,2801.69615268782,175.303332432018,2626.3928202558,3.63949045147959,221.68008442023,221.68008442023
"Mxg","0N",114,18,7.60182616140304,NA,7.60182616140304,1424.18958855275,NA,1424.18958855275,7.43147975794377,0.349320906935194,7.08215885100858,1462.7727675076,145.311835732042,1317.46093177556,-0.51966731039446,-106.728656777191,-106.728656777191
"Mxg","0N",114,21,21.1227856193176,NA,21.1227856193176,3214.55465456184,NA,3214.55465456184,20.7001270322562,0.703801662850027,19.9963253694062,3462.80223155641,280.179050220292,3182.62318133612,-1.12646024991139,-31.9314732257217,-31.9314732257217
"Mxg","0N",114,23,24.6612183013769,NA,24.6612183013769,3694.32221582983,NA,3694.32221582983,25.7130760851407,0.799167847403826,24.9139082377369,4077.24270451708,247.780231503956,3829.46247301312,0.252689936359996,135.140257183297,135.140257183297
"Mxg","0N",132,17,12.650610978347,NA,12.650610978347,2632.42373344582,NA,2632.42373344582,15.0294070736255,0.319832426849476,14.7095746467761,3072.22548001308,181.060316115308,2891.16516389777,2.05896366842908,258.741430451953,258.741430451953
"Mxg","0N",132,18,7.72487133155213,NA,7.72487133155213,1563.23727252069,NA,1563.23727252069,7.61520001409587,0.347623680449692,7.26757633364618,1599.84636776133,151.569061980136,1448.27730578119,-0.457294997905957,-114.959966739498,-114.959966739498
"Mxg","0N",132,21,23.1663301570499,NA,23.1663301570499,3631.54859738874,NA,3631.54859738874,20.1637248429106,0.621162130709712,19.5425627122009,3825.7492787288,291.359968573066,3534.38931015574,-3.62376744484897,-97.1592872330025,-97.1592872330025
"Mxg","0N",132,23,24.8059525517717,NA,24.8059525517717,4140.82936176172,NA,4140.82936176172,26.158951188464,0.794919870248629,25.3640313182154,4548.10382590943,262.088789168431,4286.015036741,0.558078766443646,145.185674979284,145.185674979284
"Mxg","0N",146,17,12.7826474458122,NA,12.7826474458122,2811.38079768719,NA,2811.38079768719,14.6755127292794,0.303255023141125,14.3722577061383,3277.68265822299,185.305886439284,3092.37677178371,1.58961026032605,280.995974096517,280.995974096517
"Mxg","0N",146,18,7.64145192258237,NA,7.64145192258237,1670.21759943684,NA,1670.21759943684,7.75692545044622,0.353794912265437,7.40313053818078,1708.44332406757,156.522190751852,1551.92113331572,-0.238321384401589,-118.29646612112,-118.29646612112
"Mxg","0N",146,21,21.1963223064452,NA,21.1963223064452,3928.29710967897,NA,3928.29710967897,20.5407977647506,0.573774108560927,19.9670236561896,4113.32044743531,299.392806092919,3813.92764134239,-1.22929865025559,-114.369468336581,-114.369468336581
"Mxg","0N",146,23,23.8303897570434,NA,23.8303897570434,4474.45481836032,NA,4474.45481836032,27.8390675338943,0.78775569302494,27.0513118408694,4937.85077138395,273.11736887078,4664.73340251317,3.22092208382594,190.278584152847,190.278584152847
"Mxg","112N",5,14,15.3158948283783,NA,15.3158948283783,76.5794741418916,NA,76.5794741418916,34.3454045141208,9.08516101129446,25.2602435028264,171.727022570604,45.4258050564723,126.301217514132,9.94434867444805,49.7217433722403,49.7217433722403
"Mxg","112N",5,16,8.24500913268625,NA,8.24500913268625,41.2250456634313,NA,41.2250456634313,18.1676450818888,8.13096215460702,10.0366829272818,90.8382254094442,40.6548107730351,50.1834146364091,1.79167379459556,8.95836897297782,8.95836897297782
"Mxg","112N",5,20,15.3506427320109,NA,15.3506427320109,76.7532136600547,NA,76.7532136600547,22.3405631914772,5.67718586823487,16.6633773232424,111.702815957386,28.3859293411743,83.3168866162119,1.31273459123145,6.56367295615725,6.56367295615725
"Mxg","112N",5,24,27.9280158106998,NA,27.9280158106998,139.640079053499,NA,139.640079053499,36.9433872252379,9.93359812711127,27.0097890981267,184.71693612619,49.6679906355564,135.048945490633,-0.918226712573091,-4.59113356286548,-4.59113356286548
"Mxg","112N",10,14,26.0243142251312,NA,26.0243142251312,206.701045267548,NA,206.701045267548,31.1558557642197,4.35086426711932,26.8049914971004,327.506301391703,67.1801263920689,260.326174999634,0.780677271969143,53.625129732086,53.625129732086
"Mxg","112N",10,16,9.14789099672013,NA,9.14789099672013,86.9645006470319,NA,86.9645006470319,17.0388003777979,3.4476446187144,13.5911557590835,176.032227298433,57.8930338666071,118.139193431826,4.44326476236333,31.1746927847945,31.1746927847945
"Mxg","112N",10,20,16.5366240799133,NA,16.5366240799133,159.436334059621,NA,159.436334059621,20.0130399786198,2.80338590808007,17.2096540705397,211.768015850485,42.4028588815747,169.36515696891,0.673029990626354,9.92882290928901,9.92882290928901
"Mxg","112N",10,24,28.9026903390228,NA,28.9026903390228,284.153530748613,NA,284.153530748613,34.1688842706616,4.82152795906187,29.3473563115997,355.561357479498,73.7756304308657,281.785727048632,0.444665972576921,-2.36780369998087,-2.36780369998087
"Mxg","112N",16,14,22.1038540659497,NA,22.1038540659497,339.324169663246,NA,339.324169663246,26.1626084973915,2.77036011998793,23.3922483774036,484.481952376052,83.8022871119965,400.679665264055,1.28839431145389,61.3554956008094,61.3554956008094
"Mxg","112N",16,16,7.92267728172193,NA,7.92267728172193,134.500564337363,NA,134.500564337363,14.533476877549,1.90619673588491,12.627280141664,263.233088563727,69.3302142819166,193.902874281811,4.7046028599421,59.4023099444471,59.4023099444471
"Mxg","112N",16,20,15.7648382060342,NA,15.7648382060342,254.025363295827,NA,254.025363295827,20.5246377002379,2.35648556274013,18.1681521374978,334.915842051912,56.5417722580154,278.374069793897,2.40331393146357,24.3487064980704,24.3487064980704
"Mxg","112N",16,24,27.5959309444326,NA,27.5959309444326,449.729116415209,NA,449.729116415209,30.2744369265478,3.2912402189652,26.9831967075826,537.207979038785,93.5230717446569,443.684907294128,-0.612734236849999,-6.04420912108083,-6.04420912108083
"Mxg","112N",24,14,30.5434007050187,NA,30.5434007050187,583.671375303395,NA,583.671375303395,35.0131654280785,3.24046834844287,31.7726970796356,764.58727580068,109.726033899539,654.86124190114,1.22929637461697,71.1898665977451,71.1898665977451
"Mxg","112N",24,16,8.0745958687242,NA,8.0745958687242,199.097331287157,NA,199.097331287157,14.7289212457495,1.46073131743658,13.268189928313,381.064458529723,81.0160648214092,300.048393708314,5.19359405958877,100.951062421157,100.951062421157
"Mxg","112N",24,20,17.6695358677793,NA,17.6695358677793,395.381650238061,NA,395.381650238061,22.8647364043555,2.2621123639623,20.6026240403932,517.833733286756,74.6386711697139,443.195062117042,2.93308817261391,47.8134118789818,47.8134118789818
"Mxg","112N",24,24,38.4432919127897,NA,38.4432919127897,757.275451717526,NA,757.275451717526,45.1417905834904,3.9825462597966,41.1592443236938,898.342303706708,125.38344182303,772.958861883678,2.71595241090404,15.6834101661515,15.6834101661515
"Mxg","112N",31,14,31.8957072881044,NA,31.8957072881044,806.941326320126,NA,806.941326320126,32.0566533299258,2.38984630345437,29.6668070264714,988.98384911016,126.45495802372,862.52889108644,-2.22890026163294,55.5875647663146,55.5875647663146
"Mxg","112N",31,16,8.10155010904498,NA,8.10155010904498,255.808182050472,NA,255.808182050472,15.0977051512744,1.05615771485304,14.0415474364214,486.748394588644,88.4091688253805,398.339225763264,5.93999732737639,142.531043712792,142.531043712792
"Mxg","112N",31,20,18.8878498220611,NA,18.8878498220611,527.596598992488,NA,527.596598992488,22.4055141412172,1.89554281147824,20.5099713297389,674.672332275276,87.9074708500616,586.764861425215,1.62212150767783,59.1682624327264,59.1682624327264
"Mxg","112N",31,24,37.9400371067284,NA,37.9400371067284,1022.85571146463,NA,1022.85571146463,46.5735561629278,2.85488958703202,43.7186665758958,1224.3571968472,145.367668932254,1078.98952791495,5.77862946916736,56.1338164503231,56.1338164503231
"Mxg","112N",38,14,22.6592741795303,NA,22.6592741795303,965.556245576838,NA,965.556245576838,26.1515352703397,1.6232778920924,24.5282573782473,1172.04459600254,137.817903268367,1034.22669273417,1.86898319871701,68.6704471573337,68.6704471573337
"Mxg","112N",38,16,6.63219971984209,NA,6.63219971984209,302.233580089367,NA,302.233580089367,12.1072733706931,0.743749997810116,11.363523372883,571.499308183496,93.6154188100513,477.883889373445,4.73132365304087,175.650309284078,175.650309284078
"Mxg","112N",38,20,17.1851274868855,NA,17.1851274868855,647.892491400687,NA,647.892491400687,18.7816100236002,1.40945779723823,17.372152226362,806.143602440478,97.7736754307292,708.369927009749,0.187024739476524,60.477435609062,60.477435609062
"Mxg","112N",38,24,28.7443724806879,NA,28.7443724806879,1224.06631882944,NA,1224.06631882944,35.5991439201274,2.41811225090619,33.1810316692212,1473.55120428809,162.294454688597,1311.2567495995,4.43665918853335,87.1904307700565,87.1904307700565
"Mxg","112N",47,14,29.6642711380521,NA,29.6642711380521,1232.53468581931,NA,1232.53468581931,27.836417501279,1.57439855053141,26.2620189507475,1422.57235351405,151.98749022315,1270.5848632909,-3.40225218730458,38.0501774715924,38.0501774715924
"Mxg","112N",47,16,6.45246123970261,NA,6.45246123970261,360.30573124669,NA,360.30573124669,10.7719518427217,0.608141322829842,10.1638105198919,668.446874767991,99.0886907155198,569.358184052471,3.71134928018926,209.052452805781,209.052452805781
"Mxg","112N",47,20,17.9637491210609,NA,17.9637491210609,809.566233490235,NA,809.566233490235,17.5151521591472,1.15820685338215,16.3569453057651,963.779971872803,108.197537111169,855.582434761635,-1.60680381529584,46.0162012713996,46.0162012713996
"Mxg","112N",47,24,30.0998279918403,NA,30.0998279918403,1494.964770756,NA,1494.964770756,37.0789070703341,2.14249736441981,34.9364097059143,1807.2613679211,181.576930968375,1625.68443695273,4.83658171407405,130.719666196723,130.719666196723
"Mxg","112N",54,14,37.1770260622815,NA,37.1770260622815,1492.77386825528,NA,1492.77386825528,32.5983281870644,1.7334616458796,30.8648665411848,1650.7606508235,164.121721744307,1486.63892907919,-6.31215952109667,-6.13493917608434,-6.13493917608434
"Mxg","112N",54,16,6.32363399021022,NA,6.32363399021022,404.571169178162,NA,404.571169178162,11.3428810427042,0.560370643292325,10.7825103994119,747.847042066921,103.011285218566,644.835756848354,4.45887640920164,240.264587670193,240.264587670193
"Mxg","112N",54,20,16.3553181697441,NA,16.3553181697441,924.053460678444,NA,924.053460678444,16.805412847641,0.930790805609033,15.874622042032,1081.41786180629,114.713072750432,966.704789055858,-0.480696127712145,42.6513283774146,42.6513283774146
"Mxg","112N",54,24,35.3888153445672,NA,35.3888153445672,1742.68647816797,NA,1742.68647816797,41.2733668455058,1.80871312019567,39.4646537253101,2096.17493583964,194.237922809745,1901.9370130299,4.07583838074296,159.250534861924,159.250534861924
"Mxg","112N",60,14,29.4674740015498,NA,29.4674740015498,1669.57871226458,NA,1669.57871226458,30.9005034872276,1.39870842713487,29.5017950600927,1836.16367174687,172.513972307116,1663.64969943975,0.0343210585429432,-5.92901282482649,-5.92901282482649
"Mxg","112N",60,16,7.00691379562645,NA,7.00691379562645,446.61265195192,NA,446.61265195192,9.20541498599946,0.452296258919186,8.75311872708028,803.079531982917,105.725062772081,697.354469210836,1.74620493145383,250.741817258916,250.741817258916
"Mxg","112N",60,20,14.5041090797501,NA,14.5041090797501,1011.07811515694,NA,1011.07811515694,14.818731952869,0.69951866073349,14.1192132921355,1170.3302535235,118.910184714833,1051.42006880867,-0.384895787614626,40.3419536517268,40.3419536517268
"Mxg","112N",60,24,32.3936683271417,NA,32.3936683271417,1937.04848813082,NA,1937.04848813082,32.8925231173843,1.19530222933225,31.6972208880521,2293.53007454395,201.409736185739,2092.12033835821,-0.69644743908967,155.071850227386,155.071850227386
"Mxg","112N",67,14,23.4366671733723,NA,23.4366671733723,1833.63538247818,NA,1833.63538247818,28.2331161433548,1.16861150665694,27.0645046366979,2033.79548475035,180.694252853715,1853.10123189663,3.6278374633256,19.4658494184525,19.4658494184525
"Mxg","112N",67,16,7.62076583528582,NA,7.62076583528582,499.958012798921,NA,499.958012798921,8.82928950679117,0.370216885232722,8.45907262155845,864.884558530456,108.31658096871,756.567977561745,0.838306786272629,256.609964762824,256.609964762824
"Mxg","112N",67,20,12.9543067345636,NA,12.9543067345636,1101.75826229889,NA,1101.75826229889,12.7617996616521,0.535813358931373,12.2259863027207,1259.66285115507,122.660878227352,1137.00197292772,-0.728320431842933,35.2437106288264,35.2437106288264
"Mxg","112N",67,24,27.2151574700216,NA,27.2151574700216,2127.55459042097,NA,2127.55459042097,25.7528506883679,0.89722039756523,24.8556302908027,2473.80002936252,207.690278968695,2266.10975039383,-2.35952717921898,138.555159972853,138.555159972853
"Mxg","112N",76,14,24.96757957996,NA,24.96757957996,2058.34359869782,NA,2058.34359869782,27.1581356621919,1.12546870303069,26.0326669591612,2278.21870571008,190.823471180991,2087.39523452909,1.06508737920115,29.051635831263,29.051635831263
"Mxg","112N",76,16,7.64125657111344,NA,7.64125657111344,568.729321938942,NA,568.729321938942,8.28545180507726,0.36715044633466,7.9183013587426,939.453624776151,111.620934985722,827.832689790429,0.277044787629158,259.103367851487,259.103367851487
"Mxg","112N",76,20,12.0250719320141,NA,12.0250719320141,1209.98390968702,NA,1209.98390968702,11.9566105681737,0.47512035984085,11.4814902083329,1367.27234626863,126.93696146592,1240.33538480271,-0.543581723681219,30.3514751156954,30.3514751156954
"Mxg","112N",76,24,26.5996689928762,NA,26.5996689928762,2366.95161135686,NA,2366.95161135686,26.8255663200561,0.864004464648445,25.9615618554076,2715.23012624303,215.466319150531,2499.7638070925,-0.638107137468545,132.812195735636,132.812195735636
"Mxg","112N",87,14,22.4767126623971,NA,22.4767126623971,2305.58743798419,NA,2305.58743798419,23.473803591514,0.787215174965833,22.6865884165482,2536.43054521673,199.482838105615,2336.94770711112,0.209875754151113,31.3602691269252,31.3602691269252
"Mxg","112N",87,16,7.65060976058027,NA,7.65060976058027,652.886029305325,NA,652.886029305325,8.39684403867658,0.333460886187466,8.06338315248911,1031.81890920159,115.289004733784,916.529904467809,0.412773391908842,263.643875162484,263.643875162484
"Mxg","112N",87,20,10.6459440121447,NA,10.6459440121447,1327.08929382061,NA,1327.08929382061,10.0774406843505,0.355170486388961,9.72227019796158,1478.12419379649,130.843836816199,1347.28035698029,-0.923673814183118,20.1910631596811,20.1910631596811
"Mxg","112N",87,24,22.2582061335109,NA,22.2582061335109,2611.79187882548,NA,2611.79187882548,21.7180553153788,0.608917623885926,21.1091376914929,2954.1287347122,222.164413013277,2731.96432169892,-1.14906844201801,120.172442873438,120.172442873438
"Mxg","112N",100,14,23.3704163876036,NA,23.3704163876036,2609.40285102304,NA,2609.40285102304,26.2002615715789,0.883878028620486,25.3163835429584,2877.03394564726,210.973252477681,2666.06069316957,1.94596715535486,56.6578421465379,56.6578421465379
"Mxg","112N",100,16,12.8689495436222,NA,12.8689495436222,820.182373372413,NA,820.182373372413,9.21169076571825,0.33638311050002,8.87530765521823,1151.57088915593,119.661985170285,1031.90890398565,-3.99364188840394,211.726530613233,211.726530613233
"Mxg","112N",100,20,10.9976007192218,NA,10.9976007192218,1470.05810317049,NA,1470.05810317049,10.52647400563,0.347039090731678,10.1794349148983,1614.96835586968,135.35534499571,1479.61301087397,-0.818165804323431,9.5549077034766,9.5549077034766
"Mxg","112N",100,24,23.8019566838749,NA,23.8019566838749,2921.21731571585,NA,2921.21731571585,23.5637623626103,0.72255111374665,22.8412112488637,3260.45764542613,231.557577491983,3028.90006793415,-0.960745435011255,107.682752218292,107.682752218292
"Mxg","112N",114,14,20.012734007234,NA,20.012734007234,2889.58112712431,NA,2889.58112712431,20.8146621150643,0.591662808830794,20.2229993062335,3168.43921525816,219.256531801312,2949.18268345684,0.210265298999481,59.6015563325309,59.6015563325309
"Mxg","112N",114,16,11.4258044506337,NA,11.4258044506337,980.143635681284,NA,980.143635681284,2.50484512413474,0.0951741101275809,2.40967101400716,1186.63872089382,120.994422712071,1065.64429818175,-9.0161334366265,85.5006625004619,85.5006625004619
"Mxg","112N",114,20,9.37313922726371,NA,9.37313922726371,1601.28205235218,NA,1601.28205235218,8.38663934353194,0.263089733304326,8.12354961022761,1732.38130667913,139.038601261971,1593.34270541715,-1.2495896170361,-7.93934693502911,-7.93934693502911
"Mxg","112N",114,24,19.8175600057178,NA,19.8175600057178,3198.6631557959,NA,3198.6631557959,18.5817932995821,0.550817362033115,18.030975937549,3520.60275162028,239.269020560447,3281.33373105983,-1.78658406816884,82.6705752639277,82.6705752639277
"Mxg","112N",132,14,20.4953912113245,NA,20.4953912113245,3258.49816892815,NA,3258.49816892815,20.0327339185282,0.54562193976519,19.487111978763,3529.02842579167,229.077726717086,3299.95069907458,-1.00827923256149,41.4525301464246,41.4525301464246
"Mxg","112N",132,16,9.18685135982273,NA,9.18685135982273,1145.50696015809,NA,1145.50696015809,9.68513713432628,0.331866071802536,9.35327106252374,1360.97118931169,126.968012004516,1234.00317730717,0.166419702701013,88.4962171490799,88.4962171490799
"Mxg","112N",132,20,9.46904258322471,NA,9.46904258322471,1771.72481885023,NA,1771.72481885023,8.68372091445587,0.243839385227814,8.43988152922806,1888.68828313933,143.427710196072,1745.26057294326,-1.02916105399666,-26.4642459069687,-26.4642459069687
"Mxg","112N",132,24,20.5277336226937,NA,20.5277336226937,3568.16236100439,NA,3568.16236100439,21.0929071723254,0.552837190868475,20.540069981457,3900.27508072214,249.220089996079,3651.05499072606,0.0123363587632284,82.8926297216663,82.8926297216663
"Mxg","112N",146,14,20.1696505150914,NA,20.1696505150914,3540.87327613943,NA,3540.87327613943,17.1620320920473,0.415871860093651,16.7461602319536,3769.29687508033,234.899932758397,3534.39694232193,-3.4234902831378,-6.47633381750529,-6.47633381750529
"Mxg","112N",146,16,8.55777814194344,NA,8.55777814194344,1265.3158541453,NA,1265.3158541453,11.7546260297295,0.370314950162277,11.3843110795672,1525.5359537279,132.152421306788,1393.38353242111,2.82653293762381,128.067678275813,128.067678275813
"Mxg","112N",146,20,8.94744762833649,NA,8.94744762833649,1896.98908564694,NA,1896.98908564694,8.34840331026544,0.227168544836359,8.12123476542908,2005.56592948305,146.608069823781,1858.95785965927,-0.826212862907409,-38.0312259876725,-38.0312259876725
"Mxg","112N",146,24,19.271852817219,NA,19.271852817219,3837.96830044546,NA,3837.96830044546,20.2832835470648,0.46156162515413,19.8217219219107,4184.24105038104,255.681952748237,3928.55909763281,0.549869104691684,90.5907971873498,90.5907971873498
"Mxg","336N",5,13,31.9483836601262,NA,31.9483836601262,159.741918300631,NA,159.741918300631,39.6638838303062,9.52362721312019,30.140256617186,198.319419151531,47.618136065601,150.70128308593,-1.80812704294022,-9.04063521470113,-9.04063521470113
"Mxg","336N",5,15,10.0432312169891,NA,10.0432312169891,50.2161560849456,NA,50.2161560849456,19.504105370452,7.38187993665527,12.1222254337968,97.5205268522602,36.9093996832763,60.6111271689838,2.07899421680764,10.3949710840382,10.3949710840382
"Mxg","336N",5,19,27.4710921452418,NA,27.4710921452418,137.355460726209,NA,137.355460726209,37.048844255868,10.1335041033512,26.9153401525168,185.24422127934,50.6675205167559,134.576700762584,-0.555751992724971,-2.77875996362485,-2.77875996362485
"Mxg","336N",5,22,14.0973400407715,NA,14.0973400407715,70.4867002038577,NA,70.4867002038577,23.3947769298911,7.11521340780341,16.2795635220877,116.973884649456,35.576067039017,81.3978176104386,2.18222348131616,10.9111174065808,10.9111174065808
"Mxg","336N",10,13,32.5464305191029,NA,32.5464305191029,322.474070896146,NA,322.474070896146,34.4989749698303,4.5913433533759,29.9076316164544,370.814294000683,70.5748528324805,300.239441168202,-2.63879890264847,-22.2346297279435,-22.2346297279435
"Mxg","336N",10,15,10.6901477511578,NA,10.6901477511578,103.666894840734,NA,103.666894840734,16.1613150648946,3.20486094353839,12.9564541213562,178.327102176733,52.9337044009683,125.393397775765,2.26630637019842,21.7265029350303,21.7265029350303
"Mxg","336N",10,19,28.2679175261511,NA,28.2679175261511,278.695048356964,NA,278.695048356964,33.0883994747691,4.98741444296885,28.1009850318002,350.686218653186,75.6045927316002,275.081625921585,-0.166932494350853,-3.61342243537911,-3.61342243537911
"Mxg","336N",10,22,14.4543775938963,NA,14.4543775938963,142.758588173339,NA,142.758588173339,20.4981161227934,3.12678528282274,17.3713308399707,219.464465263423,51.2099934531307,168.254471810292,2.91695324607438,25.4958836369527,25.4958836369527
"Mxg","336N",16,13,26.5306263056695,NA,26.5306263056695,481.657828730163,NA,481.657828730163,25.719601218294,2.32756388170048,23.3920373365935,525.131901310446,84.5402361226833,440.591665187763,-3.13858896907604,-41.0661635423997,-41.0661635423997
"Mxg","336N",16,15,9.75760468655596,NA,9.75760468655596,162.21252296007,NA,162.21252296007,11.181633074801,1.86118998391607,9.32044309088494,245.416900625539,64.1008443044647,181.316056321074,-0.437161595671018,19.1035333610042,19.1035333610042
"Mxg","336N",16,19,27.5168583947762,NA,27.5168583947762,443.796198725621,NA,443.796198725621,30.0573360347598,3.34445181663447,26.7128842181254,531.030234861745,95.671303631407,435.358931230338,-0.803974176650783,-8.43726749528389,-8.43726749528389
"Mxg","336N",16,22,12.9446869556865,NA,12.9446869556865,220.426709907458,NA,220.426709907458,17.1699945086931,1.95205165915281,15.2179428495403,322.484432315581,62.9223034080476,259.562128907534,2.27325589385378,39.1354190000754,39.1354190000754
"Mxg","336N",24,13,37.9879298631954,NA,37.9879298631954,785.561267635726,NA,785.561267635726,33.0239957762763,2.60287493529396,30.4211208409823,789.323867520657,105.363235605035,683.960631915622,-7.56680902221313,-101.600635720105,-101.600635720105
"Mxg","336N",24,15,9.54479413703809,NA,9.54479413703809,238.570876056375,NA,238.570876056375,9.95973238098467,1.38710913098486,8.57262324999981,325.094759673417,75.1977173523436,249.897042321073,-0.972170887038272,11.3261662646981,11.3261662646981
"Mxg","336N",24,19,37.1496709326796,NA,37.1496709326796,740.993566187058,NA,740.993566187058,40.3022830717085,3.6690111315269,36.6332719401816,853.448499435413,125.023392683622,728.425106751791,-0.516398992497962,-12.5684594352675,-12.5684594352675
"Mxg","336N",24,22,13.7937605895727,NA,13.7937605895727,330.77679462404,NA,330.77679462404,16.1262229345243,1.52850562865861,14.5977173058657,451.494215791775,75.1503484373165,376.343867354459,0.803956716293019,45.5670727304195,45.5670727304195
"Mxg","336N",31,13,39.770867418981,NA,39.770867418981,1063.95733956859,NA,1063.95733956859,20.9896316208701,1.43084461370313,19.558787007167,936.251288866748,115.379147900957,820.872140965791,-20.212080411814,-243.085198602803,-243.085198602803
"Mxg","336N",31,15,7.98225949713932,NA,7.98225949713932,294.44669253635,NA,294.44669253635,9.22321178681016,0.987611488240821,8.23560029856934,389.657242181088,82.1109977700293,307.546244411058,0.253340801430022,13.0995518747082,13.0995518747082
"Mxg","336N",31,19,37.7124752465694,NA,37.7124752465694,1004.98089291304,NA,1004.98089291304,41.5408144763022,3.07181031993518,38.4690041563671,1144.23420076953,146.526064923168,997.70813584636,0.756528909797659,-7.27275706668388,-7.27275706668388
"Mxg","336N",31,22,13.1484789567906,NA,13.1484789567906,422.816147321574,NA,422.816147321574,15.3868226714541,1.2647714239053,14.1220512475488,559.201974491954,84.0037484046536,475.1982260873,0.973572290758121,52.3820787657264,52.3820787657264
"Mxg","336N",38,13,32.6319356678704,NA,32.6319356678704,1292.38088924369,NA,1292.38088924369,22.8606564743514,1.42034708564167,21.4403093887097,1096.27588418721,125.321577500449,970.954306686759,-11.1916262791607,-321.426582556928,-321.426582556928
"Mxg","336N",38,15,6.28571562394608,NA,6.28571562394608,338.446701903973,NA,338.446701903973,8.60449315856888,0.712445617433973,7.89204754113491,449.88869429107,87.0981170920671,362.790577199003,1.60633191718882,24.34387529503,24.34387529503
"Mxg","336N",38,19,26.8990103947386,NA,26.8990103947386,1193.27396567621,NA,1193.27396567621,28.7023425153501,1.92379211691129,26.7785503984388,1345.15059837698,159.992609741548,1185.15798863543,-0.120459996299786,-8.11597704078235,-8.11597704078235
"Mxg","336N",38,22,11.9185321835883,NA,11.9185321835883,506.245872606692,NA,506.245872606692,13.500077819741,0.955724362868523,12.5443534568725,653.702519230141,90.6938189447332,563.008700285408,0.625821273284187,56.7628276787156,56.7628276787156
"Mxg","336N",47,13,39.1471065333551,NA,39.1471065333551,1644.70484804388,NA,1644.70484804388,39.5710620866474,2.539894582587,37.0311675040604,1452.41544296703,148.180628743732,1304.2348142233,-2.11593902929474,-340.47003382058,-340.47003382058
"Mxg","336N",47,15,6.54876466665383,NA,6.54876466665383,397.385583903857,NA,397.385583903857,9.04783717309677,0.665234484332032,8.38260268876474,531.319228848941,93.0852274510554,438.234001397885,1.8338380221109,40.8484174940281,40.8484174940281
"Mxg","336N",47,19,30.7017509857304,NA,30.7017509857304,1469.58972454779,NA,1469.58972454779,33.025522860492,1.79904959874305,31.2264732617489,1642.38030412141,176.184056130235,1466.19624799117,0.524722276018466,-3.39347655661618,-3.39347655661618
"Mxg","336N",47,22,10.2319928571155,NA,10.2319928571155,598.333808320732,NA,598.333808320732,13.0710366279699,0.849271541071665,12.2217650868982,771.34184888187,98.3372628143782,673.004586067492,1.98977222978272,74.6707777467601,74.6707777467601
"Mxg","336N",54,13,50.180893188533,NA,50.180893188533,1995.97110036361,NA,1995.97110036361,46.6540368745018,2.51363574697129,44.1404011275305,1778.99370108855,165.776078972531,1613.21762211602,-6.04049206100243,-382.753478247598,-382.753478247598
"Mxg","336N",54,15,6.89200100063891,NA,6.89200100063891,445.62959090833,NA,445.62959090833,9.36912671265106,0.642348763137991,8.72677794951307,596.903115837498,97.5816687930214,499.321447044477,1.83477694887416,53.6918561361471,53.6918561361471
"Mxg","336N",54,19,37.0114752131778,NA,37.0114752131778,1728.67005104003,NA,1728.67005104003,39.8802862417211,1.93217402773893,37.9481122139822,1921.54230781345,189.709274324407,1731.83303348905,0.936637000804446,3.16298244901486,3.16298244901486
"Mxg","336N",54,22,10.5402198708662,NA,10.5402198708662,672.115347416795,NA,672.115347416795,13.4773627315992,0.814594039230532,12.6627686923686,865.683388003064,104.039421088992,761.643966914072,2.12254882150241,89.528619497277,89.528619497277
"Mxg","336N",60,13,35.5928091108436,NA,35.5928091108436,2209.52795502868,NA,2209.52795502868,32.4315107337448,1.50035345876501,30.9311572749798,1973.58276549102,174.778199725121,1798.80456576589,-4.66165183586385,-410.72338926278,-410.72338926278
"Mxg","336N",60,15,6.77330478685295,NA,6.77330478685295,486.269419629447,NA,486.269419629447,8.70371812569095,0.523731832187014,8.17998629350393,649.125424591644,100.724059786143,548.4013648055,1.40668150665098,62.1319451760531,62.1319451760531
"Mxg","336N",60,19,30.5869696353837,NA,30.5869696353837,1912.19186885233,NA,1912.19186885233,32.0338622491387,1.40431623949322,30.6295460096455,2113.74548130829,198.135171761367,1915.61030954692,0.0425763742618521,3.41844069458602,3.41844069458602
"Mxg","336N",60,22,9.31790046876877,NA,9.31790046876877,728.022750229408,NA,728.022750229408,12.6861083440038,0.732348690964737,11.9537596530391,941.800038067087,108.43351323478,833.366524832307,2.63585918427031,105.343774602899,105.343774602899
"Mxg","336N",67,13,31.8298124325331,NA,31.8298124325331,2432.33664205641,NA,2432.33664205641,12.7577839165057,0.462741562141994,12.2950423543637,2062.88725290656,178.017390660115,1884.86986224644,-19.5347700781694,-547.466779809966,-547.466779809966
"Mxg","336N",67,15,6.86669506499277,NA,6.86669506499277,534.336285084397,NA,534.336285084397,7.70571537455799,0.409747140018478,7.29596823453952,703.06543221355,103.592289766273,599.473142447277,0.429273169546746,65.1368573628803,65.1368573628803
"Mxg","336N",67,19,24.9639267571667,NA,24.9639267571667,2086.9393561525,NA,2086.9393561525,27.7987819879145,1.06889565063978,26.7298863372747,2308.33695522369,205.617441315845,2102.71951390784,1.765959580108,15.7801577553419,15.7801577553419
"Mxg","336N",67,22,7.81649629166579,NA,7.81649629166579,782.738224271069,NA,782.738224271069,10.9687860337932,0.675947222726994,10.2928388110662,1018.58154030364,113.165143793869,905.41639650977,2.47634251940039,122.678172238702,122.678172238702
"Mxg","336N",76,13,30.3684700206201,NA,30.3684700206201,2705.65287224199,NA,2705.65287224199,14.8444803828809,0.463099009620357,14.3813813732606,2196.48757635248,182.185281746698,2014.30229460579,-15.9870886473595,-691.350577636201,-691.350577636201
"Mxg","336N",76,15,7.36709234578861,NA,7.36709234578861,600.640116196494,NA,600.640116196494,7.63469195633523,0.388676624220333,7.2460153321149,771.777659820567,107.090379384256,664.687280436311,-0.121077013673716,64.0471642398169,64.0471642398169
"Mxg","336N",76,19,25.7165179507181,NA,25.7165179507181,2318.38801770896,NA,2318.38801770896,29.0106636321341,1.04767787148736,27.9629857606467,2569.43292791289,215.046542159231,2354.38638575366,2.24646780992864,35.9983680446994,35.9983680446994
"Mxg","336N",76,22,8.32795091117016,NA,8.32795091117016,857.6897824716,NA,857.6897824716,11.5882545569651,0.671317827599306,10.9169367293657,1122.87583131633,119.207004242263,1003.66882707406,2.58898581819559,145.979044602462,145.979044602462
"Mxg","336N",87,13,25.3653606480995,NA,25.3653606480995,2984.67183937108,NA,2984.67183937108,18.811812669279,0.498259153665799,18.3135535156132,2403.41751571455,187.666132437022,2215.75138327753,-7.05180713248631,-768.92045609355,-768.92045609355
"Mxg","336N",87,15,5.87772334677134,NA,5.87772334677134,665.295073010979,NA,665.295073010979,7.44470726252694,0.307855207416715,7.13685205511022,853.669439708363,110.47678666584,743.192653042523,1.25912870833888,77.8975800315445,77.8975800315445
"Mxg","336N",87,19,21.5819331678531,NA,21.5819331678531,2555.78928255535,NA,2555.78928255535,22.2867924002169,0.684615695009654,21.6021767052072,2814.58764431528,222.577314804338,2592.01032951094,0.0202435373541121,36.2210469555948,36.2210469555948
"Mxg","336N",87,22,8.60328443339961,NA,8.60328443339961,952.325911238996,NA,952.325911238996,10.8335684347966,0.524500686483977,10.3090677483126,1242.04508409909,124.976511793587,1117.0685723055,1.70578331491303,164.742661066505,164.742661066505
"Mxg","336N",100,13,29.7661241869391,NA,29.7661241869391,3371.63145380129,NA,3371.63145380129,14.1696565484365,0.35820866366588,13.8114478847707,2587.62305084423,192.322845064678,2395.30020577955,-15.9546763021684,-976.33124802174,-976.33124802174
"Mxg","336N",100,15,6.13455318149125,NA,6.13455318149125,745.044264370365,NA,745.044264370365,7.96925983184652,0.310437430485417,7.6588224013611,957.269817522368,114.51247326215,842.757344260218,1.52426921986984,97.7130798898525,97.7130798898525
"Mxg","336N",100,19,22.9545909723528,NA,22.9545909723528,2854.19896519593,NA,2854.19896519593,25.6309381302107,0.754214549726309,24.8767235804844,3147.78984000802,232.38210395078,2915.40773605724,1.9221326081316,61.2087708613058,61.2087708613058
"Mxg","336N",100,22,8.59604845388899,NA,8.59604845388899,1064.07454113955,NA,1064.07454113955,10.8945826230646,0.452527183192473,10.4420554398721,1383.67465819893,130.859365175089,1252.81529302384,1.84600698598313,188.740751884286,188.740751884286
"Mxg","336N",114,13,24.7147315979057,NA,24.7147315979057,3717.63769617197,NA,3717.63769617197,11.3284833571911,0.230198882054399,11.0982844751367,2746.2218178449,195.54562941344,2550.67618843146,-13.6164471227691,-1166.96150774051,-1166.96150774051
"Mxg","336N",114,15,6.13636594412201,NA,6.13636594412201,830.953387588073,NA,830.953387588073,7.52991666246602,0.257966081480963,7.27195058098506,1062.68865079689,118.123998402884,944.564652394009,1.13558463686305,113.611264805935,113.611264805935
"Mxg","336N",114,19,19.5255027731977,NA,19.5255027731977,3127.5560040207,NA,3127.5560040207,19.3751755994086,0.557367075686434,18.8178085237221,3419.04229839974,240.18524301039,3178.85705538935,-0.707694249475534,51.3010513686481,51.3010513686481
"Mxg","336N",114,22,9.01996704420251,NA,9.01996704420251,1190.35407975839,NA,1190.35407975839,9.11173218681786,0.326548485833592,8.78518370098427,1511.23890881438,135.431043976759,1375.80786483762,-0.234783343218236,185.45378507923,185.45378507923
"Mxg","336N",132,13,24.7473188530328,NA,24.7473188530328,4163.08943552656,NA,4163.08943552656,22.0833898781109,0.458875416921668,21.6245144611892,3143.7228356509,203.80538691803,2939.91744873287,-3.12280439184354,-1223.17198679369,-1223.17198679369
"Mxg","336N",132,15,6.02672049765316,NA,6.02672049765316,939.43435654583,NA,939.43435654583,8.0858229160372,0.249614474882135,7.83620844115506,1208.23346328556,122.617058950762,1085.6164043348,1.8094879435019,146.18204778897,146.18204778897
"Mxg","336N",132,19,20.0470285873084,NA,20.0470285873084,3488.40251859225,NA,3488.40251859225,21.7599582624879,0.532890324782866,21.2270679377051,3810.72154712452,249.777268856481,3560.94427826804,1.1800393503967,72.5417596757889,72.5417596757889
"Mxg","336N",132,22,8.77248698896575,NA,8.77248698896575,1348.25884555977,NA,1348.25884555977,10.0180565896474,0.287889902658977,9.73016668698838,1691.56392742803,140.613062224621,1550.95086520341,0.957679698022631,202.692019643638,202.692019643638
"Mxg","336N",146,13,22.963547380611,NA,22.963547380611,4484.57909885511,NA,4484.57909885511,21.7608020338367,0.470766089816007,21.2900359440207,3448.37406412461,210.396112175454,3237.97795194916,-1.67351143659028,-1246.60114690595,-1246.60114690595
"Mxg","336N",146,15,6.48831589554656,NA,6.48831589554656,1030.27077908348,NA,1030.27077908348,8.56676144856671,0.246768850755771,8.31999259781094,1328.1681235655,126.071822861343,1202.09630070415,1.83167670226439,171.825521620671,171.825521620671
"Mxg","336N",146,19,17.292407425429,NA,17.292407425429,3730.49622254826,NA,3730.49622254826,21.2885439805615,0.499671671782262,20.7888723087792,4108.76116285238,256.772672261433,3851.98849059095,3.49646488335017,121.492268042691,121.492268042691
"Mxg","336N",146,22,9.15745685817607,NA,9.15745685817607,1476.46324157424,NA,1476.46324157424,10.6293003118744,0.275623284858048,10.3536770270164,1840.37413179427,144.471788212633,1695.90234358164,1.19622016884029,219.439102007402,219.439102007402
